14.169,-8.3617
6.2154,8.9435
9.0548,3.0167
-14.555,4.93
6.807,2.1137
10.847,-1.8986
-16.872,-0.0076253
-16.974,0.0078789
-16.928,0.010729
-15.104,-7.9447
-4.2407,1.2498
20.516,-3.6541
-5.4743,-1.1459
3.562,9.3235
15.801,-3.0433
-9.9396,9.0181
10.39,0.13012
10.249,1.0694
-17.105,6.6692
15.442,0.071556
10.313,1.1904
17.143,8.3009
10.04,8.7432
15.726,7.5717
18.882,0.023432
17.253,-1.948
17.509,-1.3226
20.392,2.6348
15.321,3.1961
15.206,2.0333
18.871,-2.3703
17.069,-3.6995
-5.2829,20.846
-13.041,-8.2611
-0.3219,-11.343
-17.018,7.0935
-8.4605,-14.975
-11.178,-6.1361
-0.41578,-6.5491
15.429,-7.3436
5.2806,-4.4275
10.34,1.3046
-15.074,-0.23074
19.424,2.9421
16.332,9.788
15.672,7.7181
-5.2628,-10.347
15.477,-0.18357
15.699,7.6041
17.445,0.41007
19.89,1.644
16.494,-1.826
15.417,-2.5715
-13.285,-8.1625
-11.872,8.5449
3.0602,7.3285
19.103,-2.8204
-8.5105,-0.89498
17.225,-1.6566
-6.4938,11.129
20.247,-2.8938
18.439,0.042275
4.2546,-19.619
-9.7696,4.7194
3.7636,11.606
15.529,2.6646
15.792,-1.0047
15.83,-0.27926
0.099069,15.874
12.83,5.3294
-3.5719,-16.431
-14.102,-2.1223
-3.8803,1.3194
-5.277,19.741
-9.1881,4.2606
-11.836,-4.0333
-15.631,-1.5888
-0.051265,14.898
13.803,8.6123
-14.061,2.2393
9.8715,-2.0119
14.214,-6.9549
15.664,10.56
-13.994,2.1787
-9.8042,-12.919
10.774,2.0707
10.915,5.7541
-5.0746,4.6519
10.073,0.74831
10.519,-1.912
-16.948,6.8905
15.225,10.697
18.892,0.086989
17.574,-3.7217
20.604,3.5731
6.0055,9.2217
15.546,-2.2216
6.1312,10.665
-13.168,-2.7138
-15.378,-1.8861
-15.232,-1.95
-15.318,-1.8342
5.8396,0.53103
10.219,-2.0063
15.379,6.9325
-13.583,-1.4576
19.629,1.2824
-0.059328,5.2854
17.164,0.23687
-0.27394,7.6279
15.771,-6.7083
8.8541,2.0113
2.5419,11.353
15.792,-0.90031
15.573,0.50187
14.113,8.2215
-0.15421,8.863
9.7536,0.4359
15.712,7.531
10.09,0.90761
19.853,-3.8545
17.223,-1.8645
15.338,1.1599
-2.5896,-2.2862
-10.357,19.871
-10.358,19.844
2.0165,0.34785
-12.968,-8.1891
-3.408,19.01
-13.633,-4.4709
2.5611,13.347
15.476,-6.7267
6.4139,8.7088
-4.6821,-10.607
-16.955,0.021623
-16.901,-0.0064129
5.2394,5.3941
18.922,0.032085
18.944,0.041452
18.48,0.026007
17.212,-0.904
15.622,2.8284
18.822,0.0043177
-12.2,-0.15122
15.559,2.7116
15.529,2.6645
15.195,2.0453
-11.992,1.6234
-13.581,-7.7026
15.286,2.2069
-6.3355,-15.824
3.3816,16.223
-12.845,-7.6776
2.5622,11.368
2.8742,11.352
6.0072,9.1423
0.54349,11.424
0.27266,10.843
15.442,2.5374
15.682,3.0711
6.3613,9.5806
11.349,9.783
16.818,1.2971
15.547,0.43273
-15.242,10.047
11.51,-3.0735
16.992,0.47891
-4.4343,-19.154
20.594,3.585
-6.5931,20.55
-11.734,18.636
14.33,10.157
5.2761,-4.3677
9.2173,1.6003
-1.404,-0.026553
6.1312,7.962
8.1013,2.2784
-7.5038,3.6129
-6.1853,3.4788
-5.2419,-16.955
-18.31,-2.0882
-14.916,-10.516
0.36773,-17.127
-11.652,4.6238
-17.098,4.4871
-11.302,-4.1076
-11.555,-4.5471
-13.212,-2.6727
-4.7019,3.9679
-11.484,8.4348
6.7527,7.7276
-15.675,-1.6092
-13.517,0.28732
-12.747,8.6584
-15.251,-10.246
-9.9472,6.5551
-14.592,2.0541
-13.973,2.2419
6.5666,9.668
6.4951,8.981
-7.0102,-15.245
9.4252,6.7815
-3.2204,3.8913
-10.191,-15.844
-13.904,0.19065
-13.985,0.8379
-10.114,8.6954
-9.4781,7.5444
-6.3603,5.5692
5.087,4.307
12.674,10.735
14.674,1.3701
10.563,-0.79533
12.843,10.72
15.573,7.2217
-14.83,-0.022181
6.0159,16.439
-10.494,-15.614
9.0436,3.0414
-13.179,-8.0078
11.517,9.4075
19.697,2.7254
-15.144,-10.294
-14.983,0.79039
-14.98,0.85066
-14.55,2.0059
-13.865,-10.861
-14.672,1.7122
-14.961,1.0954
-13.802,2.3186
9.695,7.9022
-9.3088,-15.886
-10.827,-13.593
-17.629,3.91
13.133,6.4532
-15.159,9.7753
16.043,9.9947
11.366,12.888
14.72,7.4937
-4.3682,1.0651
14.436,8.4697
14.132,8.067
10.128,8.8581
10.324,8.1308
14.397,8.6341
14.125,9.3576
-2.6994,0.89286
16.504,-1.0168
-14.02,-0.074868
11.089,-1.6742
5.2518,-4.6509
3.7134,11.996
-9.5837,8.5747
-10.542,8.4345
-8.7116,7.6795
12.8,10.523
13.653,10.763
4.0893,11.869
9.9405,0.61406
17.188,-1.6469
9.1823,7.1254
10.294,1.0554
17.514,0.26927
-5.5584,-0.62429
15.417,10.712
15.701,-2.6567
-10.894,-7.98
-10.792,8.6347
15.632,10.54
-9.6341,6.1139
-10.774,0.93891
-13.88,2.7461
16.274,-1.5203
9.0768,1.8362
10.289,1.1145
15.134,7.5516
13.369,10.716
-5.4573,-1.0166
15.816,0.43368
18.906,0.11014
17.234,-0.90822
18.447,-0.20047
17.174,-0.86897
17.644,0.45882
18.46,0.017173
-11.615,15.698
-11.207,-2.1132
5.1868,11.826
-16.724,0.071766
-16.996,0.25982
0.098703,-4.8854
10.443,9.3048
10.742,1.7129
15.655,10.657
-3.7326,-13.341
15.441,2.5356
-15.232,-10.227
15.385,0.80386
-8.8624,-1.0161
-3.2904,0.79478
-11.372,4.5995
-13.29,2.2173
9.1826,7.1254
-16.514,6.3602
14.696,7.9206
8.3638,0.25108
-5.5175,-0.63653
11.375,12.942
-7.9527,11.861
17.195,-1.3564
18.888,0.085401
17.553,0.26731
-6.6309,11.204
18.896,0.0053469
-0.057739,5.3137
-0.057363,5.3246
5.5662,4.9181
15.408,2.4497
15.463,2.5838
3.908,2.0934
-11.992,1.6234
15.593,1.0942
5.173,15.937
5.173,15.937
16.913,1.4645
-8.7889,-0.79293
16.644,2.6888
15.579,0.35591
20.208,-2.9172
18.894,0.0041275
-18.341,-3.171
15.409,0.62013
-2.4741,17.934
12.176,10.542
2.0728,11.686
-12.796,8.6724
-13.937,9.1867
14.06,8.355
-13.974,2.2411
-14.05,2.2398
-10.347,-15.267
10.739,6.3498
7.6105,13.12
10.934,-2.0961
-5.7751,-1.9994
2.7699,11.37
15.432,0.19399
11.079,8.2699
-7.5597,-2.8114
-7.8016,11.837
-7.8719,11.843
5.2541,-4.5423
-0.87454,13.476
10.654,-1.8429
-0.3265,11.337
17.739,-3.6351
-5.232,10.511
-0.056636,5.3143
-13.021,-7.3861
15.459,-0.19026
-2.9345,18.384
-14.797,9.4743
-16.514,0.47074
9.3201,-7.0437
-15.087,-10.417
-4.7609,-15.192
-5.4534,5.3087
-14.975,1.465
-10.691,-13.582
9.5421,8.2534
15.457,10.342
18.892,0.0037099
5.192,15.854
-2.8015,17.708
-6.6697,19.785
-2.5955,-1.636
8.4245,3.1224
-3.2483,-17.675
-14.876,-0.09381
10.863,-2.0717
16.331,8.1868
-7.472,-9.1863
16.999,0.83725
10.863,13.295
-17.112,6.6686
0.47418,-17.32
17.086,8.481
4.4479,12.487
19.174,-4.6167
12.856,10.283
15.776,-3.1744
11.386,13
-9.7194,-9.257
20.224,2.4129
-10.348,19.26
-17.004,0.040448
-16.948,0.010627
-15.942,-1.265
13.056,10.621
13.901,10.718
19.932,1.746
-10.019,-8.7759
-3.7352,20.408
-11.781,15.848
-17.113,0.28397
0.52289,-17.449
4.1836,11.643
15.547,-7.4221
3.025,7.4434
-17.63,3.8111
18.817,0.004016
-3.9716,15.643
8.3021,0.069348
-1.3866,-0.12089
5.3884,-4.7394
10.708,5.5146
-10.999,7.9288
-11.36,-7.0045
16.697,2.7535
-15.292,-2.0258
4.0288,-7.815
8.8306,6.5225
11.164,3.1519
7.7673,2.7941
-10.851,8.7
17.702,-0.43104
-8.2703,19.371
-8.2703,19.371
-1.484,-12.944
9.8699,9.7246
-6.8122,-1.1945
5.2217,-4.8241
10.129,-1.6411
18.854,0.029119
-6.5955,16.889
-0.059701,5.3565
2.8699,13.032
-6.0037,21.081
-2.8279,17.495
-8.1399,19.334
11.365,12.85
-11.949,4.8386
5.0978,5.326
-14.161,-9.7271
-5.9229,21.021
-16.942,0.011043
-12.763,4.6311
-9.9504,6.5059
-11.415,-9.5638
-10.747,-13.5
-9.3444,-18.807
9.9821,-0.16739
18.639,-3.3459
3.607,6.676
8.2925,12.954
11.343,12.773
11.501,11.794
19.605,-2.7035
17.723,-4.1661
11.376,12.739
-7.333,17.958
-4.4726,20.061
-0.026803,5.2087
17.261,0.52835
-12.031,1.6247
-0.051948,5.2747
-0.050198,5.2686
-15.607,12.591
15.476,3.3585
15.73,3.1456
-15.273,-10.254
-12.07,-10.384
-12.609,1.89
-19.137,-3.313
2.2647,11.428
4.3224,10.971
10.316,9.4389
-14.726,1.7538
2.9407,11.365
4.2274,11.318
-12.576,-9.7778
0.14779,8.4257
0.88074,8.7812
5.28,-4.7546
-10.11,-0.15795
-8.9093,-2.6612
6.4031,1.5038
-15.57,0.36688
-5.3973,-19.117
0.55262,-5.2719
1.9456,6.7005
-15.189,-1.6654
10.257,-3.6697
-7.3437,-17.877
-14.981,-10.418
-14.57,1.8746
-13.852,8.8611
6.9466,11.124
11.186,3.4605
18.736,-1.3902
-1.1667,1.1238
9.8409,6.7806
-13.791,0.36677
17.17,8.3656
7.1842,11.604
-9.9359,-0.040899
-11.317,1.3856
-15.034,1.9765
-14.996,-10.533
3.6649,16.06
-17.16,6.7262
-12.292,-10.484
10.698,8.9363
-5.5051,-0.21367
-13.284,13.983
9.4252,6.7815
-2.845,1.0163
-10.203,0.18511
14.993,5.4827
14.442,10.64
19.499,-4.0142
-5.7933,10.722
-0.055993,5.2729
-11.162,1.094
-10.734,0.70251
2.5686,11.365
15.344,3.2968
-11.167,-5.8061
-5.584,-1.0218
-12.097,1.7628
15.758,-0.15666
17.874,0.15829
-4.7507,20.691
-5.5549,-18.568
5.4139,4.9999
-11.694,6.5771
-15.191,-1.4949
4.2959,3.4319
-10.453,-15.4
-4.8105,20.091
-13.678,8.8163
-16.105,-0.64051
-2.0158,-1.5759
-10.448,-2.5805
-9.8058,-18.676
-9.9297,6.3919
-14.345,1.9114
-14.827,-0.021319
-2.3992,2.5961
15.373,0.7287
7.815,-8.1792
11.253,2.8607
-8.6767,6.6925
1.3135,11.239
20.436,3.3259
-1.442,-0.020606
10.307,1.1427
10.553,1.4862
-4.8372,-0.93932
-2.3963,1.1777
15.008,5.5117
11.363,12.88
-7.7896,11.847
11.84,13.043
19.783,1.6322
-5.8797,10.802
20.423,2.694
-11.973,1.6594
-11.394,-9.0368
-2.6088,-3.3005
-11.127,-5.8783
0.21464,-16.358
-0.18774,-15.67
15.092,1.2654
-6.3747,-15.413
9.7194,0.46537
-11.935,1.5048
-10.796,8.037
12.011,10.999
9.3664,7.1265
12.054,11.085
18.857,0.017317
-0.033218,5.3239
-13.48,-10.671
2.981,11.357
15.522,2.6565
15.41,2.4467
-11.382,-9.0467
3.736,6.1238
-5.3322,-18.287
-9.8825,4.5951
0.4315,-17.215
-13.506,14.024
9.8257,-5.9164
-8.9062,-12.311
14.095,9.7408
19.08,-1.0616
-14.941,0.69497
-9.1497,1.8856
14.234,10.418
-5.4655,10.42
13.005,10.744
14.175,8.4328
10.956,2.344
0.59042,11.532
-10.678,5.5969
-8.9274,6.6813
17.534,-1.041
6.9515,-9.9085
2.1505,-17.12
-4.5514,-14.9
-9.0988,3.951
9.3761,-7.0564
14.324,-7.1071
10.84,8.3174
10.306,0.93417
15.397,7.1633
-10.321,-16.034
-9.6575,19.035
4.1249,6.5098
7.5104,13.261
-0.055393,7.9175
12.444,10.306
-3.6974,-11.784
15.072,1.2439
14.539,-5.4706
-9.7333,7.9828
12.411,6.8702
19.294,-2.5017
-12.401,-4.3178
6.7267,9.9625
18.877,-2.3368
3.7516,6.5956
11.662,6.297
9.7055,-1.5778
10.179,-1.7348
18.822,0.0071906
18.837,-1.7917
15.399,0.15772
15.388,0.91354
11.043,2.5342
6.8485,10.477
5.9969,10.304
11.343,8.1535
12.79,10.324
10.549,8.2173
-16.922,0.046895
5.4812,-0.11908
-4.962,10.252
-11.08,-5.7858
-12.943,-8.321
9.7391,-5.9889
-10.472,8.5447
-14.67,2.3156
-15.915,-1.1512
-5.8987,21.001
-5.4743,-5.277
18.908,0.020121
19.329,-3.4203
19.878,2.17
15.83,2.8139
15.278,1.2999
5.2194,5.4357
-9.3067,8.4937
-9.3047,3.6049
-10.871,4.2512
-5.003,20.801
-4.8392,20.718
0.38265,9.0182
-9.2539,2.9921
-13.926,13.962
4.2415,-19.627
4.266,-19.638
14.288,7.6993
-10.162,6.7414
4.9833,9.0535
-10.849,7.902
-6.0053,21.078
-7.4616,-14.987
10.075,-0.098916
14.788,7.4548
-11.924,4.5807
-14.98,0.8125
14.162,-4.2471
6.801,0.086371
-8.8857,4.3501
-5.9874,21.073
-4.4688,20.637
3.8188,6.397
-4.5741,18.282
-14.994,-10.365
-7.9425,19.566
-10.335,19.852
-6.7239,16.829
10.823,-9.5643
10.659,-9.7711
-8.62,7.5581
3.9789,6.473
6.1679,7.2041
3.6019,6.6594
3.4666,6.7072
-14.913,0.33685
-13.076,-8.1154
-11.204,-5.6823
3.0453,14.836
5.7796,11.524
12.538,6.3829
-10.964,-14.025
7.969,-0.26595
-17.174,3.989
-11.922,4.6927
-4.8593,20.256
10.511,9.4549
-5.3469,19.726
-5.1915,20.272
-18.707,-2.6356
-6.3195,11.026
16.627,8.1603
10.473,1.8688
-12.56,4.7852
-12.373,4.713
5.1364,5.5087
3.8103,6.6662
-12.666,2.0475
-16.12,0.69843
-10.464,-0.030427
0.082967,15.92
-6.639,-15.477
-5.3915,-5.2228
15.619,-2.6586
15.723,-2.4212
10.345,0.75531
3.9207,15.851
11.04,3.5029
11.644,3.7228
7.4171,2.676
-10.384,-14.807
9.9761,6.2813
3.7848,6.6915
-6.5273,19.752
-5.8335,20.975
-2.9612,18.927
-8.1399,19.334
-11.125,-9.8671
-9.5411,19.065
-10.233,19.825
12.383,10.612
-12.681,-4.1666
10.083,9.6713
-8.2535,19.514
11.324,-1.9101
15.482,-0.24042
-12.559,4.7857
-11.134,1.0616
-11.321,-9.734
-6.3331,3.0072
3.665,10.067
-1.5768,0.051232
-14.412,-0.53242
17.047,8.2639
5.4,15.735
-15.027,0.48602
17.191,-1.7387
-12.174,-8.7598
-2.6996,-0.9483
-10.253,0.34067
-3.7619,0.32002
-11.667,-9.7843
-5.0343,19.78
20.195,2.47
-16.911,0.03334
-7.8485,2.5528
-11.292,1.2263
8.5978,0.34552
15.253,7.4043
-8.5647,-17.66
10.822,12.828
5.0941,10.244
6.6814,-0.63599
10.98,-1.7628
-8.8853,4.2311
-2.6851,-0.94722
8.6338,-1.3869
13.973,8.3415
-0.6159,-17.608
-1.7905,11.144
12.801,4.674
7.0588,-9.1931
0.0041997,8.2746
8.2767,0.015208
20.226,2.4541
17.087,-0.71179
-6.0375,21.058
-12.874,-2.271
3.9302,5.2492
2.4226,10.531
-13.178,-2.6779
-6.8584,-3.542
10.242,-5.3162
15.812,-3.156
7.8941,2.7076
-5.2644,-10.516
-10.118,0.21585
-12.942,-2.442
-0.32568,-17.398
-11.009,-5.4868
12.464,10.642
11.248,5.7091
4.0737,7.1416
9.7394,-5.9897
-6.9587,-19.61
6.8695,4.0516
-14.564,6.0022
-13.663,-10.716
9.8655,2.9992
-11.97,-5.0439
15.349,7.0383
-0.0078411,5.1697
11.046,6.2721
-3.1529,16.364
3.798,15.935
3.4207,16.218
-5.3158,15.882
7.0397,10.52
17.384,-0.57229
6.0338,8.8331
4.2529,11.989
17.689,0.63753
-15.048,-0.13207
-9.9559,9.02
-3.4797,15.475
-6.0091,10.856
-9.6097,8.6698
-5.1982,20.883
0.094178,8.383
10.253,0.28037
-7.7652,-17.982
-2.3457,3.2667
17.206,0.53831
15.439,2.534
15.629,-3.2219
-2.7728,10.935
15.907,0.4571
-2.8531,17.379
10.167,5.9399
10.334,-1.671
19.006,-2.8155
-10.337,19.889
11.881,-3.0025
5.2308,10.493
-4.7655,15.814
2.5885,10.411
14.33,-4.306
11.297,3.3632
-14.961,-0.80569
-9.3279,7.3284
-4.1498,17.329
14.818,-5.3453
-16.883,0.078127
-10.731,-3.7824
-11.095,-4.3501
-16.588,0.49932
13.351,6.6893
-9.4959,-6.9795
10.733,-1.0885
-8.1028,5.3928
-4.713,17.96
-15.542,11.518
-10.792,-4.2514
-6.5972,-14.625
1.6505,4.2662
5.7034,10.666
1.1048,12.524
-12.801,4.8439
-18.417,2.3068
-13.21,5.4057
11.25,8.0414
-14.747,4.861
14.611,10.904
-11.68,15.658
-10.379,19.712
8.7263,0.19728
-11.619,6.1621
-6.6137,16.676
17.592,-0.32007
3.6908,6.7081
14.467,-7.1034
10.359,5.957
12.488,9.8465
-9.8685,-1.6143
20.713,-5.0094
-5.0195,20.807
-7.6968,19.093
-6.242,10.985
-7.3666,11.587
5.0311,-6.0981
14.339,9.0799
-10.001,4.8354
5.6479,-13.956
-4.8101,20.094
-18.739,-2.4156
-12.351,-4.7208
10.539,1.2259
-16.478,-0.14099
17.777,-0.21969
5.1601,5.2543
-11.02,8.7296
-6.9229,0.2919
5.4491,-10.151
11.279,2.9443
-7.964,19.549
17.773,0.57949
-15.275,-2.0838
-15.441,13.542
-14.932,0.01914
0.19837,8.8805
-5.8962,-17.548
-4.6742,3.6457
1.503,12.198
5.4853,13.027
3.1434,13.73
-12.483,2.0849
-1.535,-0.060398
-5.2732,10.423
6.6926,-0.60786
-1.3114,-0.018537
17.16,-0.98937
-13.723,14.221
1.9783,13.056
-13.542,2.3239
2.1969,14.587
0.69677,12.483
-5.6754,0.80679
-3.2004,10.596
-0.57062,11.738
-1.601,-18.792
-8.5176,-17.59
0.34129,10.268
-15.796,13.524
-4.5431,17.952
1.7039,11.431
-10.592,5.7421
10.09,6.1122
-11.251,1.1004
-5.4765,-5.2723
-14.994,-1.7873
-7.6905,-18.715
-4.3563,10.505
-12.038,-8.399
3.6462,6.4828
-13.632,-10.736
11.492,5.0945
17.439,8.5519
16.004,-3.4179
17.888,0.30856
5.0222,10.505
5.536,15.458
18.895,0.050876
-7.0918,-3.3718
-15.077,9.9375
-12.432,5.406
-13.989,2.4568
19.463,2.4473
2.4766,9.6483
-0.59315,13.063
-11.888,-6.2823
-0.34995,-16.135
-4.8993,15.806
11.832,8.3296
0.49631,11.546
-5.3545,-10.745
8.7579,7.2398
-7.088,-12.697
-13.674,-4.5109
5.3083,13.507
-7.6186,-15.193
6.9452,10.457
-12.981,4.673
-4.6676,15.639
5.6425,-10.064
-18.159,-2.484
11.223,-1.8154
4.4612,7.7402
7.5564,0.53633
-10.216,-7.667
-13.605,2.5323
10.053,5.8118
-19.768,-4.8554
20.524,-5.3137
17.219,0.49775
-19.624,-4.6746
12.468,11.04
5.4277,10.446
5.4187,10.433
19.296,-2.7528
17.307,-0.58133
15.765,10.09
5.5461,2.9828
7.0854,-0.67516
16.729,1.6506
-15.263,-2.0074
-13.686,-0.63852
-0.25176,-15.708
-16.965,0.057456
9.7508,-0.95129
-2.6975,-3.0845
-11.737,-9.039
-7.4803,6.0202
-7.5778,6.2007
0.24625,-11.363
-0.071952,5.2433
20.586,-3.8333
-3.7137,19.268
15.538,-2.3874
20.526,-3.5404
10.44,9.5397
-3.9631,-17.536
-15.791,-1.5792
7.6945,2.5968
-8.9047,-15.514
-4.2539,15.522
-1.8412,1.6873
19.417,3.3476
17.378,0.59799
-12.754,-1.2733
-15.958,-1.3419
-16.052,-1.2034
-15.936,0.43724
-10.143,8.7474
5.1948,10.526
-12.064,-2.1881
-7.8263,-18.44
-7.2403,-8.8691
19.418,-3.865
-15.054,-10.489
-12.139,15.424
-13.998,-10.733
-6.8515,17.397
15.029,5.5508
6.5066,4.4512
12.76,4.5802
5.9495,11.404
15.067,5.6047
5.2624,12.329
-16.997,0.028251
-16.956,0.032408
-10.13,5.3597
-7.2234,19.698
0.014506,15.818
15.891,10.413
3.6029,16.218
-4.7504,-10.578
-5.3996,19.723
-16.898,0.061087
-10.968,-5.1702
7.1988,-2.4375
-14.96,-10.582
2.802,-18.895
-3.4343,4.043
-4.2187,4.4936
-1.5828,1.8746
-7.334,0.57063
-0.046175,-17.574
-13.687,8.7031
-16.985,0.035968
-3.2154,10.693
-10.536,5.8561
14.103,9.3242
-11.242,5.5155
8.5576,10.902
9.3355,-0.78905
8.6892,0.73078
9.4959,-0.91741
12.145,10.681
-13.191,0.09381
-5.2291,-1.2725
4.5472,8.9641
5.2583,-4.8037
-10.623,-4.0278
5.2333,-4.8183
7.5418,-0.94569
-5.4094,10.597
12.97,5.4228
6.5543,10.217
-11.405,-3.9815
4.4,6.4503
-7.8596,19.533
12.076,10.514
-7.0855,4.9035
13.745,8.5844
-12.388,-10.521
10.327,8.2573
-11.742,6.912
-14.04,-10.334
-5.7553,20.811
-0.36289,11.846
15.832,0.65462
-12.66,0.16495
-5.264,-10.389
17.179,8.8749
15.809,-1.1665
-3.9333,20.469
6.1826,9.2077
1.7662,9.9914
0.12936,15.925
-11.589,15.879
13.31,6.5714
-6.9207,5.8308
10.619,6.1024
-3.0992,-3.1226
-11.306,-2.1199
-12.907,-2.4834
-11.576,-0.39268
20.372,-3.5244
0.24148,-11.358
-10.526,19.258
-10.665,6.0304
5.178,15.834
-9.5501,-9.5248
4.8274,8.9924
15.328,-2.2725
11.856,-3.0306
-2.9602,10.79
17.804,0.55277
-7.2965,4.9
5.7869,15.384
6.0972,0.42294
-9.1472,20.091
-8.5856,19.396
-4.5549,4.6506
5.62,4.9252
15.197,10.421
4.2275,0.26649
6.4921,6.0447
-6.7218,16.78
10.376,0.90401
10.691,5.01
-7.1933,17.536
16.637,9.3826
-12.693,4.8516
5.1437,10.649
-4.9318,20.755
-5.1648,10.507
-16.907,0.040665
-4.4265,18.169
-4.1369,17.334
-9.9962,-18.453
15.438,7.5251
-5.4356,10.476
10.113,0.92676
-10.301,19.877
17.755,-4.1731
-0.46584,-11.349
-9.9203,0.096332
0.13476,8.0338
-13.179,-10.789
-14.416,-10.645
-13.353,-7.0042
-10.425,-15.825
-10.582,-8.4114
11.545,-3.0495
-2.8687,18.373
-12.385,5.1439
0.028214,5.1143
-2.8694,18.408
0.22789,11.351
-12.644,0.14404
4.9342,0.25668
-17.624,3.7806
-18.605,3.3503
-10.782,-5.5817
4.9967,-14.444
-17.111,6.6003
3.5351,16.168
4.4944,12.387
-9.9434,15.485
-0.40854,7.2149
-3.9663,17.622
-13.189,0.085239
10.634,3.0077
2.4917,9.3742
10.703,9.5631
-10.344,19.847
10.395,9.3263
15.815,-0.69679
-17.406,-0.43243
20.628,-5.3124
-8.1057,19.444
4.3605,4.0349
10.733,-9.9407
0.402,-11.754
-5.2502,19.759
-10.38,5.9721
10.345,-1.6301
5.9987,17.604
10.628,1.8209
-17.003,6.5539
5.1592,10.288
10.74,1.7166
13.295,6.8148
6.0647,17.592
-5.3443,5.2323
5.1643,-5.068
-3.9574,1.1978
5.262,-4.8164
20.381,3.5278
8.3562,11.02
-4.9383,-19.767
20.015,-2.5397
-19.57,-4.2769
-15.133,9.3667
-4.6057,18.312
-8.3374,19.387
-18.206,2.7324
-13.301,-4.4213
-2.8023,-5.8539
-16.999,-0.053901
-2.2283,-13.794
-14.892,-1.7612
-19.619,-4.6183
10.428,1.2552
-4.6517,-14.848
-13.803,-10.572
0.33091,13.542
11.376,12.741
-11.743,-10.071
-17.605,3.7599
-15.273,-10.309
-1.9436,-17.022
0.16722,15.828
-13.007,-8.2164
-12.833,-8.4333
-6.5941,15.904
-11.627,6.1909
5.1489,0.085945
16.68,2.7977
17.804,0.019903
0.046578,15.907
-3.4363,15.593
-10.498,19.298
0.23896,-2.6855
19.621,1.2675
-14.116,3.2192
-5.7449,-1.2844
20.615,3.6768
-12.015,-6.4082
-6.0636,5.2035
-3.9147,4.0933
18.21,-4.7214
-18.009,-2.8739
-15.189,-1.8879
-2.9797,2.283
-12.531,-8.0486
-14.888,-0.034614
-4.8057,20.702
-4.7872,20.31
10.884,1.0708
10.877,8.2423
-13.097,-0.00031228
-13.417,-6.947
4.3439,-3.8949
-2.3662,2.5236
-14.89,-0.026039
-5.2676,3.1412
9.2651,-1.5554
18.819,-0.003678
-13.471,-10.789
0.43865,10.429
-11.795,15.883
14.29,-4.2998
16.641,2.8635
11.465,8.2623
13.05,8.8921
12.712,6.6621
16.715,2.7418
15.518,2.9668
-2.607,-0.96644
14.33,10.157
-10.299,-4.3175
-3.3888,-13.108
-19.452,-4.5322
-19.696,-4.6474
-12.846,-2.314
10.665,8.9984
6.5714,9.8908
-14.971,8.0595
-2.8275,17.478
9.2732,-10.523
0.82117,-14.648
-5.2408,4.9908
12.619,10.452
-0.78219,11.227
-8.0982,11.916
-10.046,8.8686
6.7992,9.5636
-4.0652,15.548
-0.55643,-10.483
-8.8527,19.436
10.775,8.2894
-12.425,15.026
-4.7566,-19.136
-4.8796,4.765
-15.331,10.639
-12.621,-3.1908
-11.381,-4.187
-10.071,-8.5644
-2.9367,10.91
17.17,8.3656
11.702,10.265
8.7432,1.1119
-13.784,9.5692
-11.325,4.929
16.731,2.7853
-7.3662,3.449
4.2439,-19.623
-11.475,2.2685
6.042,11.451
-1.0313,-16.9
12.8,10.421
1.7461,10.081
10.664,13.321
0.12588,8.3663
-11.288,1.0384
-19.577,-4.2414
-11.537,4.4959
0.0067561,-16.753
2.2155,12.62
6.798,9.6765
14.831,10.617
-14.08,-4.5534
-9.8288,-1.5104
12.167,8.7508
0.26747,15.828
5.2775,13.32
-10.887,7.9088
-9.3888,-5.0961
-14.328,10.608
-5.5304,5.0251
-13.475,2.2671
19.226,3.2448
11.421,9.6815
-11.955,1.8469
2.6335,6.8176
-15.29,10.122
3.4689,0.44849
10.102,8.9452
11.558,10.821
-19.019,-2.9623
-13.767,-10.448
-10.808,-0.047137
14.196,10.65
3.8363,16.248
-10.252,8.7262
-10.095,8.7357
5.6821,8.2608
-10.334,8.8029
10.162,2.9463
5.6132,10.459
-12.409,-9.6144
3.3215,11.329
-12.049,-10.44
-13.193,-8.0362
0.026547,-5.4402
-7.8763,11.86
9.6551,8.3037
-4.689,-19.088
10.466,9.2415
13.694,10.727
7.9558,2.2785
-4.8751,-19.156
-10.923,-7.5726
-6.7115,-3.4366
11.488,-3.1302
-5.0065,-6.2553
5.6114,-10.142
2.3557,-15.014
1.1257,12.724
15.704,7.559
-8.3033,19.445
-12.74,-1.3228
-7.9805,4.9861
-18.548,-2.406
-3.5404,18.787
-9.9061,-18.103
-9.5173,-9.4393
-8.1794,5.5472
10.256,9.4466
-3.9179,2.4841
0.75011,-17.067
-0.034004,5.211
10.326,-1.7753
9.3823,0.45809
-13.274,5.5261
18.008,0.26631
10.486,1.7339
-5.9933,21.074
-5.9874,21.073
-14.319,9.2253
-5.4477,19.728
-5.5159,10.553
-11.974,1.6591
-11.973,1.6592
-6.8338,2.3808
5.5146,5.0135
10.183,3.1424
10.44,8.3372
11.371,12.422
5.2193,5.4135
-11.617,18.73
10.291,5.2712
5.4356,5.3561
10.286,-3.5286
11.276,12.727
-9.9558,9.0926
5.5191,15.468
10.012,1.9904
-10.772,6.2602
15.768,-0.25006
-11.413,-6.9426
-15.673,2.962
4.8227,11.119
-9.9426,-18.13
-15.793,-1.4916
-12.372,-10.533
11.062,8.314
-17.079,6.871
5.3993,5.2294
4.0829,10.844
-7.8217,6.4542
-10.347,-0.33538
14.09,-5.1804
-2.4799,2.6656
-2.6907,2.7912
-7.8739,-15.708
10.234,9.1599
-3.3938,14.523
9.583,-7.2834
-12.24,5.0228
-12.933,5.4659
7.8258,2.5446
-6.8465,-15.499
-13.797,9.6244
11.106,2.5918
-4.2154,1.2157
18.305,-4.549
3.8834,9.847
18.744,-4.2917
17.048,8.2645
-1.8291,12.221
10.935,2.3925
-6.0939,-1.6088
0.53455,13.46
-10.266,0.30611
-3.373,-11.4
4.3679,12.031
-7.3713,18.563
-6.8957,5.2059
-3.8744,11.452
9.2523,-0.52182
-11.946,-6.4544
-8.1223,-7.3325
-15.218,10.171
-5.3373,10.431
-0.47818,13.164
-0.18763,15.408
-4.1392,1.587
2.7111,-2.6278
-4.1655,15.556
9.8825,3.0014
-8.4956,-14.998
-9.9199,-14.951
-14.009,-4.0242
-2.8872,-0.5611
-15.515,-8.0173
2.7074,11.357
15.732,0.20604
-3.2632,-0.59919
0.61022,-14.835
0.11018,11.744
-4.9925,4.7775
5.4153,10.328
-3.731,2.0981
0.10437,9.1174
4.2918,7.421
3.8252,6.7146
-6.6742,19.881
-13.086,-7.4247
-9.7222,-18.694
-9.6514,-15.102
-10.372,19.833
-10.463,0.5236
18.973,1.9698
20.198,2.3851
8.5015,10.921
-9.7994,9.0739
-12.302,0.12583
2.8888,15.529
10.756,-2.0556
-4.1314,-4.1614
-3.3406,-3.8239
-11.201,-6.3765
-11.167,-6.7934
-12.431,-6.1029
8.9611,-0.22986
-13.525,5.2228
-16.254,-0.58763
10.519,3.9007
-15.067,-10.367
-0.039441,-15.946
2.503,10.418
-4.7099,0.43733
-7.5201,-18.996
-14.066,12.747
-6.9014,5.6224
19.397,3.0808
-12.787,-1.2786
-12.878,0.11815
-2.8552,18.347
-6.92,16.595
-9.4356,-7.1528
-7.0277,16.595
15.448,0.499
-10.38,19.802
-13.92,-2.1641
-6.3753,5.6347
-6.4547,17.312
-12.25,4.4395
-0.099756,-11.022
-4.9922,-4.9229
-12.599,4.4532
-8.7719,6.0264
5.3148,10.373
13.213,6.4853
10.636,4.7112
-4.6948,-16.106
14.606,7.9887
-0.19586,8.0083
-2.9937,-19.021
8.9349,7.1786
10.333,-1.1289
9.8751,2.3285
-8.705,5.4564
-13.54,5.2018
6.4668,8.9002
5.2218,-10.055
-5.4709,-18.295
11.076,3.1919
-2.0988,2.1207
11.053,2.5307
-4.9113,-19.26
-6.7014,5.6208
-5.5699,10.507
-13.94,5.4567
-0.58804,-16.084
-9.4522,19.103
-13.302,-8.0638
6.871,-9.7968
-10.072,8.8493
5.9772,0.39112
15.939,-3.3476
-0.73544,13.349
0.12525,8.3936
1.9679,-0.3257
-9.9061,-8.6431
2.7273,4.2244
0.49061,-14.856
-12.544,-3.2827
10.883,6.3118
-5.3697,4.922
10.242,-5.1234
0.69152,-16.915
-10.986,1.0883
-5.2308,15.64
6.4996,-3.1706
-10.22,-8.6945
15.664,3.0417
-7.0074,-12.703
-9.3863,-3.0046
-6.9653,17.38
-0.13085,7.9262
9.6552,12.891
12.533,4.8071
-8.5778,1.4184
10.366,7.3417
15.05,5.5683
-10.107,0.12959
-7.1134,0.65009
2.1009,-0.10594
5.2527,5.2808
9.4399,6.8687
16.151,2.5083
3.7134,11.996
-5.566,15.517
-3.1982,-17.462
-2.6611,-13.214
-2.6187,-5.0946
-15.879,2.3952
-11.359,-4.3679
14.06,-7.6568
0.44244,11.34
-12.745,-8.5297
-15.896,-1.0524
-0.22277,-15.794
-10.057,-0.078958
-2.6579,-5.0868
-2.8639,17.258
-6.6059,17.281
-15.265,10.075
-3.3549,14.467
-7.6218,0.47251
2.0888,11.451
4.4811,8.7904
-6.6811,5.5306
8.494,-0.01081
-14.018,5.5452
-14.05,2.2397
-0.3686,7.1178
-8.2142,-14.42
-8.4833,-14.931
13.057,10.4
-11.162,1.2389
-13.817,-6.6078
-14.734,4.9178
0.013392,-5.4561
-18.395,-2.3739
-8.6351,-12.747
-6.9866,5.4198
-4.3646,-14.266
10.013,6.9009
-15.505,-1.1454
-8.2829,4.0858
-4.1175,1.5621
11.159,6.1583
7.8292,2.5502
8.9306,9.2231
2.2692,6.8187
-16.274,0.53134
2.6772,13.074
18.819,-0.009246
10.48,9.6345
5.1732,-4.8675
-6.0601,-14.849
-6.5572,16.393
-0.40476,-16.083
2.3769,6.5929
17.119,-1.9191
-7.4653,-13.429
-10.023,0.019484
-3.2064,-14.141
-13.23,-6.3071
-10.244,-15.127
3.7754,11.879
-5.6261,-18.236
-9.9848,0.062505
6.7207,-3.0902
13.019,6.8
4.2704,11.704
-12.873,-7.4063
-16.614,-0.25926
-16.99,-0.0081775
-1.9974,-15.091
-3.85,-5.8454
10.477,9.3081
5.1518,-4.8925
9.3129,7.2509
-11.967,-6.7744
-9.2798,-2.6759
-0.079457,7.8933
17.024,-1.7075
10.602,-9.3676
-13.265,6.7974
-10.538,-5.0567
0.24079,-11.357
5.5307,10.446
2.4821,10.449
10.938,3.0635
-12.433,-9.73
18.237,-4.7559
-2.4281,-0.96334
18.819,-0.0055201
-10.662,-5.3457
-9.619,0.9744
-1.0077,11.374
-5.0377,3.7462
4.1144,7.2702
-1.5194,-18.444
-10.471,-3.5718
2.3595,-15.909
-7.5937,-17.511
8.3907,10.971
-10.227,15.457
-2.62,-4.914
15.043,5.5807
-12.529,4.7977
-8.4647,1.6406
-13.233,-2.7584
6.3938,8.8843
10.017,-5.5302
5.3029,5.4451
-7.37,2.8981
-12.473,5.4879
-16.832,0.08002
-14.266,13.52
-4.7507,-15.25
6.5932,-9.7179
10.395,-9.6491
10.616,-9.323
4.4899,4.8333
-9.0641,-4.833
9.7973,-7.7084
-3.7865,20.485
20.075,-4.0046
-15.991,0.56456
-0.91677,-10.613
-2.9371,-1.5741
-3.4535,-5.8405
-3.0553,-14.347
-1.845,2.024
-5.4414,1.0078
-8.1759,5.4271
5.6197,-13.928
9.7615,0.46524
-14.58,4.9401
3.8891,3.67
-13.646,7.7836
7.4228,13.192
5.2018,10.452
-5.1988,19.753
-1.6759,11.378
4.4734,9.4048
-14.744,-10.628
-10.768,0.66577
5.6008,5.0875
-8.6545,-12.783
-8.2018,-13.103
-2.6006,0.61738
10.1,-1.459
-15.707,13.323
-7.0261,1.1155
15.3,-6.1678
-18.657,-2.4935
-15.576,-8.0229
10.584,-9.8508
5.2918,10.245
-8.8022,-7.3213
-10.056,0.20426
-1.8988,11.583
-11,5.439
15.467,-0.22216
-0.087794,-15.515
-15.699,-1.0389
-6.1871,1.4003
-13.358,2.4292
-11.821,1.3814
4.8704,4.6826
-12.311,-8.658
-2.7958,-5.4952
5.0305,10.196
-5.2465,-10.704
10.253,3.0347
-5.1417,10.487
-2.6093,2.7741
-9.6811,3.3332
-6.7568,15.21
5.1099,10.496
-2.6259,-7.0614
9.2645,-10.526
-13.709,-4.4808
-12.746,-4.5224
-10.701,-8.1946
-5.8408,3.5529
-16.92,-0.11905
15.754,-3.2473
-12.678,4.6856
-10.577,-8.708
-5.0908,10.407
5.3183,-10.053
17.151,-4.1335
-3.6763,3.9838
5.2553,-4.3999
-18.671,-2.2573
-11.688,-6.4088
-7.7493,20.109
-9.218,-0.54287
-6.0672,-0.79766
6.41,-3.1945
4.939,-4.2715
-12.967,8.4311
-12.78,5.5048
-8.9102,6.5405
1.1387,3.8983
-16.882,0.051199
5.2346,4.9149
-11.94,-8.484
7.1384,-14.866
10.76,0.98198
-12.016,4.7363
11.505,9.4735
11.13,5.7567
10.346,5.2632
-5.4146,-5.2161
-3.325,18.557
-4.0058,15.64
-13.033,-3.1598
-9.2786,19.203
-7.3164,-7.174
-2.6075,-13.192
-9.1214,2.0147
0.29485,13.493
2.3928,3.5225
6.837,13.089
-5.5475,10.577
-8.7459,-1.2429
-11.448,5.9397
-8.5524,-15.191
-14.787,14.216
3.287,7.9663
-13.629,-10.665
-4.9906,10.367
11.535,3.7129
-3.0541,-0.62592
5.4411,5.1579
-2.3046,-4.0549
12.521,6.6833
-13.984,5.8874
-17.01,0.014573
10.118,2.8235
-2.9821,-19.018
-8.9983,1.0858
0.076023,8.377
-7.4449,-2.6486
-2.6553,-0.89762
4.979,16.074
4.8471,-4.2393
-6.7654,5.5568
6.8057,7.7643
10.719,-9.9981
-19.142,-3.3254
-8.6883,-17.217
-18.405,3.2019
-6.3164,11.029
0.52744,4.5701
7.6528,2.7937
5.3751,10.542
5.0963,10.343
10.513,9.3401
-3.8908,15.563
-5.9911,-17.606
10.24,-5.8175
11.865,10.097
-17.455,3.7472
-1.8169,-12.334
9.2492,-10.54
-5.8393,-1.871
14.09,-5.1804
5.2431,5.0462
0.96322,2.1403
11.606,6.69
5.9086,7.2334
-15.466,12.625
5.126,10.32
-14.022,5.6744
-11.585,-2.1005
15.277,-6.1962
14.771,-5.1811
-2.674,-0.14802
-5.1985,-2.6605
-13.01,-2.2014
-15.487,-1.6097
-13.007,-8.3066
20.372,2.7535
-11.606,6.2175
15.804,-7.683
2.719,15.04
5.2628,10.41
-5.7618,1.1431
10.883,1.8961
1.2129,13.008
-6.9348,2.5964
-10.835,-14.381
-8.2906,0.31734
9.772,6.306
-0.042878,15.841
-3.9299,0.78073
11.004,-9.6421
-5.1055,-19.222
-14.742,-0.066017
4.9844,5.1955
-8.7289,-9.4798
-5.6956,1.1197
-13.995,-6.8537
4.2786,2.5928
-7.984,-2.314
-11.556,15.824
18.232,-4.5651
0.7292,16.203
15.171,-7.2079
-1.2795,-0.10373
5.6077,15.471
-5.1895,-16.132
-8.3029,0.21216
20.841,-4.5463
-13.731,5.274
15.418,0.0088493
-15.864,-0.89253
-12.817,5.8842
-8.011,2.7065
6.4904,8.9697
6.7676,8.9278
8.5571,1.0294
7.83,2.5189
-6.7112,2.4826
13.139,-7.4175
-9.8431,9.0222
5.2787,12.934
-4.3826,-6.3949
-18.435,3.214
-11.194,18.825
2.5648,-2.8847
-5.0181,-19.286
11.631,8.3632
16.903,8.0643
14.747,-5.4703
-9.6238,-18.706
10.714,-1.0449
-6.0333,16.093
-7.9014,5.0248
6.6027,9.1765
-8.9661,-4.9735
0.50781,7.2283
-5.6649,-5.3804
8.8264,-0.27739
-12.83,-2.4987
0.31439,15.796
12.082,4.1282
5.7172,15.399
-16.018,-0.65833
-9.2337,2.3596
11.251,3.4682
8.4683,-0.076063
0.48209,3.7276
-7.0482,1.0552
-8.6234,6.886
3.467,0.44685
-7.8241,2.614
-16.552,4.2524
-8.0031,-13.163
18.825,-1.5003
-17.11,4.0338
11.06,5.3564
5.4633,12.027
-9.8587,4.734
10.26,8.1154
-14.84,-10.392
-16.836,0.015721
-16.996,-0.04423
-16.908,-0.022371
-17.068,-0.13473
0.74602,-17.438
-1.6685,-18.926
1.708,3.715
-9.4584,-9.5381
-1.8292,-13.806
11.944,8.4735
-7.4033,18.938
11.989,10.142
-8.4717,-15.686
-6.458,-16.836
0.96364,-16.364
-14.72,2.3552
20.142,2.1876
-15.258,13.652
-8.3867,-2.8562
4.324,10.566
-14.479,2.4327
-2.7456,18.35
-3.3917,16.153
-10.431,19.383
-0.025867,-17.64
-12.43,15.027
-13.449,6.6839
-4.764,1.1912
-11.348,4.5499
-2.7792,2.7944
8.3003,-0.064171
-0.66329,-0.97588
10.317,0.076064
-19.277,-3.468
2.1769,-15.682
20.811,-4.6884
-10.337,15.58
0.10513,-16.923
-3.0768,3.2372
-2.1842,2.3505
-1.7319,0.19289
-10.31,5.6495
0.70863,-3.1204
2.5304,10.507
-5.0926,10.388
-8.5914,1.5315
7.3103,2.9413
17.372,0.94837
5.7371,5.0585
-7.8415,-12.32
-3.2281,-17.704
10.603,-9.4556
-7.7613,14.933
5.2865,9.2269
-6.6167,15.287
-5.1138,20.227
3.1451,1.2264
2.2051,12.33
-18.971,-2.8405
8.43,7.8069
0.39646,-17.439
-0.98621,-3.6145
-2.7837,-5.6149
0.78114,-8.4131
-13.945,5.4794
5.3115,-4.7519
-5.042,3.6563
-8.8031,-9.3734
-9.5888,-6.8372
-13.836,2.1999
-16.969,0.049044
-13.18,0.086384
7.0086,1.7977
-7.9922,2.7429
15.755,-0.029089
10.013,8.8052
-9.0211,-8.345
4.2217,11.488
5.0845,0.1179
-0.72229,13.399
-3.1909,-2.791
8.4401,7.8611
-11.978,0.54058
-6.9567,4.2441
-7.8572,-13.948
-14.517,1.8967
-0.69229,-17.748
-1.2104,-18.315
-0.18978,-17.193
-11.427,-0.38271
-13.779,7.9373
13.861,9.5541
17.2,8.4495
5.0562,10.452
2.973,3.4643
1.2945,-16.304
-0.25514,-15.753
4.2623,-19.636
13.976,9.7084
18.192,-0.34581
0.84697,8.8394
-10.365,0.077902
0.49834,11.487
-14.391,-1.3191
-19.634,-4.6222
20.357,2.9202
-7.7709,-15.947
3.9302,0.017905
10.198,-5.4223
7.4101,-0.65609
-4.8182,-1.5413
15.251,-4.2052
-9.2306,1.1521
15.454,0.39093
12.539,10.602
4.2632,-19.637
-6.0721,21.065
-2.1087,0.53043
10.29,9.2222
11.284,3.0388
-9.3886,-7.3878
0.40165,10.415
0.21002,7.7048
-8.0432,-7.6357
-3.5194,18.778
3.7286,-19.426
-3.6567,11.288
11.635,8.3522
-0.99198,13.553
-8.3152,-0.75871
-8.141,-6.2178
-10.744,-8.3164
0.078048,15.687
3.6025,16.189
6.4332,3.8352
-0.0905,7.9725
-2.5769,2.9291
-10.205,0.231
5.0511,-5.5252
19.987,1.8935
-1.3742,-11.495
-5.0661,-19.206
-0.24297,-15.758
0.25447,8.789
4.9966,10.788
20.504,3.1205
-14.07,-2.0981
10.692,1.902
2.849,12.983
-0.40279,7.3117
-7.8674,-8.3118
-14.389,-0.34942
4.503,0.12218
-7.468,-13.109
-19.743,-4.6427
-19.279,-3.7597
5.0422,5.73
-7.7984,5.2875
-3.993,-4.2745
12.351,4.4827
10.05,8.8519
9.9982,8.7732
15.732,-8.0637
0.57615,14.089
-5.1075,-0.0038437
-9.2712,-3.4672
4.8667,-0.061238
-13.486,2.2596
5.1017,-5.0698
-5.0248,4.7937
-10.888,-5.8685
-4.9582,10.22
0.31617,-3.4101
-2.6101,-2.6342
0.99236,-16.814
-5.2229,-2.6879
-3.5601,17.399
-10.556,-14.894
-3.0616,1.071
0.41181,13.787
-6.9615,1.3843
-8.5169,0.95822
10.567,9.3928
-0.22811,-15.61
-0.74705,13.359
-1.7124,0.79638
-5.0452,3.5878
2.1025,8.6432
3.2837,-8.1042
-5.4821,15.67
-5.4328,15.89
-5.0452,3.5878
2.7736,14.755
-12.752,12.882
-0.38486,-6.5449
-10.046,-13.905
-12.898,-6.5416
-1.3192,11.523
-7.774,-2.7418
13.342,10.675
0.75439,11.768
2.9982,11.078
-19.725,-4.6417
-7.0527,-7.9679
-10.92,-8.5638
4.3574,-4.3447
-14.579,12.968
-16.786,6.4527
10.773,-9.7503
-11.121,-8.834
-2.3178,-13.746
-15.423,13.567
15.051,5.5681
-13.749,8.607
-1.3531,-0.05558
-3.8102,-6.5052
-8.0707,11.997
-13.052,-7.246
5.2453,-4.6959
-10.101,-13.764
5.3594,5.119
-12.842,14.683
-3.072,10.972
-9.0553,3.9227
11.562,6.7808
7.6983,-17.495
-10.617,5.0902
5.9416,12.257
6.8713,-9.7966
-16.709,6.473
-15.876,-1.5902
-8.7429,6.7343
-15.17,2.3184
-7.9051,4.9807
-5.4146,-5.3175
-5.3024,10.417
18.88,0.042233
-1.0192,13.623
-5.2856,10.464
8.6377,3.5902
-7.5955,2.6187
-14.18,2.2012
14.094,-5.248
14.153,7.5869
-4.9625,0.71751
-7.3868,3.2449
12.846,9.5073
-7.2217,-6.4628
2.9599,-19.046
13.241,10.665
-3.948,-17.823
-17.068,-0.10396
-2.9565,0.87548
-8.9077,4.3367
0.37481,7.4168
3.5453,0.44334
-6.9368,1.1288
-15.865,0.70316
5.3648,-12.455
-5.3019,-10.665
-9.596,2.6862
-13.172,-8.1186
5.39,4.9304
1.6615,14.717
0.015274,15.763
-11.825,-2.34
-1.5715,-18.83
5.1427,-4.3435
-15.08,-1.8075
-4.9586,15.615
5.5676,5.0536
-2.9504,-19.033
-10.633,-5.1906
-10.374,-8.4174
-14.615,-10.666
2.0892,-0.15662
-10.382,-15.495
-15.214,12.991
9.2392,-0.33051
-9.4925,19.804
-6.5405,-3.4988
-6.7446,16.634
-1.0715,-3.6919
-10.166,-17.19
9.0688,7.0119
7.7872,-0.11917
13.266,10.696
0.67479,-17.436
10.96,6.3166
-3.3243,18.918
-10.376,-12.812
11.668,10.507
-5.4628,0.55779
-4.692,-17.584
-3.0815,18.834
4.9062,-0.042239
9.95,6.412
-3.6169,15.958
6.7717,-9.6871
15.621,-8.215
-8.3953,3.4256
9.7042,5.9207
-4.9852,10.401
-6.636,-2.3079
10.194,-5.1027
-7.0263,-18.197
2.0955,0.11123
-12.196,-7.8217
-12.036,-0.53026
-1.9912,0.50408
-0.62934,-17.724
-15.334,9.9652
0.26176,13.416
5.1724,-4.372
-0.19674,-15.682
-10.955,-5.7985
-10.716,-5.2782
-13.758,-9.6044
1.2985,13.813
16.272,2.5802
2.6234,10.355
-13.405,-5.0215
-15.732,-1.3253
10.201,-5.7328
-18.31,-2.5215
15.762,-1.7983
-9.8734,3.6351
-5.2254,10.541
-5.7076,20.958
2.8053,6.7083
-16.641,-0.26274
-6.3866,-16.786
-0.87357,-17.998
10.468,9.2226
0.73925,-16.947
0.64638,-16.845
-2.5553,2.6667
-9.8682,-18.59
-5.0459,-18.14
-5.1415,-10.757
13.747,9.5256
7.8323,2.7308
-7.3584,-2.6338
-16.264,-0.57747
16.626,-1.2711
17.679,0.67393
0.31167,13.628
-6.7744,-6.6696
-5.5451,-18.282
-10.892,-3.468
-11.545,-8.1446
-9.4522,-7.3421
2.3513,10.13
15.492,2.5738
7.8702,0.047549
0.22698,13.462
14.927,-5.2863
-5.0551,4.7864
-12.535,-8.6863
18.809,0.046741
-0.033797,5.5155
15.768,0.56527
-13.243,8.0683
9.7205,-7.9105
-0.13051,-17.24
10.823,-9.8255
-11.024,5.0494
-13.913,-6.9186
2.8456,15.846
-2.548,18.599
2.4006,10.41
-7.9608,-13.916
-5.9269,5.314
-5.1075,-16.463
7.0345,12.18
5.2064,-4.3433
-4.7894,-14.987
4.2132,11.354
-1.9774,2.2861
-11.076,-5.5403
2.4064,7.9059
6.7813,-9.7709
-0.47578,-17.315
0.8715,8.881
-15.775,2.3537
-5.6322,-18.498
12.843,6.3901
-11.475,-0.13494
10.542,1.6077
1.5161,-14.426
-5.7216,4.8872
16.538,-4.2538
5.2539,4.977
20.313,2.7049
-5.3663,-18.174
-10.432,-15.601
-5.9795,10.846
7.1739,0.32733
14.295,5.785
4.0838,6.2029
-15.343,9.8968
6.9117,-9.6575
-4.9764,10.428
5.3818,10.487
-11.726,8.5425
-4.5079,-13.261
-1.9988,-12.189
-7.7797,-0.10529
6.437,-3.1843
16.742,-3.668
10.019,8.8133
-1.2932,1.092
0.95769,8.6566
1.2523,12.139
4.9321,-6.0908
-5.4724,-18.397
-2.6212,-4.1216
5.6163,12.4
-5.2436,0.50211
-5.0355,-10.479
4.8551,-13.981
-5.3715,-10.555
5.1435,-6.2311
-1.7963,-13.864
-8.4466,1.3249
-1.2932,11.75
-7.0815,-19.468
-17.494,-0.4753
-13.149,5.6575
-19.763,-4.8155
-14.276,5.8708
-7.8233,-2.3191
-12.692,14.662
-8.0657,-1.5978
10.305,-0.83145
10.204,5.6167
-8.5779,-6.8189
15.547,-7.4222
5.4501,10.442
-7.9907,0.4768
-6.0153,-17.453
-2.9962,19.128
-3.8797,3.8924
-6.4483,-3.6046
5.9604,-10.558
-6.1087,-2.0896
-13.292,-7.2815
-13.639,8.4129
-12.978,-8.4068
0.86278,12.211
-15.326,-10.039
-15.232,12.861
3.7391,8.636
2.4728,-2.5481
15.658,-5.2041
0.18873,-2.7353
9.2096,6.8874
-6.1172,-0.89562
-5.4702,15.66
-0.25351,-10.8
-5.6262,-18.236
15.041,5.5596
-6.1855,16.305
-9.8404,-14.956
8.4757,-9.1616
3.431,-9.3211
-7.8335,-2.727
-1.3036,0.1282
18.501,-4.2514
-8.3299,-7.0683
11.896,10.271
-13.375,8.4732
10.854,6.3545
2.5029,12.507
-5.3393,15.538
4.2283,-19.618
-10.284,-15.359
-7.962,-3.3049
-1.8224,-13.814
4.2312,-19.623
-5.5266,10.55
9.6031,-15.516
-9.1729,-7.5521
7.146,-2.6451
-2.3644,-0.57752
-10.296,0.080111
-1.3531,-0.13109
3.4223,0.50968
8.3727,10.957
20.094,2.1976
3.4535,0.50153
-6.8384,-1.2291
-7.6607,-7.2992
-6.4885,15.707
3.4553,0.70428
-5.7484,-17.54
-10.621,0.57629
10.333,-4.8356
0.59896,-1.8561
-2.5933,-12.994
4.8434,0.0017551
14.19,-7.1349
-18.394,-2.2653
-6.1375,10.95
12.414,4.539
14.089,-6.9041
-15.316,10.114
-19.749,-4.8655
-5.2028,-0.062868
-12.489,8.6618
1.8322,3.6657
-16.933,0.028735
-4.8076,10.447
-2.1616,11.09
-5.0373,-19.876
-5.0505,10.392
-5.4485,10.458
7.4234,2.4669
4.8497,-13.99
-13.963,-9.2426
-0.041351,5.3188
-7.9971,4.8325
-5.017,10.564
-4.9298,10.37
-3.4898,-3.8
-3.9468,-4.234
0.1268,-16.286
-15.793,2.6365
-3.1751,11.08
-12.195,1.3865
-7.8082,-15.838
-2.7899,-5.6981
1.8944,12.906
-5.9053,-15.101
-5.3267,-18.215
-6.0421,1.525
-10.395,0.51671
4.6936,15.085
0.91907,4.0821
-11.672,18.685
-15.877,-0.85626
4.7781,10.73
1.2914,14.777
14.319,10.272
-16.944,-0.1234
6.9111,-9.7784
3.3851,0.48046
-6.5945,-1.8559
-14.597,2.3468
9.8243,3.3335
-9.1475,-8.3971
-9.1156,-8.4465
2.1012,11.328
-1.5217,-0.014204
-8.0421,-12.847
-8.0421,-12.847
10.132,-1.1664
10.518,3.992
7.1521,3.0491
15.889,-7.0752
6.3755,9.3463
-9.5335,-18.774
-9.1004,-8.5179
0.096255,13.198
-0.071021,-15.817
-9.1642,-14.78
8.3739,10.885
5.6807,15.428
-11.768,-0.28899
-7.943,-12.434
-12.256,-6.9549
1.0046,3.0711
-4.1629,2.4881
10.534,-0.66649
17.015,1.2183
-2.9577,10.941
-0.45623,-11.412
3.3092,0.45767
-14.873,-0.0062474
-7.7625,-18.051
-8.1187,-7.4449
-4.9446,15.628
-15.373,11.175
0.024485,-15.857
-4.5739,-13.386
-4.8837,10.424
-7.395,18.349
-5.3492,-18.199
-0.39887,-14.713
-15.221,-1.9804
-1.6254,-0.028805
1.3067,14.759
5.1344,-4.3404
-10.509,-2.3951
-1.7618,11.036
15.767,-0.36836
-15.387,11.207
-15.298,9.808
0.12821,-5.5055
2.3368,10.04
-7.7068,-18.539
5.326,4.5101
-10.628,-5.2264
0.3576,4.9345
-10.647,-16.88
-9.5474,-17.643
9.735,-7.6399
-8.0546,-1.6001
-12.977,-8.2082
-5.2386,-5.2693
-6.2724,-1.8732
-3.0734,-1.4142
-9.6594,4.4018
-13.238,-2.8156
-0.73142,15.062
-7.6962,-2.3928
-13.351,3.9449
15.181,0.1187
-9.2582,-7.8018
-8.4108,-3.006
5.271,10.354
-6.2614,3.2347
-0.36285,7.2271
14.284,5.7837
-14.991,-0.00054745
5.8631,11.982
5.5951,5.0364
5.5312,5.1036
-16.76,-0.21224
10.619,6.1025
-6.924,-18.076
-10.952,-14.215
-5.041,10.371
0.17133,15.71
5.0368,-15.405
-7.7428,-9.5748
-5.5074,10.559
-3.5017,-17.968
17.265,8.3465
-7.842,-18.803
1.1209,-14.337
5.2393,5.3942
17.187,8.3171
-4.6042,-5.7617
-0.31496,-5.098
-4.6032,-19.082
-2.7646,2.7966
2.0866,0.22765
5.514,4.9145
-7.5285,-4.5727
-8.8932,1.9912
-9.9329,-4.0327
-2.433,2.8404
7.4429,2.3205
-1.2217,11.935
6.4859,3.6733
4.1737,11.029
-5.2926,-10.662
5.2896,-4.5885
6.2616,14.706
-1.9344,12.347
-2.8426,-5.6133
-6.2975,3.3194
-7.8771,-13.297
2.2359,-16.96
-10.184,0.15383
2.7312,12.982
0.56452,4.7532
-19.655,-4.3803
-5.0363,10.357
7.6841,-15.447
-10.497,-7.0952
-6.4615,-7.6612
-6.1743,5.3914
20.614,3.7015
-18.468,2.1085
-8.2201,-2.7881
-7.9733,-0.27632
-1.6989,12.085
-6.6917,-6.633
-17.641,-3.062
-10.445,-0.039345
-19.653,-4.4648
0.087617,-15.6
-13.052,8.571
1.3489,8.7648
-5.5708,4.7166
-5.9061,-14.772
-9.4884,-18.759
-8.5933,-7.2544
-2.6643,17.753
-5.7537,15.889
-5.8363,15.901
5.2857,-4.5864
5.2575,-4.6105
-2.1706,-5.4394
-11.593,2.012
-1.6367,0.21356
-11.528,-7.3151
-3.465,-3.8263
0.28334,-11.339
18.64,-5.8349
-10.186,-3.9211
-7.6461,-13.421
-4.9918,10.384
-10.696,5.0831
5.1799,-11.214
-10.686,-3.2527
-3.0028,-3.7179
16.581,-1.7592
12.627,4.6433
-10.114,0.15915
-14.607,5.1402
4.2551,-19.611
-4.6362,-16.819
8.9302,6.2762
3.2314,0.2663
-7.5257,-6.5945
3.3622,0.32523
11.811,8.2774
-4.2825,-17.957
-12.218,-4.9293
6.3055,0.97828
-6.6885,-6.2707
10.188,-5.3222
16.559,1.8228
-5.4447,-18.348
-9.6396,-3.4205
5.1181,-4.9637
-1.4296,-0.062439
-13.947,2.2864
7.712,0.34005
-9.9275,-18.474
-5.4886,-10.949
3.936,9.8611
-8.8625,-9.1888
3.2992,0.49021
-5.0318,10.566
-9.8265,15.464
-10.125,15.548
-11.056,-5.0982
-2.9537,0.86801
2.1609,12.637
-9.1761,-0.65654
-5.547,-2.1336
-7.0952,3.9588
-13.211,-1.9948
0.4349,-16.623
1.9613,8.6515
7.4554,2.7953
-5.7311,4.8261
-11.51,15.87
7.0897,-2.8559
6.3911,3.4237
18.746,-4.6529
-6.9677,-16.348
-11.052,-6.0249
-4.3965,-17.039
5.1879,-4.4282
10.227,5.5153
-14.769,12.891
-5.852,-2.4608
-5.6732,4.8895
0.23921,-14.878
-9.1499,-9.3635
9.8692,-1.5624
8.1181,-0.18783
10.424,7.211
6.221,15.033
16.199,-1.3394
-11.592,-0.25391
3.1728,-19.187
-10.709,-14.473
-4.8727,-15.481
-7.8197,-7.0583
-7.1762,-1.5195
10.191,-5.2491
1.1118,6.5941
-5.561,-10.733
-5.0895,15.634
-11.789,-5.6692
0.27573,5.1221
-5.1296,-10.565
2.7122,4.2367
15.038,5.5814
-15.302,10.437
-5.7741,-1.9568
-18.452,2.3094
-10.548,-5.7465
-0.5824,13.304
-3.2469,-12.512
-9.3661,-7.1033
-6.8418,4.087
-4.5309,-6.586
-8.7101,-9.6132
11.15,0.97793
-15.09,-8.0812
15.663,-8.6625
-13.155,-7.1154
3.4357,16.195
11.536,3.837
0.25546,5.2695
-15.89,-1.0385
8.1726,-1.4425
1.2011,6.8025
-5.0389,4.8121
-0.22591,-10.828
14.841,-5.1011
-4.93,10.398
-17.004,-0.072106
-8.6875,-1.075
2.3861,9.2078
-8.4015,5.9421
9.0169,-1.2511
-0.15684,-15.719
-10.494,-17.007
-6.1341,-2.5248
-2.6,-2.4715
-2.5066,-1.2694
10.69,-9.0723
0.31299,14.216
1.6217,-0.48242
-3.2017,-12.714
-8.1362,-12.83
19.966,2.1734
-4.995,10.269
-2.4872,2.5406
-1.3146,-18.386
-0.054808,-17.434
-6.9095,-15.208
-5.0288,-19.375
-17.059,7.0379
9.9871,-6.934
-1.8726,12.184
-2.5707,2.4217
10.311,5.6185
5.2894,4.9745
16.589,1.5952
-8.9951,-8.1005
-12.554,0.15323
4.8705,12.378
-5.7896,-1.5167
-5.9403,-1.7207
-5.3027,-17.382
-0.40773,-5.356
5.4126,15.382
-14.076,-6.2093
0.073788,5.5881
5.8151,1.6042
5.1478,4.9118
-2.7679,-13.169
-7.9945,-5.8237
-0.62414,-13.962
-8.9765,-5.0094
-8.0756,-6.5189
-4.9527,10.231
-5.7472,-5.5774
-15.27,10.309
-10.74,-9.2312
0.84281,-16.299
-5.2846,-10.633
-12.879,-2.4433
-10.759,15.741
2.2542,-17.44
-10.24,-3.9382
5.5146,-12.816
9.4281,8.1875
-17.514,-0.52104
8.8631,-16.764
-8.9217,-17.004
14.495,-5.4965
-9.8017,-14.311
7.1123,-0.25575
-4.8392,-19.092
-3.1557,10.652
2.298,2.6329
-7.1324,-6.0279
0.33103,13.86
-10.583,-5.3295
6.5227,10.758
5.5347,7.8167
-2.9529,16.993
-13.593,-7.1011
-12.078,6.7745
-3.7026,-11.575
-12.234,-4.4554
4.8227,11.119
1.9692,12.275
-2.3442,-3.9183
0.22483,-16.091
-10.08,-13.643
5.284,4.6681
14.56,-5.3676
-9.9249,6.7806
10.687,4.6811
10.073,2.8911
-8.9894,2.0284
-9.0668,1.9127
5.844,8.1004
-5.0631,-10.545
10.752,-9.3916
-1.0778,-12.877
-8.5191,-16.574
2.2573,-17.298
-14.648,-0.08342
-0.31755,-4.9042
4.1858,10.865
-11.806,-3.6199
-9.321,2.1086
-5.5696,-14.469
-5.2215,-17.115
-0.98774,13.485
-11.881,-10.193
-13.138,-7.986
2.4584,-7.7333
7.9965,13.033
-10.532,-5.7968
3.1791,-19.128
-1.2712,-18.361
8.2816,7.917
10.407,-9.6986
-13.383,-5.134
-11.086,-3.2212
-5.2891,-10.444
-0.93595,-14.051
-8.8793,1.8574
-12.205,6.8226
20.279,-3.515
19.973,1.8697
12.897,5.725
7.1024,10.109
-3.9183,11.505
17.583,-2.0558
14.388,7.5451
5.303,15.776
10.353,0.99141
11.025,2.5653
4.2921,11.566
-5.6807,4.7472
19.686,1.2796
-8.7623,6.6845
-4.1878,2.0701
17.654,2.9997
15.139,-7.0286
9.1823,7.1254
11.248,5.7091
-6.8148,11.302
-11.002,-4.6823
-5.823,10.749
7.0814,-15.204
-11.59,6.2679
-7.2111,18.778
-13.044,1.3332
1.2998,12.733
-8.8624,8.2797
7.1351,-15.215
10.183,-5.2215
18.826,-0.0012725
10.768,-9.9652
-5.2339,10.567
14.073,-6.7283
-17.037,-0.13939
15.978,-7.4109
10.319,-2.1041
20.815,-4.5637
-5.8719,15.99
-5.1279,3.6076
-0.049514,5.3467
5.1199,0.04493
-6.7536,-7.6784
-5.3744,-10.656
-8.2933,5.5342
3.1877,-2.1425
6.1345,1.1342
-16.125,13.025
-8.8573,-2.6997
20.749,-4.604
7.8382,-8.1236
-7.8186,2.4367
-10.281,-4.0879
-9.5182,0.91102
-10.491,-5.8135
-9.2558,0.17243
12.946,4.9156
-7.569,-4.7065
-1.2775,-6.6309
-6.5407,11.158
-10.741,-3.3359
0.3813,7.0175
-6.3259,3.1426
3.5515,12.248
-5.9903,3.4957
-3.5006,15.362
3.8094,3.7423
2.4245,10.798
-13.89,-2.0346
6.6311,6.5732
-4.158,-14.213
-1.2981,-16.42
10.469,9.2622
0.25764,8.4561
-4.0701,-17.475
0.92099,9.2496
-10.542,-5.8168
6.9676,0.083941
14.601,-7.1016
-1.9528,1.9934
10.737,-9.0176
-5.6798,-5.5101
-10.248,-3.9064
-0.43903,12.754
5.7661,-10.626
-10.412,-5.3061
-6.0676,-14.87
14.389,-4.8098
0.92977,-3.5505
5.6017,4.9642
-13.013,-7.343
0.90069,4.0152
-13.298,-2.7758
-1.2275,13.374
-6.9018,-19.568
-6.5098,15.16
9.6085,5.6727
-9.1433,4.4075
-9.0469,1.9782
-7.6841,-13.339
0.116,8.1026
-0.73019,-0.67354
-14.485,6.5126
2.5211,10.367
-3.6119,-12.674
14.563,-5.4852
5.3509,11.178
-5.6299,15.507
-10.384,-12.848
-10.406,-12.846
10.612,-9.2852
-1.0169,-17.874
-9.8554,-18.354
-0.21852,-5.2883
-0.6461,-0.98867
-4.2033,-14.404
-0.91256,-11.987
-6.2069,1.4857
0.33955,-14.873
5.1039,11.129
-2.0928,-16.719
-8.3417,-14.145
10.563,-0.7462
4.3371,3.0528
-4.2388,-14.323
-4.1836,-1.2051
4.3942,2.9094
6.0981,8.2633
11.273,8.4785
5.732,-14.121
-6.5044,15.132
0.40522,-15.128
-3.6776,-12.506
4.7877,-12.417
-9.0343,-4.8157
-10.029,-18.474
-6.1879,-14.808
1.8455,-16.742
-3.7182,1.8884
9.0833,-0.64821
-1.3398,1.4862
4.8396,-14.102
10.405,4.139
-13.497,-10.861
-10.796,5.7769
-9.1142,-12.032
-1.7398,-19.177
-6.3328,-7.7632
12.907,6.6641
3.4145,7.0896
5.2603,5.4054
11.667,4.7787
-3.2454,-0.79582
10.418,7.7623
-7.7994,-13.196
3.5812,1.5817
8.732,8.2022
15.564,-2.9912
1.8213,-0.37573
-0.37888,-5.1277
-8.6358,0.13004
10.603,-0.95214
-8.3557,-0.58866
-8.9051,-7.2671
-1.1967,1.2534
-7.6534,-1.194
-6.2837,15.364
-14.961,0.73124
-8.3836,-1.331
7.5987,13.06
9.957,0.6002
9.3783,-7.0686
19.655,2.0338
-13.114,-2.8438
10.507,9.5075
14.855,10.748
0.040406,10.887
7.7821,-15.431
0.16982,8.7629
17.118,-1.8075
20.732,-4.346
9.6949,-6.1737
-6.6374,11.208
-0.80846,11.783
15.471,0.042718
17.695,-4.0058
20.325,-3.7434
14.04,-5.6728
-5.9315,10.823
-5.5044,-5.4774
20.152,-2.8319
-1.1173,14.465
-1.9698,2.2853
15.457,-2.3577
-5.0975,15.902
13.998,-5.8128
10.84,-9.8308
7.0317,-2.8857
1.7581,6.7522
-6.0527,20.963
-5.7382,4.8619
-6.0673,-0.79819
14.106,-7.045
-3.7069,19.482
20.495,-5.5836
14.318,-7.3947
5.6744,9.683
-7.6446,-14.182
4.2135,-19.609
2.0438,6.7058
11.118,-9.6758
-2.2478,2.1868
-8.7627,-9.3425
-2.9058,-18.813
-3.6832,-14.432
-7.3951,1.9266
4.1918,10.942
2.3952,-7.749
-13.716,8.1064
-5.022,10.427
0.0063729,5.1446
6.1317,8.6552
2.3823,-7.7513
-12.554,0.1532
9.3905,6.8016
-3.2917,-6.7853
-9.7011,-9.5089
-7.3505,7.3388
-3.6008,-6.2116
-1.2432,-12.934
-10.703,7.8082
-7.6669,2.6511
0.18137,5.3173
0.82699,-13.612
-5.5156,15.668
-8.1097,-16.014
-7.4216,-2.5799
-1.3822,-0.13042
-3.1764,17.792
-0.18158,-17.49
-15.004,-10.33
-2.9468,-3.6579
5.9665,9.1338
-1.269,-12.036
-1.0583,-12.926
11.08,-1.839
-7.8832,-6.8896
0.83811,-16.832
2.6073,2.8381
0.30084,4.7481
-0.53845,-13.833
5.3255,-15.492
4.8839,-10.672
0.32468,-17.148
1.2471,-14.802
5.6772,0.75504
5.9988,-10.534
4.6546,8.3992
0.67989,-16.861
-7.6214,15.024
-7.7584,-19.22
-13.828,-9.4247
-0.38063,-14.778
-1.0777,-12.877
-3.1301,0.30887
-8.5884,-8.9059
-10.38,-8.6084
-10.29,-15.494
2.9198,14.969
-7.6275,-2.7083
4.216,-19.605
9.3046,6.5902
1.278,-3.7849
-11.634,-5.6855
-4.3411,-13.067
10.315,-5.2313
-10.488,0.54379
0.64242,-13.982
-5.3643,-10.567
-0.19969,-7.2433
-6.597,-7.7476
5.9847,17.578
-13.913,2.3762
-8.2474,0.18112
-6.6747,-18.813
-10.481,-5.7864
-8.3514,4.0067
-0.37172,-14.749
5.1202,4.9342
2.3765,-15.088
-3.0408,10.626
5.9138,-16.091
-13.475,-10.83
5.3892,0.57436
-5.7397,-6.118
11.069,-9.6375
-13.385,-6.5231
-10.863,-3.4256
1.8088,-9.5756
3.1162,7.5128
-10.436,-4.2661
-0.049575,8.0524
8.8086,8.1355
-8.2907,-8.5519
2.825,7.9396
14.72,-6.363
-7.2535,-17.698
-4.8064,-13.856
-13.814,-10.926
5.3895,0.57448
-9.9421,9.0976
11.386,13
-4.5259,15.654
17.204,-1.518
5.3028,15.776
5.173,15.937
5.3028,15.776
-11.46,-3.1887
7.7638,-8.189
-5.4025,10.494
11.387,13
20.69,-4.1908
-14.977,8.0726
20.206,-2.9187
10.306,0.93446
20.688,-4.2252
4.8737,4.5717
15.673,-8.2794
13.31,6.5713
-14.977,8.0726
19.461,-3.621
11.501,11.794
5.0088,-4.347
-7.3525,7.3418
17.293,-0.92845
5.0942,-4.9826
5.9495,11.404
5.9496,11.404
-7.473,7.4331
-8.9966,7.0294
20.514,-3.8514
-11.158,1.0958
-11.158,1.0958
20.228,-3.035
19.282,-3.188
8.7252,1.8766
-6.5336,-14.459
5.0997,-4.9766
11.501,11.794
13.793,7.5479
-1.9044,-0.4522
7.6231,0.49088
19.854,-5.5959
-10.411,15.672
-8.6348,-12.849
-10.439,-13.673
-4.9873,-10.525
-2.6386,2.5734
-10.13,-13.438
-7.8485,-13.352
-2.7285,-2.4857
5.2018,10.452
5.2019,10.452
-10.142,-13.408
15.854,-2.3061
5.1181,-13.45
15.306,1.1261
17.951,-3.8848
11.018,-9.6627
18.933,0.034454
15.451,2.5373
15.221,10.667
9.6455,7.6835
10.875,9.1396
-15.336,14.426
13.303,6.5236
0.56326,9.1074
9.9338,8.581
-4.7664,0.5433
-2.789,10.931
17.326,2.8656
-7.3362,-13.55
7.0182,2.1919
0.1089,10.756
-5.2353,0.43956
-2.1995,0.64872
-5.4203,-5.109
14.092,-6.4686
-8.5194,-16.574
9.2557,-10.491
-8.5682,-16.338
-7.8826,-2.6323
-1.1055,-12.822
-15.339,10.466
3.1652,0.014068
15.411,-3.5769
7.2764,-0.45483
-0.23956,-15.661
-9.5821,-17.554
-3.7981,-13.554
5.7369,7.0468
0.30904,-15.158
-3.2828,0.30662
5.2145,0.0016737
-0.11987,-7.2112
-3.7613,-5.8401
5.2112,4.3935
-2.1101,1.5025
0.11447,4.996
5.9985,-14.663
6.9927,-10.932
2.2515,6.3333
-3.8287,3.9925
20.49,-3.8663
-3.8368,4.0016
-10.401,-8.6973
-0.18446,-10.602
-0.0024862,8.3994
-6.8934,-7.8244
0.71865,16.241
0.29413,15.901
0.14836,7.8807
-19.693,-4.533
-0.45844,-11.287
7.8354,-15.426
14.362,-6.9566
-8.4448,19.626
-5.9933,21.074
0.21317,15.828
-3.6433,19.192
-4.7943,20.194
-4.6134,20.238
14.155,-7.0105
-0.077945,5.2876
-0.049394,5.2537
6.3543,14.501
-7.038,19.939
-8.4046,19.463
0.45918,-11.844
-4.9373,20.152
-10.38,19.693
-4.6943,20.238
10.062,-5.8987
15.363,-7.3446
7.9277,-8.1214
10.453,-0.34361
-11.11,-2.1504
-11.665,15.872
-5.567,20.941
-5.3627,20.88
14.147,-6.866
-6.6669,17.061
5.6143,-13.877
0.0014431,15.84
-0.00216,5.1674
-2.839,18.291
-5.3958,15.958
18.779,-1.5152
2.6586,-2.6134
-2.7973,16.676
-0.40733,-11.276
9.5752,-7.0377
19.12,-4.1769
-0.063069,5.3445
-12.737,-2.6475
-0.46721,7.324
-5.2453,-5.2676
-0.48258,-11.309
-4.8385,10.42
9.893,-5.7262
7.6396,-12.318
-4.9405,20.037
10.706,5.5152
-11.784,15.849
18.84,-4.1957
-9.3234,19.142
-6.5543,17.13
-15.261,14.337
-10.182,19.276
-0.061615,5.2516
-2.8583,17.248
-5.8888,20.912
-2.9445,18.645
9.2678,-10.528
-0.026171,5.2107
-6.5097,15.9
0.24881,15.828
-0.35534,7.3592
0.068479,5.0316
5.4723,-12.695
6.8825,-10.855
-3.5615,18.886
-4.5964,20.621
-4.6078,20.188
-11.967,-3.2234
-3.7502,20.487
10.425,-0.11732
-6.5869,17.129
19.625,-3.5308
9.3158,-10.52
-3.8837,15.57
15.891,-3.2892
20.644,3.6896
-5.3601,19.742
-1.4133,-0.015572
-11.9,15.532
10.706,5.5151
5.4086,-13.936
6.101,-11.27
-5.1371,19.752
-5.4475,19.728
-11.777,-2.3048
-4.8031,15.706
-16.911,0.033209
11.065,-9.6674
9.5948,-7.4076
-14.571,1.8786
20.531,-3.7307
-10.259,-8.831
-15.375,-2.0741
5.7073,-15.565
6.843,-11.08
-5.4341,-5.1503
-7.1054,20.237
18.736,-1.3902
0.13719,15.93
-0.073267,5.2442
-0.076193,5.2794
14.15,-6.8012
-7.6752,15.004
14.504,-5.2024
-2.9589,-19.149
5.8826,-14.95
5.9523,-14.876
5.9291,-15.456
15.818,-7.7102
5.7545,-13.899
6.7504,-9.8103
-13.194,2.1946
0.56445,9.0083
10.456,0.80573
-10.115,0.068288
-0.43417,-11.321
13.183,10.688
-6.3605,16.164
9.7614,-6.0654
-3.8205,-13.426
10.209,-5.843
10.468,-0.60925
5.869,-10.499
-4.9102,15.618
0.18853,15.877
-8.1245,3.2699
1.1281,6.3494
17.287,-4.0192
-4.4735,15.638
-0.11032,5.2673
5.9707,11.931
-0.055512,5.2785
10.677,-9.4068
13.758,5.7823
-4.5429,17.268
8.3596,10.961
5.9802,-10.507
-6.4175,16.565
10.728,-9.3382
10.316,-0.58634
-10.497,-7.0952
-6.1172,-0.89562
20.427,-3.5182
0.44093,4.6069
-11.43,-2.9995
0.14509,5.6224
19.856,-4.2577
8.9252,-3.8388
10.14,-15.147
6.8701,-10.862
15.894,-2.681
8.0172,-15.525
20.513,-3.6835
20.75,-4.9225
18.922,0.020358
12.527,10.644
-5.3115,-5.2302
10.047,0.83513
0.11195,11.847
10.058,0.8116
-3.2712,-0.56165
15.553,2.7294
10.186,1.5392
8.1679,-16.187
5.4373,10.451
-15.487,11.877
-5.6605,15.686
-15.601,13.407
15.725,-8.8489
-8.0917,-12.173
16.931,1.2517
8.5515,-16.304
7.8154,-15.442
8.0643,-16.05
-5.4071,10.605
7.7493,-15.401
19.146,-3.1745
8.5874,-16.438
-3.766,20.505
8.8402,-16.42
8.654,-16.409
4.6044,7.3815
20.773,-4.7261
4.81,-14.028
-12.603,5.5177
14.45,-7.2974
9.7952,-1.1668
-9.709,-9.4757
-10.482,-12.796
2.5625,-14.864
3.1234,-19.122
-0.77467,13.485
9.0251,-6.3825
5.9704,-10.566
5.1694,-10.091
19.924,-5.3951
8.7043,-6.3691
-2.4318,2.7343
-0.45522,13.198
-1.8858,-12.881
-9.3216,-16.903
-1.2366,-18.323
-4.9992,10.306
-8.0623,5.4428
19.539,-5.273
-5.0574,-10.539
-9.499,-16.827
-9.255,-15.137
-9.2725,-16.962
5.1886,0.27522
4.8351,-14.097
5.3897,5.1781
-9.3747,-9.296
0.19324,5.0578
-1.9854,11.109
14.244,7.7706
-8.2429,-17.975
-10.487,15.693
5.0501,-10.86
-5.1899,-10.721
-3.0043,-16.444
1.5378,-12.075
1.2606,-13.107
-0.14112,-15.477
-4.2579,-16.848
-13.924,8.8081
4.2423,-13.426
4.2365,-13.402
-12.706,-6.2476
-8.7115,-9.5997
1.9418,-0.38025
-7.8327,-15.542
16.953,1.3983
-13.974,5.5042
-2.3561,2.1989
-19.543,-4.1352
-6.7705,0.85727
-6.7704,0.85732
-11.792,-3.9443
-7.519,-13.975
-2.6099,-18.315
0.93327,-13.835
-5.3915,-5.2094
-6.2847,16.35
-4.5313,15.621
-7.2711,1.3531
19.073,-0.97458
10.618,-9.3338
20.564,-5.368
-5.6606,-14.532
-11.174,-4.2187
-0.68376,-7.5492
-0.49279,-13.039
-10.82,19.13
11.106,3.068
-0.50616,-17.415
-10.903,5.3413
15.457,10.342
9.6573,-15.534
2.7785,-7.5128
20.777,-4.9983
3.6006,1.5654
-8.2996,4.2058
18.904,0.012083
8.3352,-9.2518
11.054,-9.5049
-3.1257,-16.414
-6.7241,-7.1209
5.4537,12.53
19.725,1.5158
7.7944,2.8848
-4.634,-17.314
-0.50811,-3.6919
7.0917,0.73971
-10.181,-8.3618
-1.3867,-18.414
-2.6357,2.9252
-4.9889,-10.587
5.8984,7.1691
-12.737,-2.6475
-14.973,1.1007
-0.34253,-4.9015
5.2855,-12.195
-0.41995,-14.064
0.86292,-12.48
15.482,-2.4821
11.133,3.3972
-13.046,12.881
-13.122,14.35
-7.1993,-8.6871
10.628,-9.8476
-0.32559,-6.6715
-0.57809,-16.654
5.1203,8.9526
5.0082,-10.793
-7.1246,-13.933
17.654,2.9997
-8.3193,-14.384
20.007,2.2444
-1.613,-14.62
-9.1317,5.8308
1.5481,3.705
2.8941,6.709
-1.3583,11.581
7.6571,2.6806
5.1151,-10.198
14.149,-4.0761
7.4466,12.849
-10.38,-3.319
-5.4801,-7.6848
1.6901,5.6
-9.936,-1.5164
-4.1049,-0.20316
-5.096,-10.606
10.829,-9.4467
5.5032,5.1059
-6.4249,-16.239
6.0111,-13.45
-13.774,14.026
-12.725,5.5134
-4.0791,-0.39907
-4.1371,-0.57284
-5.1733,-15.785
10.534,-16.077
-10.67,-4.4542
0.11089,-5.3786
-16.009,13.365
0.48138,-11.787
-7.5779,2.635
-14.455,6.3701
13.703,9.9363
8.8141,3.5665
-0.43058,11.77
-6.5232,-15.717
-3.3142,16.167
-2.4169,-13.163
9.5223,-15.717
-3.222,-0.62362
-4.6956,-15.213
4.1589,9.1155
7.5426,-0.73914
15.676,-8.2125
-10.798,19.148
5.2534,-0.0033611
-8.0129,-0.52272
-4.4611,1.7229
-5.1357,10.584
14.61,1.2473
14.646,1.292
18.489,-0.032048
18.495,-4.0494
15.693,0.20254
8.5131,1.0325
14.121,10.963
8.4087,0.73562
20.694,-4.2245
10.267,-5.0023
17.695,-4.0057
20.761,-4.7021
14.543,10.881
15.712,-3.5853
15.448,-2.6575
10.103,0.95964
7.3426,2.0387
19.26,2.6313
8.8594,3.674
7.8623,2.598
15.532,-3.5438
18.557,-4.44
16.46,-1.6929
19.673,1.8108
20.468,-4.9675
13.378,10.836
-5.9757,5.6016
8.8719,2.6004
6.6794,6.4316
15.274,-7.4048
15.338,-7.241
15.372,-7.3064
8.4644,0.67533
15.274,1.478
10.911,3.0252
10.908,3.0764
18.955,-5.7429
20.414,-5.2032
-17.136,4.3643
15.228,0.09939
-1.5365,0.11785
7.8432,3.0329
7.0542,-2.7657
15.457,2.5635
12.485,10.61
12.513,10.631
10.425,-0.11744
9.0045,-6.8075
14.573,6.0829
15.339,2.3123
10.65,-9.2563
3.7366,1.5538
15.445,2.5509
18.354,0.064937
20.472,2.9587
19.08,-1.0616
12.326,10.474
13.903,8.59
3.9419,5.0331
9.2906,-6.9451
9.4421,-7.2131
15.277,3.1248
14.496,-5.1321
15.556,2.7044
19.239,-5.7051
6.6147,2.0308
-4.4857,3.8997
7.165,2.0041
-1.4044,1.318
6.5877,9.6569
8.7527,2.0055
13.102,4.9839
15.272,3.106
13.472,10.749
13.397,10.739
10.16,5.3828
7.0674,12.629
-14.961,-0.059992
8.4366,12.869
3.3522,2.5489
20.369,2.9372
19.373,-5.5932
14.243,9.6632
10.591,5.6112
15.609,2.7846
20.732,-5.182
10.933,-9.7172
-11.113,8.7056
-10.371,-15.951
17.786,0.37235
-2.3962,2.5647
-10.475,-15.716
5.4488,4.9902
13.532,-6.1344
14.368,-5.4164
8.875,-1.3208
15.931,3.4014
13.453,5.8443
10.709,5.5155
5.1232,5.1008
12.826,5.1701
20.384,2.9672
11.058,9.8877
11.41,5.6434
13.989,9.5498
15.644,2.8808
15.683,-7.713
-8.7474,5.8319
4.9922,-0.053159
-10.688,5.293
-1.844,0.20463
-4.0378,1.5849
6.8665,7.7742
5.2829,10.383
-6.3678,4.7667
-10.844,5.3431
3.1018,7.399
3.4504,7.0103
11.902,10.268
11.805,4.0244
4.3037,3.6697
10.679,5.5678
14.56,-5.3445
10.909,-9.7136
-10.328,-13.487
-12.903,4.8808
-12.693,4.6672
-10.627,5.3505
-4.5726,0.76441
-8.4581,5.6854
-10.201,5.7373
-10.993,5.6593
-10.321,5.6261
11.86,10.293
13.783,8.7156
-17.193,6.8369
5.4348,12.5
5.1557,13.285
20.32,-5.4321
5.2242,5.3481
19.456,-5.6755
-14.89,-0.14022
-14.903,-0.0079477
-5.4055,10.445
9.7081,5.8489
-5.5315,10.45
-5.5457,10.46
-5.5226,10.455
-5.5226,10.455
-5.5682,10.507
-8.7056,4.4604
-4.5868,0.28596
-1.4753,-0.058123
-3.1782,-1.0133
-13.859,4.5717
-11.175,5.0945
10.685,-9.0207
4.7014,0.031084
-13.904,2.1772
-13.904,2.1773
-0.30465,6.9514
14.094,-8.2867
3.8186,3.7025
10.85,9.7434
15.526,2.7432
5.127,-5.1939
10.482,9.2965
10.481,9.3262
10.955,9.7822
9.9652,7.0754
-12.978,5.5245
-9.2672,2.6773
-16.171,-0.45749
-11.867,6.5428
-0.047392,5.2721
-7.4593,-2.7735
0.62003,16.136
2.4204,6.792
0.12932,7.9181
-2.6025,10.922
5.2807,-6.2426
-4.6024,20.693
0.60564,11.535
0.59931,11.546
5.4163,5.1515
-5.2534,10.407
-2.7317,-2.3889
-8.059,2.8304
-7.4867,-17.247
-0.27741,-4.8533
-17.96,-2.8504
-6.2874,-17.858
-18.031,-2.8784
-10.907,-3.3249
-17.875,-2.7478
-12.658,-10.56
-16.792,0.11249
-10.178,-18.032
-4.0474,16.461
-4.6659,20.288
-5.1158,20.28
-11.707,1.1791
15.459,-8.7266
0.39861,11.409
-4.7943,20.194
9.6344,8.8154
-4.6092,20.628
-5.3897,10.445
-6.5869,-15.917
-10.023,-0.052829
7.7559,-8.0716
-5.4533,-5.2211
-10.035,-18.463
7.816,-8.039
-18.167,-2.7849
-13.664,-4.1191
-12.414,-10.578
-0.40679,7.2823
-18.291,-2.328
-13.196,-2.771
0.066452,15.713
-0.041403,5.346
-13.417,-7.4726
-11.761,-3.1687
1.5942,-0.60305
0.26524,13.445
2.7478,-2.6486
-5.9472,21.048
-5.2502,19.759
-3.0075,16.606
5.6289,-5.5595
-3.2391,11.361
-5.1987,10.504
-5.7996,-5.8416
-5.5418,0.609
2.0378,-16.962
-14.165,-10.464
-9.6581,-0.064466
-13.224,-7.7195
6.3117,-8.7332
-13.628,-4.244
-9.8481,0.028597
-0.028183,5.3244
-9.7493,-18.69
-15.382,-2.171
-5.4413,17.806
-11.295,1.2074
-10.446,0.45139
-4.2285,17.921
0.026113,15.833
-8.1731,19.363
-7.1708,20.538
-7.9727,19.402
-8.2397,19.624
0.077368,15.898
-5,10.308
-2.8074,16.623
-3.9914,20.473
10.706,-9.8675
0.6579,-16.762
0.74976,-17.106
2.3658,-15.795
10.472,-9.6409
-13.909,8.1172
-12.851,-9.4636
-13.391,-7.2185
-10.368,-8.2343
-8.7011,-2.6312
-13.327,-4.3399
-11.191,-9.0003
1.4053,6.7122
2.6327,-2.7773
-0.072121,5.3833
-3.7281,15.54
1.7364,3.7223
-3.1619,10.574
-6.036,10.882
-8.3583,19.437
2.7016,-2.6383
-5.2848,-5.2398
-5.4071,-5.2133
-5.1099,-4.9157
-6.589,17.116
-13.846,-4.479
10.223,-9.736
-6.613,17.073
-6.5988,17.283
-4.7068,15.823
10.734,-9.9414
-13.027,-5.0858
-5.1544,-10.617
-6.5502,16.93
-5.0667,-10.584
-10.427,15.687
-0.22682,-4.9608
8.848,-9.0013
-7.283,17.984
-7.364,-2.7396
10.386,-9.5382
-7.3793,11.608
-8.9888,1.1992
10.669,-9.7366
-7.3222,-0.19774
2.6655,-2.8387
-9.5296,19.097
2.6681,-2.5939
-3.0356,-13.179
-4.7931,-17.666
-9.7974,-9.0281
-8.0372,-0.60204
-11.563,15.88
-0.0097329,-5.1431
0.2179,-5.2002
0.074888,-5.2782
-6.6385,16.671
-9.6613,19.092
0.15965,-14.678
6.9379,-10.764
-9.8277,-9.0145
-4.2457,-18.956
-10.418,19.267
-19.699,-4.7468
-13.877,13.989
10.708,-9.991
10.598,-9.755
3.0986,-7.9879
6.9577,-10.847
-10.412,19.242
0.049847,-5.3551
0.40382,-5.2069
-4.9748,10.566
0.44321,-13.871
9.9736,-9.9323
9.2311,-10.536
9.2311,-10.536
9.1784,-10.563
9.1547,-10.576
9.1824,-10.571
9.1859,-10.565
-13.841,13.28
-13.627,14.029
-10.55,19.367
-13.873,14.149
7.0121,-9.6785
8.1194,-10.806
-5.3052,15.473
9.2484,-10.533
9.2392,-10.542
9.2378,-10.542
5.5203,-10.382
9.2171,-10.557
9.2271,-10.553
-13.827,13.034
-14.134,13.911
-0.21563,-10.818
-15.491,11.77
9.2394,-10.534
-0.092564,-6.0195
-13.998,13.728
-0.10502,-11.082
7.2892,-12.613
7.2754,-12.637
0.46027,-11.915
7.2217,-12.673
7.1799,-12.7
7.1253,-12.741
-0.37396,-11.577
0.17921,-10.605
8.1478,-11.084
8.1161,-11.066
-0.020028,-10.818
5.696,-13.518
5.3168,-11.828
4.3998,-13.639
7.6636,-12.315
0.2474,-6.6844
6.7934,-11.285
6.1624,-14.775
6.1375,-14.767
5.5404,-13.006
5.6126,-13.99
6.2058,-13.656
5.1191,-13.92
5.2665,-12.268
2.9908,-18.993
5.0154,-13.993
5.1135,-14.251
5.7921,-14.859
5.8901,-14.95
5.9498,-15
9.5087,-15.456
5.8353,-15.003
8.7328,-15.088
-15.312,14.417
7.294,-15.242
8.9025,-15.447
9.5001,-15.659
9.8281,-15.631
9.3536,-1.4165
15.618,-7.4623
14.208,-6.9829
5.9627,7.8071
5.893,3.751
6.2203,8.4828
-5.3891,3.5498
-7.6353,-13.045
14.023,-8.4381
-3.7302,16.346
5.3531,15.547
-11.983,8.5563
-3.0621,-3.6997
7.1822,-9.0077
10.327,-9.7498
-4.8702,-18.518
2.042,-14.269
-13.695,-9.7119
-6.5035,17.311
-8.0254,0.059755
-1.3067,-18.284
3.0986,-7.9879
5.9771,-10.767
5.6771,-13.529
-16.11,13.087
5.0814,-12.914
19.306,-4.0961
7.4129,-8.7176
7.6814,-17.515
20.274,-4.3325
-10.591,7.1479
1.8764,12.773
-7.7809,-13.055
-8.3995,-6.1198
14.443,7.709
1.7377,-0.41965
11.071,9.9162
-10.273,-17.443
-8.2658,5.5365
-8.0401,-13.155
-11.961,4.413
-4.1999,-0.23353
-12.165,6.7773
-10.382,7.3183
4.8181,12.555
-13.863,2.3517
-5.7479,10.694
-1.8716,11.315
2.001,-0.30767
-8.8131,-17.681
-7.625,-18.109
-7.6729,-17.746
-2.9023,-2.8983
4.9784,-0.020226
-15.323,-2.0913
8.7071,-14.999
10.703,1.9594
-4.1872,17.629
-10.518,-13.254
2.4456,-2.8297
5.1035,-12.864
2.2643,11.428
3.021,11.378
-0.65244,15.164
-4.6946,17.373
-15.151,-10.378
3.0209,11.378
-4.9743,-10.828
9.5234,-15.493
-4.8952,10.066
-2.4741,17.934
-5.5189,19.726
17.095,-3.7922
18.895,0.0073648
-13.667,-9.7383
5.2719,-9.9637
-2.8553,-3.5959
0.42634,-3.7422
7.9549,-15.36
-2.9804,-16.701
8.6279,0.16659
-5.0242,10.538
-5.7938,21.005
4.2116,0.70376
5.2641,5.3344
9.0514,-16.465
10.541,-16.08
4.6288,-13.753
14.586,-7.1719
7.7814,-16.611
10.664,-16.326
-4.1371,-0.57284
9.4626,-7.5928
7.4964,13.205
14.209,-6.9844
-5.4102,-5.2157
10.667,-16.312
10.581,-16.132
10.085,-15.177
-4.1794,-12.567
5.1868,11.826
6.7102,8.8542
15.427,2.438
15.393,0.75607
7.4129,-8.7176
-4.7949,17.395
11.678,11.345
-16.037,-0.87779
-7.5037,3.6116
-2.5955,-1.636
-2.5954,-1.6361
-19.696,-4.6551
-12.222,15.155
-14.389,-0.34939
-14.389,-0.34942
6.5089,-9.9719
-3.169,0.17916
18.237,-4.7559
15.832,-3.0674
9.6039,-15.483
13.758,5.7822
13.758,5.7823
16.903,8.0645
5.6375,-15.587
-14.393,-1.3183
-9.8404,-14.956
-9.8404,-14.956
14.72,-6.3629
2.8492,12.982
2.8491,12.982
-5.0374,-19.875
-5.0373,-19.875
9.6892,-15.709
-7.1423,5.7569
-12.66,0.16489
10.775,8.2898
10.775,8.2898
18.905,0.092395
6.0983,8.2634
-4.4335,20.628
-2.467,-7.9141
-2.467,-7.9141
-2.467,-7.9141
-2.467,-7.9141
-0.65313,-17.554
-0.65331,-17.554
9.2097,6.8874
9.2094,6.8848
0.0043893,5.4095
-4.7949,17.395
10.666,1.8643
10.956,2.344
11.053,2.5308
11.053,2.5308
-5.8961,-2.0437
-8.2756,2.8527
-8.2747,2.8526
-1.9853,11.109
-1.9854,11.109
10.433,-9.2511
6.0131,7.8457
-13.593,-7.1012
3.7752,11.879
-11.949,4.8384
-11.949,4.8385
9.8439,-5.872
8.6879,8.21
-7.6863,-13.232
-7.6884,-13.233
-15.337,-10.308
-15.338,-10.306
15.663,3.0413
-10.775,4.7192
-10.774,4.7191
5.1437,10.649
0.37468,7.4168
1.8455,3.6896
-13.107,-8.3758
-5.8018,-1.3984
0.31498,16.194
-13.097,-0.00030201
-13.097,-0.00024149
-4.117,-0.40181
4.7287,-12.357
-12.833,-6.3969
18.886,-4.1976
10.628,-16.518
9.7466,-15.574
5.0314,-10.638
1.3662,-12.935
-0.64846,-12.551
0.065424,-15.385
-4.9905,-5.8338
5.2629,-11.385
-1.2902,-17.145
3.5224,2.1729
-13.962,2.713
19.455,-4.8292
2.9554,-0.088664
-0.12669,-15.593
-5.8844,-5.949
-2.1553,0.33199
-6.9139,-6.2039
-2.9758,-13.593
2.2829,-14.802
-8.0921,-9.8372
5.6343,-13.508
-5.5597,-2.1125
8.4191,-7.4869
10.478,-9.7468
-2.8395,-16.852
14.967,-7.0341
0.60446,-3.0678
4.6531,-12.104
-3.8357,-13.308
-4.8373,-6.5694
-6.2273,3.3312
-10.426,15.64
-2.9196,-13.289
9.6438,-15.771
-0.32295,-14.032
-5.4112,-5.1758
10.954,-9.5808
-14.324,13.281
5.0085,-15.432
0.14729,15.795
10.59,-16.137
5.0764,-4.9546
-5.3498,-5.2017
-8.4297,-12.729
-5.1786,-10.615
-4.4227,-4.4769
-0.17023,-14.229
-7.8149,-12.923
-5.0036,10.254
8.7491,-15.605
8.3294,-9.4449
-10.62,-3.399
-6.8763,-6.5145
15.563,10.789
1.517,-14.442
0.72499,-1.7279
-0.51923,-16.031
-3.6135,-13.237
1.5544,-2.0186
14.362,-6.9565
-2.8327,-2.2802
4.2652,-19.637
-10.423,-4.1606
14.234,-8.053
-14.059,-1.664
1.1659,-16.486
-9.0386,-12.039
0.43606,-2.1533
3.8434,3.9409
7.8061,2.7864
-1.1295,11.5
0.30796,13.222
4.9962,10.837
4.9542,-10.816
10.183,-5.2215
4.6015,-12.941
-5.1972,-10.693
3.7102,-9.2726
3.9712,2.6406
-0.43888,-13.812
-5.283,-5.191
-9.7878,4.6974
-7.9213,2.5598
-6.607,-12.293
2.1346,-7.8449
10.325,-5.2979
10.611,-9.1268
2.0386,2.3537
6.0926,7.3046
2.2172,-7.8081
14.388,-6.477
2.1099,-15.136
-10.109,15.551
10.54,-16.088
-2.5843,-12.996
-2.6156,2.7547
9.4582,-15.795
-2.9479,-11.99
4.8589,-5.8696
10.492,-9.5247
4.2131,-19.356
-4.4227,-6.7431
-0.21638,-15.567
4.5835,-9.8031
3.1507,-19.113
17.007,-3.748
-8.9233,4.5827
-4.9922,-4.9229
-8.5098,-10.031
5.2155,0.0051068
-2.9345,10.654
0.032075,-5.2994
10.631,-9.3708
-7.8077,5.0653
11.624,10.125
1.1222,-13.224
-5.4732,-6.5782
-3.7033,-14.831
9.9457,-15.393
14.369,-7.4856
-2.9381,10.67
-8.9757,8.0436
9.6802,-15.616
4.7943,-15.033
6.2783,0.20612
2.6646,-2.6585
-5.4295,-5.2021
10.507,-9.5482
-0.34132,-10.719
-3.8606,3.9679
-0.77646,-15.06
-5.001,10.286
1.0249,-13.851
1.8021,-16.229
-1.7622,-17.067
-4.023,15.921
-6.7367,-8.0391
4.6939,-12.592
-4.1661,-14.537
1.6923,-13.572
5.8922,7.227
-5.2262,-10.628
0.48338,-13.652
5.4951,-5.658
5.0085,-15.38
-3.3826,-11.007
-5.3305,-10.635
-0.76779,-15.123
-9.6731,8.2916
0.35708,16.204
-3.8778,10.365
1.0638,2.5064
-6.9739,-12.677
4.6465,-12.619
-7.9763,-3.4552
1.2764,-12.789
0.47259,-2.1215
-5.1164,10.461
19.233,-3.9649
2.4067,2.4791
14.235,-8.2931
-3.2648,-14.038
13.673,5.7605
1.8764,12.77
-0.02707,5.2236
10.554,-0.69011
-10.931,-5.6164
16.083,0.45306
-7.6819,15.009
7.0269,-11.17
-3.3757,14.521
1.7752,14.704
6.6519,2.3382
-2.361,-4.3038
7.8534,-16.488
9.0009,-15.758
-4.8161,10.432
0.67538,14.49
-5.0028,10.35
7.8999,-16.706
14.832,1.439
11.066,-9.675
-1.571,11.395
20.437,2.9844
-13.299,-5.0535
15.421,0.15619
4.922,10.596
-11.158,1.0958
7.1351,-15.215
-11.789,15.559
8.1663,-16.21
5.6854,-15.565
6.0571,-13.426
15.312,-6.6451
1.4161,13.734
9.8009,-15.507
3.8745,-8.1437
-2.8497,17.359
6.6985,-13.522
-2.8423,-12.28
1.9723,-15.452
-0.46868,-15.942
-1.1933,-15.062
-8.6784,2.7537
-0.07902,-15.368
-11.744,15.867
-2.0492,1.6689
0.43347,-17.367
0.83565,12.593
-7.1543,-8.8257
-8.6764,19.395
12.127,8.4037
-0.45856,-11.287
9.3267,-6.983
-13.648,-4.7171
-15.375,-2.0741
-9.4697,19.132
-19.696,-4.6551
-11.597,-2.0664
-8.8354,19.401
-0.031842,5.5698
15.48,-3.7092
8.9888,-3.875
10.744,-9.9023
7.9019,-12.166
8.0339,-15.168
5.2807,-4.5793
4.2415,-7.7119
5.3012,-4.6925
-3.3997,14.519
10.491,-1.8731
0.053894,15.889
-14.383,13.202
7.3302,-9.4287
-0.08986,5.2832
-0.081572,5.2658
9.9789,-5.6622
4.2484,-19.626
1.5222,-0.66953
4.5461,-4.3772
-9.5766,-17.423
5.6447,-15.595
7.9231,13.007
16.974,-1.8912
5.3049,-4.6956
17.723,-4.2436
14.092,-6.4687
1.2457,6.8282
-7.943,-2.8587
6.887,-11.118
-1.8833,-3.6861
4.637,-19.56
19.964,-3.7555
0.17297,-15.068
-2.7093,-2.0121
-10.717,7.8523
2.2771,2.5728
0.40947,-5.2318
-8.1947,0.21197
14.72,-6.3649
0.22483,-16.091
-4.6991,15.657
-0.37771,-13.788
10.134,-9.8063
-4.4497,-14.315
-7.2452,-11.747
-7.6913,-13.339
7.6363,13.216
-2.2104,-13.271
-13.068,12.908
-12.846,12.814
6.4002,-13.525
10.161,2.8275
4.5857,-12.591
5.212,-15.637
-7.073,0.67557
-1.8664,0.64646
-7.4934,-18.881
-0.1548,-14.31
2.6868,-2.6279
-5.4141,-11.029
1.5384,-13.369
-0.93754,-14.043
-9.6845,-14.496
0.29084,-2.4477
0.3864,-5.0947
2.034,-14.768
10.409,-9.6776
-7.2029,-17.737
1.1977,-14.112
-4.6378,-16.049
-14.53,12.837
-0.48153,-15.975
7.8015,-8.2258
0.3714,-5.2244
2.6132,-7.8397
10.219,-5.7985
-0.040127,-7.0589
10.643,-16.206
4.6226,-12.634
1.9638,13.277
10.164,-2.0732
-2.6656,-15.134
0.089351,8.4358
-6.701,-7.934
10.72,5.2134
17.01,-0.72168
4.4047,-13.663
-10.214,5.4205
5.6108,-10.603
-9.6029,2.8445
1.1441,6.3372
-7.6539,15.006
5.7141,-10.505
5.4538,-15.4
11.121,5.0138
-6.5469,-3.5701
-0.93256,-14.113
5.7248,7.8899
14.037,-7.7039
7.1129,-12.768
-1.886,-12.881
-3.5698,-12.435
8.1299,-10.993
2.6093,-2.6492
8.8024,-15.359
8.3518,-16.104
7.8116,-17
9.0222,-16.457
4.9253,-15.396
-5.2583,15.751
10.734,-9.9414
-4.1719,17.576
-5.3281,15.486
4.2257,-19.621
7.8175,-16.506
5.5777,-10.576
4.2231,-19.618
-5.3922,20.93
2.5439,-2.6951
8.2431,-11.104
7.2888,-14.943
5.0554,-0.010448
4.718,-13.686
6.8576,-9.7069
10.247,6.0981
-19.141,-3.1911
4.9584,-12.852
5.365,4.7306
8.0799,-15.472
20.693,-5.3076
-9.9947,-9.0921
3.9107,9.2603
-14.634,-0.066994
-4.2884,17.173
-0.23255,-15.689
-14.189,14.294
4.1471,-19.505
19.475,-3.8143
-3.6174,-0.58115
10.696,-9.7072
2.3114,-14.735
1.8133,-14.442
-5.0818,-10.585
-0.39688,-15.773
8.2211,7.9224
-4.4228,15.792
7.8339,0.033051
-2.3258,0.45793
-5.1832,-11.21
-0.12469,-7.1849
-1.0798,14
7.8135,-8.3252
-0.34719,-14.884
-12.77,14.545
-4.6777,-6.5688
4.7262,-14.819
-10.397,-5.3041
-1.6519,-3.909
-6.5851,-7.6432
8.4068,-11.185
2.0607,-0.36865
1.333,-14.805
-2.1344,-12.841
-0.85542,-3.6487
-5.1834,-10.579
-5.4376,-7.555
2.0693,2.4618
0.78873,-13.199
-3.0831,-5.7963
-6.69,-6.0768
-3.0152,-3.6425
-5.4505,-10.791
5.4113,11.106
-4.7338,-14.582
-2.8272,-4.0569
5.0854,-0.053835
1.0955,-12.719
3.9257,-7.5064
-0.17453,-5.5448
-0.17546,-5.6553
-7.9613,12.005
-2.8338,-18.299
-7.4961,6.0787
1.6,-13.75
5.1309,-15.247
9.8554,-15.515
10.589,-16.139
-6.7153,-7.9399
0.56917,-13.096
-14.956,0.52127
-5.3548,-6.7365
9.2557,-1.8004
0.20374,-15.798
1.9949,2.1261
-14.982,-7.1614
0.71453,3.9756
-0.93748,-17.697
9.5048,-15.734
0.17909,-15.955
5.0146,-15.538
-9.0809,-0.69743
-0.33489,-5.1138
5.632,-10.466
2.0538,2.5727
4.6647,-12.626
1.0132,4.1556
0.29606,-6.7315
-11.937,-9.1792
-3.6348,-11.737
-11.148,-8.6628
-13.639,-10.566
10.616,-9.881
-4.9473,-6.2911
9.7568,-15.581
9.4098,-15.588
3.3829,-7.9448
-5.4917,-10.967
10.491,-1.7232
4.9182,-15.297
0.13687,-5.2578
-2.986,-3.1711
5.3168,-10.151
-2.7444,-16.297
-7.9142,-13.835
-3.763,15.924
-3.5733,-11.605
5.29,-12.363
10.627,-16.188
3.1611,2.2629
-5.3447,-5.1548
-2.9399,-3.604
0.71696,-13.776
17.293,-1.5897
-4.8672,-10.55
0.20925,-5.3096
1.505,-12.775
-8.7194,-9.7566
15.979,-7.442
-1.584,-12.767
-7.1448,-13.039
2.6762,3.6375
-9.1824,8.0608
0.63883,-1.8199
-5.7724,1.5526
10.498,-16.047
0.21123,5.4863
-6.2348,-7.8653
1.8073,6.0036
-4.3261,-17.35
-5.9494,3.638
1.7993,6.5317
-5.0888,-10.579
-14.258,10.54
-7.8817,0.51866
0.66379,-3.7241
3.5043,-10.024
-2.7941,-15.278
-4.3127,-7.5527
10.35,0.57375
5.7891,-16.035
-1.8111,-13.238
-0.56739,-13.577
-5.4912,-10.939
1.2255,2.6268
10.66,-16.325
-3.7588,-11.31
5.1184,-0.11953
2.0987,-15.496
0.26748,-2.5276
5.2003,5.2948
1.4669,-13.751
5.2852,-12.709
0.14503,-6.8151
10.37,-9.7404
-7.7804,-6.0066
-8.7941,-4.8153
4.2787,-0.01489
-5.6614,-2.0466
-2.6068,-13.152
10.572,-16.123
1.9347,-16.769
4.7652,-9.4682
1.5095,-1.9813
-8.3654,0.92849
-0.35156,-6.6005
-6.5122,-7.2866
-16.17,13.319
1.4113,-13.543
-3.2636,-11.165
0.98268,-13.701
0.034805,-6.7987
-0.75684,1.4355
2.7038,-2.4645
-1.0015,-12.413
-14.04,-10.098
10.645,-16.392
10.649,-16.53
0.54537,-14.835
20.681,-5.1627
-0.10537,-15.031
5.122,-12.899
1.3118,-12.713
3.4469,-9.2202
-7.561,-13.14
-6.9778,-0.48076
-4.8185,-15.568
2.9292,-0.18975
-3.1652,-13.895
10.033,2.9223
1.5236,3.8091
8.6345,0.3001
-8.0117,4.0367
-5.0504,-0.3442
2.2862,-17.012
1.9613,-16.141
1.5315,-15.122
5.0538,4.6328
-3.0166,-12.038
-1.0947,-12.283
10.648,-16.505
-4.5598,-6.6773
-6.9796,-12.477
6.1663,-10.954
-1.3703,-16.897
3.5577,-8.6176
-7.809,-9.7015
-15.496,12.661
17.168,-1.5781
1.9971,2.5176
5.0626,-10.87
7.7721,-16.328
-5.1911,-19.402
18.382,-4.5008
-10.199,-6.9223
3.5784,-8.1827
0.17218,-15.232
-5.2898,0.56323
-9.2816,1.8574
10.524,-9.7339
-4.707,-6.5845
1.8887,3.7401
-2.4753,-13.138
-2.325,-13.123
2.0584,-14.754
0.29977,-14.494
-0.52038,-16.183
-2.0463,-10.337
0.96543,-14.061
1.4304,-13.835
0.86285,-14.492
-7.9383,-6.3769
-3.3982,10.479
8.2526,-16.047
2.0568,-16.328
1.0866,-13.012
-2.3192,-13.319
0.033726,-6.9465
0.11638,-16.015
-3.329,-12.543
8.0555,-16.163
-5.9047,-5.6432
3.4067,-7.798
-6.4095,-7.2849
-5.0237,-10.569
1.2362,-12.925
-2.6641,-14.038
8.1513,-16.216
-5.0996,-10.557
-5.6265,-5.2936
-5.4126,-10.682
-6.819,15.875
10.662,-16.304
0.7389,-3.4182
2.4908,-2.8389
9.7045,-15.477
8.3449,-16.128
10.105,-5.5938
-4.6869,-15.393
9.7233,-15.612
-2.728,-0.41743
9.6913,-15.666
14.893,5.7073
-2.6134,-16.561
-8.943,-9.3347
-5.2455,4.8929
-3.7605,-5.7053
5.147,5.2899
-10.141,7.693
-3.9134,-5.776
5.3608,13
5.5717,11.455
8.9614,-6.6426
5.2936,10.32
-2.5711,-12.992
1.2457,6.8282
