-8.6482,17.819
-3.0753,-8.0299
-14.839,-5.9754
9.4705,-3.4264
-9.9688,0.98378
-16.898,2.751
-0.67506,-20.169
0.9225,-20.068
0.3034,-19.659
1.096,-2.5285
-5.4393,0.25997
-12.565,19.84
-6.4674,2.2318
-5.5108,-10.72
-17.175,1.6102
8.8071,-7.2628
-12.703,0.037934
-18.732,0.37032
9.4988,-10.226
-14.948,-2.0841
-12.67,-0.12904
-17.914,-4.5542
-12.349,-13.315
-16.733,-6.5385
-13.304,-19.848
-17.781,0.31759
-19.214,-0.73249
-5.1742,-11.235
-7.7048,1.3995
-8.5147,-0.46255
-17.615,0.81273
-18.988,0.39598
22.614,-5.5287
6.3954,3.2693
6.4705,17.635
9.6139,-9.9148
4.5541,-6.3606
5.8155,3.8284
7.2281,16.372
-10.99,18.193
-12.921,5.9167
-12.676,-0.16494
-6.7864,-19.079
-12.495,-13.357
-17.442,-10.441
-16.825,-6.5364
-5.9188,15.128
-12.543,-0.24917
-16.736,-6.4226
-13.256,-13.395
-8.3046,-21.379
-14.879,1.0746
-16.901,1.882
3.7613,-1.4812
12.329,-6.801
-0.4661,-0.6372
-18.543,1.2056
11.822,11.881
-19.079,-0.70566
18.506,1.3598
-19.865,2.4225
-13.47,-18.771
4.9781,18.805
0.53849,-2.3579
9.6226,-16.528
-7.8788,-0.61061
-11.634,-2.4395
-17.787,-0.28061
23.593,-7.4307
-10.104,-10.12
6.9229,-2.0699
-6.0715,-17.437
-6.9695,3.9803
21.678,-6.8965
-0.77878,-6.3924
1.7187,4.4347
3.2743,-17.169
17.839,-6.9478
-9.0306,-10.268
11.612,-13.43
-13.401,6.9682
-10.401,16.826
-12.7,-13.461
11.296,-13.748
-10.588,5.7212
-12.699,-0.28624
-11.955,-5.6697
-6.7829,1.6662
-17.831,-0.40895
-15.792,3.8683
9.5622,-10.148
-13.084,-14.868
-13.443,-20.361
-19.103,0.25931
-9.2858,-20.045
3.7182,-7.6993
-17.575,-0.79788
-3.2644,-10.072
3.6238,-15.594
2.9855,-16.873
3.005,-16.855
3.0278,-16.889
-12.173,4.735
-15.839,3.7046
-16.201,-6.8298
-3.284,-13.604
-12.689,-13.489
-9.7302,-6.4818
-13.449,-13.121
0.19321,0.26974
-18.998,3.3795
-13.943,-2.1821
9.0786,-16.369
-11.544,-2.4703
-15.522,-10.915
-9.7983,-3.1531
11.861,12.113
-15.037,-0.45092
-16.737,-6.543
-18.094,-1.085
-19.321,3.231
-17.984,-0.08203
-9.4747,0.086802
-4.5958,-2.5635
16.205,-1.2575
16.449,-1.0387
-5.4533,-10.855
6.1235,3.4062
19.102,-6.6345
2.2307,-13.644
1.8344,-21.059
-12.186,18.22
-3.8769,-8.0921
0.030178,12.54
0.31302,-20.274
0.22476,-19.489
-3.3358,-4.0693
-13.449,-20.295
-13.45,-20.468
-13.563,-18.873
-18.724,-0.85425
-7.5684,-0.5961
-13.414,-19.492
8.8861,-13.732
-7.7589,-0.631
-7.8685,-0.60947
-8.4678,-0.46249
10.068,-12.236
5.2428,2.793
-8.3765,-0.49931
3.2116,-1.5552
13.809,-12.698
3.8049,0.3634
9.2791,-16.039
9.7619,-16.116
-2.2658,-7.9286
9.0069,-14.315
8.4999,-14.33
-8.0748,-0.58132
-7.0903,-0.33434
-3.2842,-9.9273
-1.1469,-19.843
-14.053,-6.761
-15.715,-10.783
18.024,3.2131
-15.823,7.0724
-14.381,-13.3
13.468,6.7667
-9.6187,-20.508
21.166,-5.3869
20.521,4.4454
-11.108,-15.015
-12.956,5.8822
-12.738,1.4578
-11.017,5.8153
-3.23,-6.9835
-18.38,-8.1497
2.9904,-6.2153
-6.4067,-3.4942
9.8845,-2.4707
12.235,-12.882
14.246,-12.639
16.333,6.1715
4.1696,-7.9574
-11.308,-16.302
1.4425,4.6635
2.4137,3.6273
3.6813,-15.679
-9.9917,-9.5913
12.279,-6.8208
-9.4137,-10.197
3.2365,-17.158
1.9996,-0.41777
12.5,-6.7102
15.029,-13.358
5.9459,-13.559
11.644,-13.478
11.025,-13.315
-3.3722,-9.9325
-3.6071,-8.3528
1.2089,-13.41
-8.4607,-5.1675
-14.362,-0.78994
3.308,-10.016
-3.772,-17.948
-0.09187,-17.405
8.5883,-7.7841
-0.16936,-6.699
-1.9818,-7.577
-12.434,-5.1606
-11.141,-16.503
-12.265,-3.6564
-16.808,2.1522
-12.813,-16.345
-16.39,-6.7985
-11.749,-5.5137
-7.4717,-20.727
-12.054,-14.518
-14.716,-5.9404
6.2214,3.3014
-9.487,-20.192
-12.61,-13.418
15.732,-13.679
-3.5064,-13.617
-3.5187,-13.605
11.65,-13.593
13.832,-11.185
10.047,-15.975
9.564,-16.89
11.356,-13.528
-3.8953,-17.708
-0.32421,-13.026
-14.415,-4.7796
-11.841,-14.543
-15.767,-6.8119
18.37,1.4631
-17.351,-10.563
-9.4235,-19.611
-15.323,-10.496
-7.0864,4.124
-13.872,-10.594
-9.8254,-3.1389
-12.288,-13.35
-5.2071,-18.416
-13.798,-10.577
-13.546,-10.684
-8.3936,3.99
-13.924,-0.62998
-8.3649,-12.767
-18.136,2.1127
-12.034,6.7043
0.14259,-13.462
6.3716,-6.8841
12.119,-6.8786
4.9398,-6.9239
-0.24216,-13.015
-12.823,-15.522
-0.21351,-13.459
-17.206,0.19194
-19.063,-0.70297
-8.0834,-5.1681
-12.726,-0.055567
-13.037,-13.544
-7.4678,12.007
-13.02,-14.123
-17.035,-0.47847
-0.59487,6.1764
12.006,-6.9061
-12.665,-13.41
-0.06601,-7.2694
7.8799,-15.419
12.068,-13.105
-12.715,0.97202
-14.585,-0.73283
-12.68,-0.12053
-15.966,-6.884
-12.673,-15.445
-7.6687,11.989
-17.372,-10.581
-13.437,-20.451
-18.632,-0.75673
-19.108,-3.5745
-18.595,-0.47112
-13.002,-13.632
-13.468,-18.601
18.447,-1.979
-2.212,-4.1787
-3.2592,-13.659
1.1905,-20.443
1.6594,-20.553
0.009364,12.67
-12.453,-13.402
-12.604,-0.094816
-12.795,-13.637
6.7123,8.6817
-8.0688,-0.58223
15.692,-13.582
-17.994,-9.9509
11.133,0.32426
-8.4338,-0.5442
4.2421,-7.7873
10.791,-13.059
-8.0731,-5.1755
9.3404,-10.162
-15.232,-11.028
-12.106,-0.0091969
-7.7231,11.991
-9.3457,-19.096
18.534,1.9356
-18.001,-0.13855
-9.4725,-18.902
-13.027,-13.547
18.557,1.4269
-13.484,-19.781
-9.6556,-6.6138
-12.262,-13.25
-7.1767,1.4003
-8.146,-0.54449
-8.0057,-0.60022
-5.9081,-10.337
10.068,-12.236
-14.825,-11.101
0.26328,-18.394
0.26328,-18.394
-9.1859,-9.6943
10.943,0.094607
-13.786,-10.442
-15.527,-10.529
-19.851,2.4907
-13.439,-19.75
12.77,-8.0668
-18.003,-9.8735
12.922,3.4061
0.67814,-21.605
10.86,-15.103
12.556,-6.6942
11.542,-1.01
-9.8103,-10.135
11.025,-13.315
11.254,-13.506
2.2784,-7.5954
-11.088,-5.4886
-2.7442,-14.255
-19.125,3.1305
-6.0756,9.3329
9.8277,-15.921
-11.219,-7.697
-5.5308,-19.239
-0.25879,3.2495
18.364,1.5152
18.426,1.6727
-12.534,6.2952
6.0515,0.27425
-16.218,3.322
3.3247,-10.417
-19.474,0.9422
22.23,-9.9271
-9.6705,-6.5717
6.0254,3.4132
-12.55,-0.21812
19.038,-6.6862
19.05,0.67516
1.9882,-20.439
-10.224,19.36
14.65,-12.9
7.9602,0.84484
-15.135,-12.427
6.2468,-13.742
-6.3617,-6.8501
-3.6535,-17.77
-15.316,-12.316
-13.466,-19.712
-3.42,-19.665
13.368,3.5511
20.788,-3.7911
-4.1431,-2.2062
-15.218,-9.8898
6.3427,3.8287
-11.631,-6.549
-16.768,3.3877
-17.294,-5.9484
7.9306,11.782
-13.8,-9.4555
-9.3082,-18.346
9.5004,-10.232
12.706,-2.2792
-17.728,-4.9481
-3.281,-13.56
-19.112,4.9595
-0.38193,-12.917
-16.942,1.1759
-9.4015,-18.898
12.46,-3.4644
-5.9265,-10.341
18.242,-0.35776
1.0331,-20.026
0.7516,-20.046
3.3991,-17.721
-0.18825,-13.132
-12.538,-14.942
-8.2961,-21.379
9.5878,-3.3594
22.155,-10.034
15.922,-0.9495
0.43006,-21.297
18.008,3.4102
-3.1965,-13.588
-10.258,19.625
-0.41639,-0.54347
-11.65,-14.33
-13.425,-19.479
11.461,15.2
-11.236,-2.2082
-5.7931,-3.2251
-10.778,17.524
-11.654,-6.7024
6.4446,-5.8819
6.3498,3.4288
-13.627,-10.36
2.9057,-16.858
-0.09821,12.959
-2.2733,-0.08067
-12.423,-0.209
-13.41,-2.864
12.014,-6.8944
-18.121,-4.6967
19.6,-2.9476
19.6,-2.9476
8.3695,11.856
0.10362,0.29884
-3.2751,3.7465
-13.056,8.7413
-15.42,4.2878
-13.446,-19.84
17.83,-3.795
-6.0186,-18.933
0.17078,-13.466
23.521,-3.6121
13.492,3.4997
19.615,-3.0521
-9.2694,-19.289
4.578,-8.4577
0.56474,-0.31135
15.119,-11.823
21.657,-7.0127
0.35471,-20.246
5.6251,-8.3462
5.9391,-13.606
8.2103,-4.4228
-14.315,-4.5102
14.754,-11.744
-16.005,1.5596
-20.161,1.4224
-1.2047,-2.4384
-12.621,-13.432
-9.4102,-19.768
-1.1239,-20.489
-12.561,20.125
-19.171,-0.31907
-9.1948,-19.305
12.206,5.3196
21.837,-6.9764
-11.929,-0.26272
-14.2,-13.571
10.072,-12.248
-9.7829,-6.5463
-10.177,-6.4302
20.618,4.1112
-5.3436,0.013319
-7.0679,-0.33201
15.422,-13.541
11.096,-4.7534
10.16,-12.595
12.675,-8.5826
9.2939,-16.102
-2.9895,-13.495
-0.0090554,-16.935
10.816,-15.499
9.3894,-16.229
-0.31,-13.433
15.204,-11.317
4.0503,0.16315
-1.8058,2.7415
-13.017,7.1992
2.6367,-6.0352
1.6441,-0.47645
-10.243,1.4367
3.0569,-19.82
12.67,-2.218
-2.5948,20.626
-5.8871,-0.90452
3.0424,-16.971
-12.66,0.11864
6.1281,-9.4095
14.666,-12.531
10.686,-15.48
13.69,-5.2909
-3.4895,-10.356
-12.364,-0.2579
-12.603,-0.14484
-8.9126,4.2388
-9.1137,-4.9594
-3.4682,-18.079
-17.88,-4.6108
-4.3931,-10.823
12.372,1.905
9.1453,-12.756
11.636,-13.466
14.175,-12.855
12.236,-12.916
3.2331,-21.541
10.124,-4.2827
-12.278,-13.446
-7.2647,12.069
19.877,2.3521
-8.4423,-5.1609
-8.432,3.7199
0.84976,5.0289
-13.988,-3.6306
-12.63,-14.842
-21.13,2.4095
19.039,0.51222
-9.7653,-6.5222
9.9551,-11.317
8.5296,-14.865
9.2877,-16.067
-7.5494,1.3173
5.2775,4.118
-6.2718,2.6965
10.952,-11.441
-18.166,-2.4753
-12.635,-13.354
22.695,-5.8067
13.688,-5.26
-7.2544,3.9562
-0.15311,-13.118
-8.2961,-13.281
-7.3887,0.077966
-0.24679,-13.055
21.913,-5.9092
19.062,-0.13375
-1.0765,-19.937
-4.3961,-2.0534
-12.135,-0.37369
11.736,-12.599
5.9225,-13.629
10.609,-15.418
-11.753,-5.5138
-6.255,-6.8936
-17.992,-9.8965
-6.0522,18.527
-12.541,-0.29093
-0.52447,-6.745
10.353,-15.609
-2.3163,-14.013
-10.758,5.8127
-12.681,-0.11434
-12.597,-0.095248
-8.0829,12.051
-9.1373,3.4692
-14.058,-3.7714
-9.4244,-19.617
18.32,1.5389
-12.63,-13.594
-12.651,-13.49
25.479,-6.6992
-5.1815,-11.125
11.7,-9.8672
8.0153,-4.0475
-0.0077755,12.51
5.2747,4.1241
16.271,5.8521
15.088,6.3242
-9.5558,0.61716
4.4568,2.7442
-16.882,-0.57461
9.7563,-12.327
12.234,-6.8345
-12.15,-18.666
-8.5615,-5.5817
-12.309,-18.691
-13.166,-19.626
0.16258,0.57245
14.122,-10.79
9.7442,-16.175
-7.7973,-0.69814
-8.1283,-0.57515
8.0401,-3.9986
-9.5469,5.957
11.44,-1.4026
-3.7758,3.8974
12.567,-2.0907
19.965,2.4251
-10.693,20.277
-7.4082,6.0911
-14.42,-8.5421
-12.816,13.851
-2.7538,-10.403
8.9013,7.2835
-12.506,-14.596
18.264,-7.1355
-12.855,-16.094
-8.8816,-9.562
-12.557,-0.19425
8.968,-14.273
2.9889,-10.178
-0.527,-6.8042
-19.293,-0.87845
-2.3711,17.202
0.94669,-13.429
8.4792,-1.1476
-5.4009,2.3241
-10.22,19.396
-10.373,16.94
-5.1809,-19.334
-12.721,-0.061234
-16.205,-6.8169
0.34865,-8.0496
18.253,-1.6138
-3.0059,-3.413
-2.2183,-14.276
-5.8042,-9.8278
-0.063561,-12.986
5.4332,9.5705
-9.5857,0.64457
-12.097,3.195
-0.097089,-6.6139
-16.956,-12.206
-20.205,1.9107
2.4444,3.6519
-3.8707,-10.188
-12.687,0.049529
-1.7334,-2.3957
-14.544,-6.3037
-14.583,4.2291
-14.989,4.1253
-13.443,-19.531
-12.631,-0.010203
-18.33,-8.4186
-18.002,-9.896
-12.704,-0.38052
-4.8242,-12.183
-2.8402,-9.9627
-6.7214,-18.515
-0.12346,-13.022
-5.7705,-16.131
3.3585,-17.861
-11.577,7.6536
12.629,3.6095
5.3035,4.1616
6.4895,3.2606
-10.681,20.259
4.0409,-13.321
4.7454,-15.119
-0.96199,-17.996
23.057,-5.1249
0.76531,0.97172
-13.467,-20.065
-20.275,2.8914
-12.634,-13.424
-14.48,-9.8982
-9.3405,0.052597
-3.1898,-3.7699
6.2777,-6.8428
-5.1817,2.3882
-0.46796,-6.5754
23.051,-5.8035
22.637,-5.7217
0.35093,0.73343
5.9941,-3.0697
20.133,2.2758
5.1108,18.723
4.8665,18.753
-10.344,-10.351
-0.56936,-8.9047
2.0917,-7.6752
6.3894,-5.8548
23.66,-3.7654
8.2117,-0.67159
-17.499,1.3872
-15.341,-10.47
4.474,-7.8525
9.5677,-16.93
-12.898,7.1164
-3.5643,-3.2601
-1.7784,-6.4388
23.558,-3.6679
22.906,-6.1459
-2.234,-2.0261
17.984,-6.8237
14.983,-12.939
20.148,-3.2711
16.672,-1.1027
17.902,-3.6534
-6.5928,19.884
-4.7564,20.512
-0.35572,-6.6258
-2.0564,-2.4656
-6.5106,-3.2309
-1.2834,-2.4185
-1.0353,-2.4433
-2.3034,2.8494
6.3484,3.2671
4.8424,4.1301
-0.78014,-9.5428
-0.41218,-13.38
-15.214,-6.8964
-16.031,-3.7278
-13.625,3.6339
-0.20022,-13.134
-0.08097,-7.0896
22.225,-6.8258
-0.040355,-17.248
21.71,-6.8669
22.209,-5.7544
9.6037,-10.178
18.531,1.1991
-17.721,-4.9565
-17.348,-3.4004
5.222,-7.9647
5.0126,-7.8924
-6.0865,-6.8219
-2.7351,-3.2657
10.452,-12.583
-0.22257,-13.007
7.7623,-15.572
14.328,-3.211
6.9664,-0.49526
0.60542,0.32178
-16.996,0.3054
-17.934,-1.6106
-12.631,-0.019208
11.977,-13.146
-16.217,-3.3623
-12.613,1.423
-6.3938,-6.8251
2.9489,-7.0427
-9.3793,-5.8182
-2.6875,-3.2489
20.861,-3.8793
22.706,-4.9638
19.19,-6.857
19.616,-3.0525
9.675,-3.6166
18.387,-1.8186
16.927,-1.2722
-12.665,-16.763
2.4856,3.6883
-0.17499,-0.16944
19.886,-2.9487
-19.42,2.8266
-12.566,-0.19565
5.2186,-7.9644
9.2046,-12.008
9.6018,-3.776
-6.194,-3.4021
-0.17631,-4.6133
-3.0704,-3.2673
-3.4182,-18.402
-17.787,-4.7114
-6.2351,-18.966
-3.4651,-14.061
-19.022,-0.68272
6.2918,0.55189
-11.533,7.6169
8.0488,-12.292
-5.6924,0.74292
9.4466,-4.1175
21.768,-6.9409
-5.7785,-9.9793
0.26117,-19.369
-2.6582,0.22259
9.1658,-12.488
-15.194,-1.7558
-16.119,-6.8448
1.0292,-13.435
-9.8411,-20.497
3.4675,-7.8291
-11.766,7.5833
-17.722,1.9913
-1.9962,-6.9558
-11.511,7.6544
-12.969,7.0952
-9.7088,-10.006
12.613,7.8812
0.22367,-3.4074
-10.606,-1.7292
-3.2088,17.166
5.4813,3.5053
-12.614,-2.3124
-5.8451,-10.25
-15.958,-6.7147
23.031,-3.6362
8.7482,-15.954
-5.7328,-10.263
2.831,-10.436
3.5496,-15.614
-3.9514,7.3695
-12.09,20.725
-17.14,1.9484
-13.403,-2.108
-6.0317,14.975
6.7761,-7.338
6.4828,-13.634
12.608,7.7962
4.2546,4.4311
-12.706,-16.67
-12.351,-5.2459
-3.1283,-3.4492
-10.681,20.259
9.6744,-10.045
-5.4603,-12.186
12.883,-5.8319
14.17,-11.131
-12.648,-0.14896
0.68611,-0.050967
-16.235,-6.8208
-12.308,-0.18288
-11.989,-5.4223
12.18,15.491
12.018,-13.125
13.915,-12.812
11.066,13.193
-5.2066,-12.208
-16.378,-6.6444
-3.0067,-7.7661
-0.19611,-13.456
-12.777,-13.474
-17.337,-6.1882
8.9402,-7.081
1.0115,9.0819
18.983,0.59697
6.5956,-6.883
22.42,-7.3333
4.1731,0.27503
-18.356,0.032254
12.916,-6.4324
-17.995,-1.1696
-14.248,-13.521
-8.0397,-0.58598
-18.029,2.5166
3.1019,-3.3112
-10.813,-15.131
13.547,3.4819
-12.38,-13.241
-15.862,3.5258
-20.118,1.434
16.324,-1.2142
-12.568,20.959
2.889,-10.323
11.271,13.524
0.19468,-13.153
-12.127,0.18558
-12.511,-0.13904
-9.5989,-6.6772
-0.17602,-6.7005
-0.44921,-0.19382
-12.234,3.3379
0.89421,-20.573
1.0728,4.5715
1.6087,4.4337
2.118,-20.449
-15.153,-10.369
10.239,-1.0033
-16.792,2.6714
3.0988,-6.4482
18.438,-5.5289
19.314,3.9765
1.3822,4.4828
5.0036,1.8778
0.20749,0.88172
-3.1923,-10.454
3.0855,-10.492
7.7756,-8.0771
9.292,-10.135
6.6928,-8.5638
-6.7934,-18.446
9.7218,-3.5419
-10.335,-10.437
18.869,-0.20973
16.579,-0.68868
-14.938,-1.8192
5.6677,-9.1685
17.701,-3.5927
-15.69,-6.823
-2.1933,-3.0096
-10.395,16.923
-12.448,-13.323
-12.488,-13.476
2.5039,3.0639
-19.04,6.6105
22.591,-5.6337
19.834,-3.2972
19.001,0.62198
19.387,1.8431
-6.2231,16.095
-14.896,-7.3064
0.67527,-2.5562
-1.0403,20.543
21.913,-5.9093
1.1545,-19.819
1.9052,-0.17222
-12.512,-0.077684
0.027126,-17.447
-12.859,-13.469
-6.6509,4.5074
10.969,-7.4066
9.1277,0.37136
-2.1137,16.361
-12.702,-0.47007
20.17,-3.3227
-12.592,-13.39
2.9806,-16.877
21.413,3.8922
-16.463,-3.9118
3.9224,0.34385
7.9672,-8.2195
-10.093,-10.216
10.974,-13.907
-2.3784,-13.657
11.876,-13.276
10.573,-12.608
-3.1413,-3.2248
-0.48469,-0.34673
-11.776,7.5831
-12.769,8.4964
-18.598,-0.60179
19.947,2.255
0.8811,-13.491
11.361,-13.433
0.57751,-13.491
3.3811,-10.547
-3.4871,0.15306
10.336,3.3951
11.457,-10.232
12.799,8.3008
0.33391,-7.6453
3.0331,-10.309
21.211,4.0548
18.415,-5.6049
9.3844,-15.047
0.25165,-7.1978
-9.392,-5.5465
8.8842,-12.67
0.75095,1.0084
2.9152,-16.8
9.2988,-10.137
11.793,12.155
5.3763,0.37005
-1.7686,-2.309
14.208,-11.188
-13.594,-4.4948
-18.959,-3.4443
-12.67,0.047393
-14.335,-6.9253
3.0275,-10.342
-4.8728,-19.897
-10.567,-20.177
0.072665,0.91806
19.154,0.90798
5.0273,-11.533
11.658,-13.44
-12.661,-13.307
0.73332,-0.42796
5.5251,0.67252
4.6775,0.61413
16.239,6.4475
11.12,13.594
-7.0439,-18.941
9.0447,-14.525
-6.8233,12.129
0.81121,1.9728
-1.8544,6.4162
2.0953,-13.62
-2.2636,-13.642
8.2236,-0.73312
-4.9535,-12.132
5.947,-8.1886
11.316,15.037
-2.4519,16.643
10.503,-13.092
-18.624,2.3806
3.674,-7.4892
-10.988,-7.6663
5.6715,6.5307
11.763,-13.311
-10.273,-0.90348
9.695,-0.016228
-18.974,6.6933
-14.234,-13.524
14.059,-3.6007
-12.458,-18.606
-1.3585,-8.5686
-1.3227,-8.5225
-12.689,0.11131
-15.913,-6.7712
-15.631,-11.628
-6.22,-7.2632
-11.902,7.5394
-10.251,-2.9537
2.6526,-17.033
-2.1779,-4.1328
20.731,2.4685
0.90611,-19.631
-14.889,3.0705
-0.17861,12.285
5.8612,0.28052
-2.1937,-6.47
-2.2469,-6.4481
3.1905,13.908
1.8493,2.9792
-21.279,2.3319
19.169,-6.6701
-17.193,-0.19539
-21.181,2.0898
-12.337,-13.463
8.2275,-3.8682
-1.3315,-17.759
-11.169,1.4974
-7.7729,-12.137
10.566,15.126
-6.0133,0.61129
-12.387,-13.346
-14.395,-13.613
2.3653,-14.982
3.4151,-17.659
3.3889,-17.779
2.5185,-20.195
8.5856,-7.7655
-2.2378,-9.9967
-0.0070841,-17.003
16.197,-10.289
10.071,11.612
-21.027,2.1962
14.242,-12.899
18.788,0.052063
14.599,-12.502
18.196,-4.038
-14.147,-3.884
-6.4496,-6.9385
-10.901,-1.9583
-4.3388,-13.53
-14.324,-4.2856
-3.0033,-13.578
1.0589,-20.073
0.55507,-20.315
5.9456,-13.634
20.37,-3.5525
22.557,-3.7525
-12.87,-13.495
12.594,-12.517
-0.047153,12.556
21.595,-5.9674
0.52501,-20.99
4.2261,4.0966
-17.638,1.7155
14.011,-12.735
6.5407,17.9
-13.987,-0.75615
-18.156,-8.7674
-9.7233,3.1761
10.455,-0.29602
12.865,7.582
19.035,0.033862
1.1884,-19.918
10.169,-0.18631
0.010137,-7.4824
-13.433,-10.455
3.1584,-10.224
-12.289,-13.046
-14.603,3.7426
-18.294,-8.1516
-14.627,2.8917
3.1992,-21.526
12.148,-13.025
-4.3622,0.58194
-5.0635,-9.9849
-13.366,8.775
0.94602,4.3739
-13.061,8.887
-12.385,7.3457
16.091,-6.7788
-8.0583,-2.3149
-3.2845,-9.8791
2.4103,3.7581
-3.0913,-3.6384
20.124,-3.3532
9.4287,-10.171
-6.3677,1.9235
-6.382,-3.5637
10.229,-4.4676
-4.5438,-18.651
3.0784,-3.3744
14.474,-11.435
22.938,-5.4096
10.969,-11.39
-15.48,-11.598
10.486,-13.032
-6.0292,15.002
-12.614,-13.488
-11.724,-2.4095
22.322,-9.9529
-3.3071,-9.7673
2.7796,-10.474
22.733,-8.1719
16.402,-0.93266
-10.124,-10.17
2.0732,-8.0802
-11.935,-5.8078
-2.9825,9.8665
-5.6438,-16.163
6.4605,-13.682
6.4106,-13.684
-20.506,2.8577
3.1853,13.826
20.108,2.5561
0.21179,-7.68
-3.127,-19.309
11.054,-0.002181
1.4818,-8.445
-15.437,-1.2497
-12.34,20.838
9.5183,0.10416
-12.627,-13.392
-2.1703,-5.8152
-4.3555,-19.915
-11.973,4.5632
19.38,-0.82014
19.488,-2.7296
-14.935,-6.1472
-6.3729,-6.832
-10.515,-10.521
-12.593,5.0369
-6.6243,-3.3075
11.527,12.328
-12.623,-0.041892
-12.342,-0.28461
18.506,-3.5222
-16.193,-11.281
5.4303,-7.9982
-0.33508,-13.437
22.598,-5.6957
12.367,0.973
0.35902,-19.127
17.998,-6.7943
-0.45683,-0.19358
9.7934,-0.026304
-16.04,-6.8138
25.537,-6.8284
-17.786,-1.1154
16.423,-1.2249
-19.161,-0.20414
7.3323,16.207
17.679,-7.116
0.30141,0.72993
10.236,-4.6619
13.983,-11.651
4.908,-0.48235
2.9341,-10.059
5.8507,0.28815
-15.914,6.9339
13.537,3.3342
0.11717,-7.2757
0.032659,0.5388
13.522,3.3195
6.3,-6.8486
10.288,-13.194
-10.281,6.9883
-11.825,-14.276
-8.1488,-8.4768
4.5269,4.7835
0.018559,20.295
9.4797,-10.251
12.629,-12.454
-1.8394,-13.952
9.8038,13.724
-2.5384,9.9181
17.997,-6.5189
12.325,-12.799
-15.915,-3.2929
-2.4298,-8.8442
-4.0409,-19.436
16.625,-0.97381
-3.1719,-19.059
-18.098,-2.072
-0.015843,-13.131
-18.88,6.921
19.834,-3.0823
-2.2415,3.0387
-0.10371,27.058
11.859,11.934
21.754,-6.9003
-0.47514,-8.1625
-15.215,3.9138
12.66,-12.401
-12.586,-0.17127
3.0996,-21.441
3.0018,-8.0558
-12.456,-0.12836
-10.175,-10.238
0.3106,-18.2
-14.485,-12.174
-8.3678,16.606
-6.8021,4.0961
-13.208,8.7212
2.7313,-10.489
-12.529,-13.326
17.401,2.6862
-20.862,1.6468
13.964,-3.9312
12.624,-5.9711
17.971,-6.8703
19.588,-2.8964
-8.4393,-12.851
2.2408,-13.695
4.4033,12.059
0.54281,-20.213
9.5684,10.148
-9.8405,-5.9042
9.4763,0.091506
-12.614,-0.13008
7.5558,0.65459
14.354,-11.419
0.088054,-7.1145
-9.195,-19.304
10.831,-4.5268
-11.849,-14.368
15.165,-13.39
12.552,8.8037
22.891,-6.942
6.453,3.2727
6.6349,3.3538
9.7043,13.319
5.3613,-9.5084
-11.581,3.6687
-13.314,-9.653
-12.83,-13.45
20.784,-4.5297
1.7635,2.9433
19.937,2.2759
0.044493,12.679
-12.684,-13.475
12.116,-12.999
-6.9768,11.625
-8.901,-19.51
4.9914,-0.46472
-6.1593,-6.8119
-15.623,-6.7486
-19.049,5.3463
6.625,-13.415
2.9836,-16.873
-6.0411,-6.6843
6.1589,3.316
-13.178,-4.7375
22.664,-5.7676
22.256,-6.8099
-12.472,-0.036032
-6.2936,-18.516
11.637,-13.462
4.9161,-0.44563
-12.01,3.6335
-6.3506,-6.8497
-13.287,-4.3896
-8.5269,-13.091
-15.383,4.8837
-13.451,-19.387
15.935,-9.9729
8.6076,-15.1
16.439,-0.44974
-13.726,4.0317
-13.228,-9.5979
-6.751,-18.808
-9.8348,-10.346
-13.711,-10.994
-13.514,-10.333
-8.8263,-1.2539
-11.576,7.6376
-11.108,-15.016
1.5963,5.3071
6.4459,9.1131
13.873,-3.8803
14.172,-3.6461
0.61908,-13.501
-12.261,-13.443
-3.7307,-9.1838
12.598,-5.9551
13.434,3.5426
0.89509,15.862
-0.77381,9.3033
-13.669,-6.5173
-0.27868,-13.005
5.967,-6.7012
19.38,1.881
8.647,-7.5285
-5.2225,-8.8736
11.346,15.316
8.3525,15.441
19.318,-2.4428
-5.5873,-18.554
15.6,-1.3023
14.127,-9.4545
-9.8997,-3.1149
17.209,4.7407
3.4454,-15.071
2.3882,3.7259
12.701,8.5241
10.513,-0.22543
-17.88,-4.6108
-0.83667,-20.308
-17.939,-9.0535
9.6508,0.016087
3.59,-9.8996
-12.95,-11.198
2.2647,-6.259
5.0465,18.705
3.8734,-10.445
-4.3192,-13.599
12.306,8.848
-0.25297,-13.014
2.9023,-10.443
-9.2212,-18.456
1.9024,1.3574
8.4175,-12.87
12.89,-5.8144
4.808,-7.4984
15.535,5.968
0.81601,-13.506
-4.1723,-10.279
-12.774,-14.732
6.4382,-6.6369
2.5773,3.0715
-9.5331,-19.947
-0.33556,-12.91
11.691,-13.487
6.4385,-5.8214
-0.67549,6.7863
12.479,1.6817
-13.253,-11.151
10.687,-12.548
-12.321,-13.46
-1.2038,-19.872
0.94982,-13.482
-6.3341,4.1458
18.166,3.6823
-6.3239,9.981
-12.267,-13.294
-0.3612,-20.454
12.452,-8.8359
14.298,-11.242
7.5692,-13.111
-12.567,-14.979
12.766,-12.349
8.7724,-7.8807
8.5998,-7.7552
-1.9426,-6.6753
8.7737,-7.859
-12.524,-0.16228
1.9855,-8.343
15.504,-11.175
9.7734,-16.46
11.237,-4.7903
6.5303,-0.59557
5.4565,16.248
18.367,1.7085
-5.5178,-16.155
11.599,-4.6572
-12.319,-13.484
-0.2484,-13.113
-12.529,-2.4477
12.829,-2.3483
5.4535,0.38432
-4.0524,7.2777
-15.78,7.3474
0.066262,12.48
-2.6373,17.047
5.7085,-2.7439
10.14,-13.749
-17.163,-6.337
19.667,-2.8841
8.9909,-16.145
-0.13993,-4.7597
12.363,-11.359
19.082,-6.4825
11.018,-15.321
6.2619,0.51837
-8.1181,-11.115
-12.279,-13.346
-6.1365,-6.836
12.328,-2.2955
-4.5153,5.508
-16.31,3.1245
-12.76,1.6938
6.1606,-12.854
-13.09,-13.647
-16.402,-3.0675
23.643,-3.7648
23.557,-3.667
15.54,-1.4013
21.532,-5.9471
21.274,-12.24
11.7,-9.8671
11.699,-9.8669
-7.527,-5.0336
-4.3793,-8.5213
-15.636,-3.3049
-5.0268,-19.083
-1.3163,-20.585
-3.278,-3.9956
20.351,4.5649
-11.393,-4.2829
-6.2739,-1.7007
-12.615,0.044568
-9.8165,-20.348
9.2518,-6.9832
-12.997,-16.409
-11.251,0.197
0.47084,-7.9159
-18.153,-2.455
6.7634,2.6958
-0.58993,-9.1098
-19.884,-6.7686
10.955,-15.41
-1.2185,-17.956
10.319,-4.5064
-6.3236,-18.537
9.5715,-10.092
-5.9939,-6.8448
-1.5739,-5.1157
-2.0204,-6.3809
7.9077,-15.326
-9.3035,1.164
-6.3785,-6.9107
-6.3304,-6.9325
6.0739,-5.6505
-0.10406,-16.909
1.3653,9.1057
-9.886,20.11
0.38533,-7.2652
0.51283,-7.3329
-11.172,0.308
1.9166,-1.9532
10.538,-0.20346
-12.518,-0.22823
-6.6392,4.0992
-19.143,5.3792
-0.19073,-4.4745
-19.278,4.5838
-17.789,-4.7117
12.27,-9.2527
-12.563,-0.21841
-6.7088,11.188
6.4465,-6.8779
12.8,-7.371
0.060014,12.362
-0.3067,-13.452
20.256,-3.5376
-2.2021,-6.3202
12.778,0.53476
-12.827,2.0442
0.75726,-0.30864
6.0967,8.1127
18.126,3.3987
-0.35514,-12.87
9.0796,-3.6324
17.809,-7.069
-3.0845,-3.3725
-0.39772,12.539
11.321,15.313
-12.643,-0.1534
4.2451,-6.239
2.7138,-6.6015
6.3685,-13.487
-9.455,6.6536
7.8923,-4.862
9.8316,-15.837
-15.688,-10.426
-5.8454,1.057
-0.58797,9.3705
8.8178,-13.839
-10.022,-2.821
2.3538,-8.1441
-6.849,2.8375
1.8471,-3.9516
-2.5913,-5.7592
-2.7703,-3.2828
20.494,-6.488
6.0961,3.4055
7.405,-13.015
5.1174,-5.4182
16.561,-0.91089
12.798,-8.2157
-12.755,-13.464
-19.845,-6.5876
-12.326,-13.096
8.4436,-7.0318
6.5197,-13.435
14.673,-13.219
-16.19,3.4341
2.0489,8.2544
1.1882,8.3216
5.8394,3.859
6.1073,3.7162
5.0258,4.2777
-12.529,0.031987
7.2731,-11.887
-1.1196,-20.312
-12.408,-0.26972
14.916,-12.907
16.052,6.2446
0.32598,-13.1
-5.661,2.1781
9.422,-10.159
8.2273,17.483
2.2267,-7.5443
-12.463,-13.348
2.386,-14.974
10.817,-13.393
13.493,3.2606
17.698,-3.2884
9.6473,-1.0166
17.697,-3.2299
-17.947,-9.2019
16.654,-0.78958
-4.6869,-19.16
-2.2331,-8.0247
18.226,-3.974
4.9824,-7.3233
5.6049,14.321
7.8935,1.204
5.3571,-7.147
4.8265,-11.207
2.8567,-10.023
-15.763,-6.7896
-12.211,-0.17143
9.3774,6.6028
-14.129,-10.513
1.9549,8.3961
9.966,6.6096
-7.6665,-4.9135
-15.55,3.6538
-12.67,-0.052963
3.5976,-6.4771
7.0019,-9.5297
-3.097,-8.1153
-2.9857,16.637
11.621,-1.4254
-12.442,-0.17298
-6.3232,-6.7019
-12.539,-0.23606
12.672,-9.0918
-1.4944,-7.1527
24.726,-4.9244
7.1678,-8.7062
15.345,6.9065
18.545,-2.0653
4.7529,2.8273
-2.9926,17.565
8.7268,-7.5623
-12.035,4.6266
-17.835,0.87498
5.6492,0.27409
4.0055,0.19028
-3.1977,10.116
12.552,8.3777
-9.4819,-6.787
9.574,8.7014
3.2262,-14.77
-11.98,-5.8843
-9.2042,-10.127
-16.088,5.4227
12.43,-2.2275
8.2639,-12.425
9.7227,14.867
-13.017,2.1755
6.3045,0.094608
-6.3192,-16.758
-1.7876,6.4243
1.5949,3.8707
18.188,-3.8751
1.8097,8.271
-9.5731,-20.195
-9.9336,-3.5502
7.2407,0.51956
-11.62,-5.2651
-14.265,-4.1152
6.468,-6.9748
9.0065,0.31537
-10.641,11.588
-6.5307,-1.4821
-8.5202,-5.4573
-10.222,-2.7156
0.14261,-13.462
9.5592,14.962
6.016,6.4085
4.4122,11.813
3.2024,12.319
0.082386,-13.471
1.7552,4.541
-11.018,16.094
8.6872,-14.571
6.3693,0.23877
-1.606,-18.725
16.144,6.4806
1.4367,-6.4812
3.25,12.307
13.648,3.8148
18.277,-3.878
17.993,3.4082
1.234,9.3831
8.8856,0.27997
9.2136,-15.969
-5.2405,-9.9148
-6.0869,-6.8795
-11.573,-2.3096
7.1886,-8.6974
11.254,-13.506
-6.6736,-2.3742
2.8803,-5.4478
4.4846,-6.3321
-0.18318,-13.085
8.9176,-12.522
5.845,-3.5475
9.6524,-3.409
5.9435,14.888
12.709,-12.31
-9.5666,5.9241
2.2454,-6.9286
5.9596,6.5632
-8.2656,-12.436
-9.3466,-19.738
-2.8079,-7.011
-3.0723,-3.3275
-12.425,-5.632
-11.109,0.3877
-12.292,-13.199
-5.9717,3.4732
1.9573,-20.371
11.618,-13.5
-13.45,-19.396
-0.19827,-0.3744
-12.796,7.1865
4.899,2.9952
17.338,-3.7682
16.164,6.574
-3.9585,2.0885
-18.525,-0.18965
-3.7076,1.4334
6.2702,-6.8054
5.8758,6.9248
2.5942,4.3448
5.2625,-3.5816
0.22046,-13.543
11.454,-1.774
5.8991,-6.6204
-13.94,2.3176
-14.953,-11.157
-0.40926,-13.417
7.3244,-3.9044
-0.84178,-20.117
0.9502,-20.127
9.9791,8.803
4.88,8.6579
-6.2959,-18.553
-11.809,6.7684
-8.9207,-5.7497
6.0356,-3.45
2.1666,1.1801
1.586,-0.15118
-18.534,-0.097673
-6.076,18.237
12.903,-6.4218
-5.6907,10.425
3.1716,13.878
-1.4465,-8.6338
5.2325,-0.86716
-16.067,-3.304
15.084,-11.052
-19.128,5.4157
-9.5285,6.8773
-13.453,-19.425
3.8998,4.8542
7.9428,-7.3801
6.1038,-6.6151
-13.909,-10.41
-3.2299,-3.4432
12.47,-3.407
-0.67875,-0.18217
12.88,-6.3764
5.4412,-9.1519
-12.376,-13.079
6.4911,15.14
3.1193,12.346
-14.303,-4.2676
0.085221,-7.2185
7.0404,0.51177
3.6739,-15.66
-3.7419,-8.4584
-14.582,5.2658
-3.5342,-12.068
-3.5998,-2.96
-0.24201,-2.9002
-0.012308,-13.149
20.716,2.6153
7.8824,1.1891
-2.8645,16.807
-3.6368,20.44
-6.4244,20.152
-5.4537,-9.9489
6.5858,3.7036
-9.4181,20.29
12.766,-12.432
-21.048,2.8239
2.5297,-20.269
7.2348,15.757
5.8972,8.5921
12.948,9.7565
8.7556,8.9479
-6.3703,-6.6799
-4.7853,1.7064
3.2284,-6.0563
-1.0401,20.539
-16.94,-0.5272
9.4737,-3.4119
-4.5988,6.4914
16.531,-7.0253
-2.4995,-14.002
-0.053997,-7.1823
21.794,-6.9035
5.538,-10.408
-2.9204,-10.25
13.954,-11.997
9.8499,-11.063
-7.4197,2.2926
-10.008,5.7444
-6.1074,2.1023
-9.0727,3.601
-15.026,3.8661
21.171,4.129
-0.33869,-0.76538
-12.171,18.02
12.451,-12.277
9.4514,-4.4286
-3.3945,20.727
2.1768,-7.9369
8.9398,-1.1081
6.6103,-7.0352
6.1286,-13.154
4.2954,-9.606
-12.568,-0.1863
19.636,6.159
-6.8018,-19.562
-0.80056,-2.4431
11.172,-15.152
0.19229,-17.448
-4.1265,-5.0764
7.9316,-4.2819
3.527,12.081
4.7852,-11.202
-2.2828,7.0352
-12.534,-0.18164
12.543,0.96038
-6.3718,-6.9231
5.5795,-3.1408
9.358,13.619
0.1032,-7.2136
5.9087,12.222
0.68553,15.63
6.5345,-13.736
0.027923,3.4337
6.5519,-0.54456
-9.4337,-10.035
-0.86745,-20.188
-17.132,2.0733
5.7315,-7.205
9.4499,-3.9319
12.916,2.2332
-3.0275,16.746
-18.678,0.38429
-14.56,-5.1102
-12.9,5.6784
1.0718,-20.04
4.3601,-0.2864
21.141,-3.2556
-0.36121,3.7102
-3.5583,3.8887
-12.605,2.2443
-12.509,5.1673
10.443,-7.8872
4.9035,-11.11
4.5497,-7.2408
-3.8871,7.2403
0.44436,-19.428
-6.2002,-6.6763
7.8378,-4.0881
-0.031823,26.984
-12.505,-0.037948
-0.0072818,-7.2213
-1.5932,-19.651
-12.325,-5.602
-12.162,-0.22603
0.093584,0.26749
19.076,-6.4624
11.395,15.197
2.1376,4.4208
18.781,-2.0686
4.4321,8.1021
4.4851,11.904
9.0712,6.6893
4.4705,-8.3762
-4.5409,8.574
-2.0702,-14.365
25.475,-6.8101
11.891,11.979
5.8366,-8.7768
3.8321,-6.1482
21.954,3.8944
2.2306,-5.5917
14.151,-11.104
11.952,3.5636
-12.225,1.4632
-9.3244,6.3165
-6.1562,-6.7439
-0.13621,12.818
-16.967,-12.159
7.3929,-8
1.1799,-20.037
-16.45,-3.2996
9.962,6.6143
7.6758,0.45228
0.50273,0.89831
-2.2521,6.6635
-9.3596,6.867
0.47684,-19.091
-12.509,5.2266
2.1735,-7.4349
-9.1696,-10.202
-0.084426,27.085
6.5876,-13.372
0.11904,-7.2723
-8.3052,-12.547
19.019,0.6586
0.32964,6.8066
-9.7295,0.3707
-2.6229,-10.063
5.0167,-11.648
-3.1931,-19.125
11.515,15.347
7.1093,-1.2168
-10.242,19.752
-12.395,-13.357
-0.22742,-13.119
6.4524,14.958
0.17444,16.115
-6.6726,10.992
-9.3036,1.1644
-4.3412,-4.9322
-11.491,11.502
-6.4019,-16.742
-8.2677,-10.899
21.05,4.5371
4.7064,-11.436
7.3213,-8.7573
-2.7215,-4.3799
-12.17,18
-12.086,2.5537
-8.9802,5.9232
-6.5994,8.9954
10.442,-15.608
3.28,-17.109
6.3907,3.3484
-2.9953,-14.606
4.681,-9.6289
-9.494,19.424
-0.58121,-9.6092
-2.9703,-10.162
-4.5651,1.7708
-12.506,-0.1568
0.92628,-13.495
-1.7564,-0.072289
-9.9736,-10.208
2.954,-2.5259
-9.593,-4.7981
19.527,-0.85614
-5.4596,0.27271
-6.0973,20.788
13.864,-9.9959
-9.9797,-4.6562
-4.4414,-0.2752
9.8388,-0.61139
-3.3719,0.21148
2.8558,-10.381
-12.349,-0.054744
0.6575,2.4567
14.429,-3.1278
-19.166,5.3082
-1.8623,5.362
-10.983,17.858
-11.857,6.3873
-1.5512,-19.798
9.5139,6.3312
2.8632,-2.1957
-21.779,3.7753
7.0717,-9.2362
-12.587,-0.15455
-4.7016,-20.018
5.5101,-12.5
-4.568,2.6684
-4.0307,-8.9509
-4.1096,-9.0539
-14.998,-3.5709
-10.873,0.47392
-1.9473,-0.17843
-6.0483,10.241
9.8418,6.452
-2.6723,-13.618
2.8124,10.583
-8.2116,-12.495
16.993,-0.50741
0.020389,14.704
13.88,-3.9116
-6.8063,-18.959
-16.414,-3.9684
-16.649,7.2958
5.1112,-0.44688
-16.913,2.6725
10.465,13.597
1.1739,-4.311
-3.5657,-8.1018
6.5739,3.6573
-2.4667,-4.2702
-10.849,11.936
-13.366,3.014
6.359,-13.767
6.443,-6.9
-9.744,-3.0918
-1.1579,-18.312
1.6861,-20.19
6.4907,-2.956
-12.336,-0.19671
-13.658,4.0738
3.1503,10.087
-0.29926,-0.73504
2.8499,-7.6437
-6.3226,9.9801
-5.2872,2.344
-0.074074,-13.086
-5.878,1.9992
-12.608,-0.10075
-12.335,-14.807
-12.855,-4.9533
-3.2778,-13.557
0.47986,-2.3706
-6.3024,-17.175
14.706,-12.306
0.87066,-19.708
0.22127,-20.17
0.31797,-19.337
0.0084363,-13.046
13.109,-9.4878
12.921,8.4592
2.4347,1.9533
11.1,0.064818
9.5701,10.274
-7.3421,-19.232
19.588,-6.3751
-12.43,-13.449
4.5316,-6.7946
7.9785,-2.1471
8.1865,-2.0967
-0.15575,-13.443
-9.4919,-6.9001
21.642,3.912
-1.4189,3.0158
-2.8092,-8.8867
0.0063198,-13.439
13.494,3.015
12.136,15.478
18.668,0.056484
12.999,7.5547
18.889,0.1657
12.95,-6.3855
-5.2653,0.18826
-0.23631,-6.8807
-6.2877,-6.9106
-13.267,3.0142
-8.2386,-2.5164
-18.483,0.15987
23.387,-3.2368
-1.8672,5.9767
-21.685,3.8874
9.6718,13.175
12.896,8.4182
-8.2455,-8.6463
-6.2564,-6.8217
-3.597,-3.1701
-0.23151,-7.1393
-0.30339,12.938
0.31484,-13.125
12.92,2.2564
7.5086,0.34176
-9.2319,-0.057491
-14.084,-13.643
-15.285,-6.6184
-2.5548,9.1943
6.8124,3.5844
-6.075,18.499
11.753,12.202
2.2366,-7.3816
11.254,12.624
21.99,-6.8448
-10.756,11.025
0.67849,-13.479
1.9812,-19.468
0.74111,1.9573
12.354,-3.5989
0.023568,12.955
3.5948,12.221
-4.8496,13.065
6.6027,-8.8458
-10.751,20.794
-9.9808,-10.226
11.564,9.8924
11.316,-1.3464
10.64,-13.647
1.2895,-20.078
12.014,-13.065
-12.192,2.0786
-4.3896,2.6771
-18.973,-3.3461
-12.301,-13.282
5.7996,6.9531
-2.8959,-13.484
-12.221,2.695
9.1993,-3.3708
0.055013,12.44
0.79309,1.9508
10.469,-11.318
2.1393,-6.9846
-3.9476,-1.7462
10.442,-15.628
12.814,8.0637
12.97,8.4791
12.692,7.7007
1.0408,-13.476
16.487,-6.8772
-13.133,-10.265
-18.014,-4.0381
3.4395,-10.005
-4.0677,7.2056
7.9278,-1.9944
16.017,6.7783
4.4437,17.864
-13.113,-10.042
-19.227,-3.8787
-1.5537,2.6858
6.5556,-6.9158
8.8877,-14.307
-8.1704,-13.606
14.085,-3.7633
-9.6417,-6.6227
5.6047,-5.4744
-5.5748,7.2246
-17.28,6.2427
-12.83,6.0132
-4.6844,-1.2262
-15.47,2.8816
6.926,-7.173
-17.996,-9.1039
-0.17943,-13.272
5.0744,18.804
23.609,-3.7372
-10.706,-2.2897
-0.3187,-17.047
-12.629,-0.39896
8.8431,-1.0353
5.7925,-14.626
-0.68287,3.6799
5.9229,7.1286
19.072,-6.4831
5.9296,20.304
12.606,0.64298
-6.7891,-18.964
9.1895,-3.607
10.122,11.561
4.569,6.3664
5.689,0.35468
14.889,-5.2618
12.441,-12.647
-6.0547,-7.1545
0.13529,0.24085
-14.358,-5.3851
-0.28646,3.5295
-7.952,16.548
-9.4494,-6.8844
7.2805,15.584
13.889,-10.485
16.092,6.6678
-0.66791,3.6705
-2.9463,-13.388
-3.981,-13.003
-6.9422,-18.366
-12.56,-0.19393
0.30758,-13.471
-2.0862,0.011545
10.018,10.178
-5.3398,-18.392
-0.27305,12.749
-3.0038,0.25702
14.435,-3.2497
11.29,-10.201
-6.1554,-6.8103
0.33575,-5.4879
2.4685,8.245
-9.5596,-3.1489
-12.227,-13.315
-12.239,-13.307
-9.6142,19.003
12.846,-7.9468
-6.2676,-1.6392
-4.8546,-1.5467
-13.273,5.4304
10.471,-13.497
-10.871,7.3206
-9.9258,-2.9773
5.4144,4.3568
12.698,3.648
0.060237,12.87
-10.956,3.8481
10.587,-2.9975
-6.5226,9.0095
-0.55344,-0.095397
2.3735,-9.4905
-7.5602,3.7803
3.1858,-10.429
-1.8791,-1.0503
8.713,0.38164
-7.0087,-18.541
15.686,7.0663
6.4893,2.1525
-6.3741,-6.6562
-10.017,-10.213
-1.5969,-4.9855
-0.3008,12.964
9.5639,14.83
10.976,4.3991
-10.016,-10.213
-0.64276,-8.4348
5.4097,16.47
7.1839,16.499
-4.2814,-6.285
5.0012,3.9174
5.1769,-10.269
0.84867,2.062
-0.20588,-13.123
0.83603,-13.482
9.616,-16.511
14.303,-3.4591
5.9173,6.9948
5.6097,0.19763
-10.217,7.6498
21.401,4.4182
9.3658,-10.184
-5.6084,20.785
8.9259,-2.8734
9.5316,10.13
21.442,3.8901
-14.161,-3.9048
12.803,-5.8485
-11.508,5.9409
6.2786,10.14
19.151,0.93669
4.7667,0.88782
-12.945,9.2136
-4.9965,-6.0156
-6.1031,-6.8435
16.395,-0.33658
18.245,-2.263
-1.7445,-5.9937
-6.3757,-16.754
-0.030344,27.123
-3.411,-9.9525
-3.5181,-10.751
-2.9926,17.565
9.3874,-10.194
-3.5214,-19.32
-0.18508,-4.8005
0.1506,-13.446
1.2223,-4.2389
-3.286,10.521
-0.32482,-12.86
-12.874,-19.102
8.2466,-4.0625
22.571,-7.949
-12.378,-7.2023
-3.2984,-3.4074
11.286,-13.603
-6.3894,-6.9832
-10.405,-10.38
-6.7289,5.0167
2.775,-5.8707
-9.7943,-10.437
4.812,7.6626
5.9119,19.179
-0.19953,-13.125
8.2345,-3.9034
0.18369,-19.842
-7.6164,4.067
-1.6602,-6.976
0.19274,5.8681
-6.3901,10.002
-1.5637,-1.1522
2.6001,-20.322
-1.0314,20.45
-3.012,10.437
3.5111,-1.5357
6.3457,3.4494
-7.931,1.5393
3.4691,-20.196
14.845,-5.214
2.075,-0.42875
12.971,8.5142
-12.587,5.7974
-10.721,-6.0032
9.8564,14.929
-4.6107,-13.424
10.034,6.6071
2.1793,5.9496
9.2345,-2.9213
13.897,-11.52
-10.489,11.639
-0.24267,-13.043
20.577,3.9268
-16.022,3.1646
16.939,1.0408
-4.2581,7.2484
17.678,-3.7219
0.11505,12.856
-5.1131,-17.89
-8.5917,-4.9524
-12.286,3.4787
-12.407,-15.377
12.82,-2.2931
-12.127,-5.6673
19.063,-6.6818
-5.7197,-3.2246
0.71146,-21.411
-3.3218,-0.0708
14.608,5.3747
19.048,-6.7711
-12.149,3.4358
-12.274,-13.286
9.4057,13.476
-2.981,17.28
-9.0927,17.854
-1.7415,-5.5988
-12.063,-0.26161
11.146,3.5228
-1.7939,4.3362
-12.021,18.366
7.1056,-8.7769
-11.252,11.354
5.0666,0.45648
6.5655,-13.631
-4.0359,-3.1898
12.743,8.0458
12.771,-2.3222
6.1632,-6.8257
-12.681,5.2547
15.386,6.8697
4.8144,4.6658
2.3098,5.9044
15.232,-11.617
14.905,-13.201
-9.677,-3.2468
0.78366,-9.5634
10.401,0.33102
-12.199,-13.413
-10.391,19.815
10.152,-12.823
-18.028,-2.0206
5.4263,-3.4444
12.358,0.92489
22.983,-5.322
-6.5022,-1.1996
-0.88197,-20.199
7.0403,-0.66452
12.281,-3.6329
-6.6086,-18.574
12.431,-2.303
12.394,-2.1772
-6.1287,-6.826
11.526,-12.619
11.188,-1.0172
4.3467,5.6004
-12.905,-10.416
-12.125,0.098458
-1.05,4.865
-1.1279,-20.178
-13.974,-0.557
-6.4104,-18.29
6.1984,-9.3542
3.8936,6.8265
11.769,-1.4166
-0.55518,4.5066
5.5329,0.43255
8.8429,-2.4721
5.7291,-3.5792
-6.9433,-1.5423
-6.0898,0.3369
4.8205,-10.841
-16.692,7.3154
-9.7966,-3.1476
6.4193,0.25704
-9.0253,-19.389
1.7003,-0.42245
-15.592,-11.531
6.6674,-9.3846
-9.2047,20.27
13.869,6.3924
-5.6462,20.866
4.2705,-9.5217
5.0741,-0.58363
15.859,-9.8378
2.3554,2.3784
2.7713,-10.448
-4.0957,-2.1386
-6.4091,-6.8217
9.4803,6.4589
-3.9233,-10.856
-12.589,5.5629
5.9934,-2.5808
-3.212,3.7538
-6.3128,-6.8033
4.6751,4.3473
-2.3488,6.3546
-2.9189,17.357
12.872,7.9904
-1.5314,2.6777
0.028147,-13.413
11.833,-1.8389
-15.58,-6.83
1.2025,-13.496
-12.582,-0.081124
3.7519,10.913
-6.6674,1.5995
-12.571,0.0090206
-4.79,-5.171
-11.82,-6.3915
11.509,-1.2594
2.899,-10.002
25.48,-6.7012
-10.764,-7.6319
-10.105,-2.5522
-9.2937,3.3908
12.808,-2.434
-3.0847,17.465
11.087,3.2504
-1.9263,-9.9153
12.321,-6.8001
6.3761,7.398
7.8779,16.781
9.2253,0.22961
-12.89,2.2674
-18.704,0.4741
-12.313,-13.246
-9.0067,4.2457
-0.60675,2.8894
10.451,-13.748
-6.3005,16.041
11.804,-1.2829
-3.1088,10.625
-3.1991,-13.69
-5.9247,4.8168
-3.1019,10.48
-0.11551,20.275
0.72539,3.4439
-5.8322,16.886
9.4118,10.437
6.8093,8.1099
9.5575,0.010012
9.5947,-10.109
0.058178,-13.199
-0.0062982,-13.165
10.895,2.3485
7.4731,-8.6091
2.793,6.7395
14.702,-2.4082
-0.44127,3.8977
-15.551,1.6961
-10.326,-4.6636
6.0721,7.8677
-10.258,19.625
-1.4106,-8.5675
6.6687,-7.0088
10.452,-2.202
19.167,-6.8095
-15.071,-6.0101
-3.7823,9.7466
-2.0284,18.056
-1.6387,4.3882
4.7361,3.1392
12.735,-5.9385
6.5634,3.3521
0.80286,-13.48
15.69,-13.685
20.182,3.8275
-5.7563,-10.224
11.746,15.56
-12.588,-0.015793
-0.15384,13.11
-8.3943,-5.3836
-3.6502,4.0247
9.5109,14.847
5.1164,14.964
11.451,-1.779
-14.077,-3.818
11.175,4.9324
3.0344,-6.536
-4.865,17.545
-0.069496,12.808
1.7595,-0.26212
-6.3663,-6.6777
-20.473,4.8194
5.2956,7.4775
-0.10018,-12.935
12.536,-6.3708
-11.915,-5.6227
0.50224,-13.502
9.5793,14.418
5.0253,18.893
2.3842,-7.6048
-0.20334,3.6219
9.408,10.448
5.251,18.761
21.798,-3.2141
-0.026703,27.214
9.0583,-2.9449
-14.725,3.2178
-8.926,-1.7539
6.4969,-6.8704
-11.454,7.8267
-5.9631,10.129
-13.091,-11.887
-9.8147,-6.5858
-6.2111,9.9537
-3.2949,3.6631
4.4185,8.1215
11.296,12.577
-6.1018,9.7662
11.068,-7.1972
8.3543,-13.663
-12.239,20.872
-5.5696,15.682
6.2736,10.276
-12.101,3.4274
-10.246,16.882
12.612,-11.865
19.464,-0.76736
-9.7688,-3.131
-10.289,16.731
17.764,3.5779
9.8027,-0.036612
-10.741,-5.1054
12.576,-6.526
-3.1403,10.371
0.89676,-19.933
10.978,2.6605
9.5789,0.053064
17.707,2.6012
12.718,2.4803
-0.16296,-13.13
-12.62,1.6521
-0.12189,20.279
6.4902,3.3407
-9.7216,-6.576
1.5413,-4.231
16.024,1.0587
10.989,3.7535
1.1337,8.2484
2.4561,8.2477
13.418,6.6603
-2.5938,-10.314
22.64,-8.9522
1.1409,-13.539
5.718,-5.4783
3.7211,12.214
7.3454,-13.187
-0.74289,5.8633
11.344,-1.3359
-0.32617,-2.7482
6.5633,-6.8771
-1.9134,-10.391
0.29495,6.8907
20.232,4.5433
-1.5927,-18.943
-2.68,-10.199
22.193,-9.8946
-14.881,-7.8161
-0.023895,-13.154
-3.0288,17.311
-6.1695,9.998
-3.1789,4.1076
4.6334,-15.049
-15.627,-3.1069
9.4094,-3.1921
9.4333,-3.1675
0.66123,-13.406
-6.3302,-6.5177
-9.8356,5.6146
-9.8166,5.6016
-15.754,3.1245
-12.433,-0.22338
-6.4103,-6.9747
-11.754,19.653
-3.4541,-9.9099
15.38,-13.257
9.9406,6.7584
7.686,-4.7959
15.597,6.2117
3.1749,-6.1963
-10.07,-10.231
-4.7432,-19.894
1.0183,-13.518
-2.7808,9.129
9.2393,-4.0039
-3.6942,6.1767
-6.1106,-6.8338
-12.718,0.10536
-13.593,-9.4982
17.984,-2.8488
7.0088,15.9
-6.1805,9.9552
-11.913,-4.5215
16.176,-10.202
6.1775,8.477
9.9357,14.885
19.167,4.4366
13.23,6.5526
6.7154,7.1733
11.321,2.6066
19.225,-3.7323
11.365,-1.3544
6.9914,13.185
-3.4613,-18.331
-2.8255,-1.6873
22.192,-9.9009
-12.585,5.0005
-12.114,-0.36002
8.2083,6.0582
-17.548,-5.0483
19.213,4.4404
12.768,-2.2007
6.634,13.467
2.7138,-10.453
16.059,-10.204
-8.3572,1.4309
2.2047,5.9568
5.25,5.5623
-4.984,-17.556
6.5085,-13.524
-9.4147,20.298
-3.5468,2.9757
6.4501,-0.24909
-5.3468,11.497
-5.557,9.059
-4.1303,0.58797
1.2267,-2.8752
2.6676,-15.184
7.7484,-8.5638
-0.89847,3.477
0.50271,-7.2978
-9.8923,0.26834
8.8875,-1.8472
-1.4733,2.9855
-2.5809,-9.5913
-6.3183,-3.4469
-1.7984,-0.12397
-6.3025,-3.444
-6.8843,-19.61
-3.2358,-10.495
-6.3593,-6.8923
-6.3391,-6.8927
-0.71439,-20.569
-11.935,-5.8078
10.464,-3.2479
-14.908,-10.154
12.18,3.5844
12.835,-8.0099
0.72947,20.764
10.756,10.736
21.271,-12.239
10.959,0.20736
-16.775,-3.8468
14.222,-10.736
9.7336,7.8076
-3.336,-4.0692
-17.638,-3.4912
5.2562,10.201
9.0122,11.175
14.068,-9.244
-6.0364,-6.7311
-11.363,11.372
-7.7161,1.8703
5.8534,6.5572
6.8017,-2.0968
-4.3561,6.9329
-6.4377,-7.0011
-12.746,1.6495
10.682,-10.51
-6.1584,-7.0187
-3.1963,3.9242
0.59072,5.7001
-12.94,5.8813
-5.5854,-19.394
14.387,-5.2337
3.0767,11.49
-6.3844,-3.396
-0.58436,-2.7318
-3.4109,3.338
6.5052,-6.8776
9.1771,-16.907
0.008255,3.372
12.968,-5.6996
12.518,2.942
-0.033471,27.116
13.334,9.2657
3.103,10.304
-6.4297,-6.8096
-8.4842,-19.72
9.7287,-10.496
-0.95601,3.5209
12.175,2.5569
12.578,-5.9762
4.4419,8.1836
6.8052,-13.314
8.0025,-14.03
12.761,-5.8057
14.548,5.5726
12.439,-6.5606
-0.50162,2.452
-9.1487,-9.4175
4.9241,3.0907
14.857,-11.954
5.5005,6.8655
13.539,3.483
10.283,13.818
10.216,13.771
-12.959,5.879
-12.953,5.8831
8.6635,13.639
9.3945,-12.358
-3.9191,-3.1089
6.5111,3.3736
1.0193,8.2741
3.1478,13.947
-16.975,7.2868
-4.5556,6.5769
-0.66058,-2.2676
11.188,3.5613
2.9275,-10.17
-2.4462,20.714
-2.8887,-10.63
-3.2517,10.209
-13.92,0.82445
-8.5891,-2.2891
0.0068338,3.55
9.7619,-3.476
4.5205,18.684
7.0741,-0.55363
-4.8509,8.5399
-7.5505,10.135
4.7982,7.6713
-6.3859,10.244
-7.0363,-18.917
9.9334,-3.8799
1.5333,-0.13746
-4.3129,-3.2222
4.0778,6.99
-11.742,18.991
-11.917,6.7084
12.869,-5.7656
-6.3485,-6.7744
-11.735,6.8112
-10.428,6.5246
11.045,-13.869
-13.106,2.8085
3.429,-15.051
0.32313,5.0527
-0.21643,-4.797
12.747,10.376
-6.4752,10.22
16.047,1.0505
8.9634,15.011
9.3791,13.642
4.5172,3.6709
-7.6145,4.0668
0.67085,-13.48
-0.33814,3.6716
-5.1775,6.7782
2.1341,-6.3181
-2.3297,-10.159
12.445,7.7443
-0.23138,1.6621
-6.4487,-6.9442
-5.3585,-8.5205
16.047,-1.2824
-14.816,2.8823
-8.7623,1.4072
-16.55,3.266
6.9363,-0.43753
5.3387,4.5512
7.1687,-0.6431
-13.241,5.3286
-9.8838,-6.4176
20.934,4.1551
-5.1536,9.5203
-6.8839,1.4533
9.5775,8.5987
11.997,8.918
-14.828,3.9323
-14.168,3.8964
-11.453,-5.6082
-6.7605,-18.771
-10.558,-1.5253
1.1078,-13.484
6.082,20.098
-9.1858,-9.2437
8.2061,0.52707
6.4424,7.1931
1.1561,4.8011
-11.855,18.94
-0.19748,5.1449
-5.5342,-8.4594
9.7949,14.871
4.2895,0.45031
5.2865,5.8824
4.1381,4.6585
-9.4388,-6.8632
-14.348,-4.3972
16.931,4.3528
-6.706,10.703
9.5256,-10.17
4.6639,5.4508
6.178,0.67939
5.513,10.177
9.3036,-0.88632
2.307,-6.6064
-1.62,8.6855
12.745,10.287
-8.0164,10.122
0.94981,-2.5872
-8.2614,10.175
5.039,1.7027
13.996,-12.85
-15.674,-3.4232
0.55471,0.038528
-1.2602,-17.768
-12.026,6.7422
12.504,3.5563
-6.3518,-7.0816
5.2632,14.883
-12.461,3.1612
10.968,3.6721
0.39056,-18.383
0.35454,5.7928
-1.1104,-4.8295
2.3667,-7.8956
-12.919,4.314
15.405,6.2281
-4.952,-17.559
-3.1694,10.342
-4.5922,-0.65825
-4.4848,-0.22781
-7.1319,18.3
8.2732,-4.7023
-0.1275,6.9113
4.275,8.9966
-9.9483,5.8204
-11.788,-6.1931
12.506,3.4836
-5.9612,-7.2829
13.045,8.8845
13.4,7.4759
1.2877,-13.517
12.845,-8.8809
9.6842,-10.011
-9.4845,20.511
14.032,-5.1324
-6.101,-6.7432
-9.3215,-12.696
-6.1853,-6.7503
-10.413,-1.7129
8.868,-1.4465
10.368,-13.022
-3.182,-13.672
-6.9491,11.668
-6.8064,11.279
10.367,-2.1461
5.008,12.363
-5.7553,-18.376
5.2207,-3.2897
0.44759,0.34978
-9.0145,1.5729
-4.0501,-5.5434
6.5102,9.9265
4.6377,5.9271
7.9802,11.897
6.5875,3.8624
5.4122,7.0681
12.583,3.596
-3.2047,6.995
16.88,4.3043
8.3883,-3.5293
10.351,-2.3019
-5.1745,9.3919
6.3297,-13.761
11.711,1.5941
-2.9518,-18.631
-4.558,6.4471
-0.60522,20.815
-3.6287,-17.733
0.10755,-13.22
3.041,20.531
0.22193,-5.8362
-12.266,3.4493
2.9333,-6.0645
-11.784,5.8156
12.891,-2.5596
10.701,3.4065
-5.1221,6.8619
5.6829,6.4873
3.3047,-10.455
3.5946,5.8392
-4.4252,-13.489
-6.5181,4.0974
13.769,3.8652
5.123,-0.65237
17.458,-7.2432
4.2873,9.5561
-0.11584,5.2613
-19.884,-6.7686
11.073,-13.886
0.039643,12.679
11.658,-1.1956
-6.3685,1.9011
-7.883,1.4686
-11.963,2.8584
5.2093,-12.131
-12.211,-0.19433
-16.048,-3.3475
9.0519,6.5821
9.4824,6.433
-2.9699,-6.9383
4.2341,6.5474
-6.715,19.767
6.3908,12.87
1.2218,-4.451
0.41199,5.5016
-13.749,-6.4969
9.0562,13.615
-2.6567,-10.244
0.52499,5.0643
6.554,-0.26956
6.276,3.4626
9.5692,-3.1026
6.1182,0.28797
9.6402,-4.176
3.9674,3.0452
-6.23,16.231
-12.652,-13.422
5.314,6.0123
5.8469,20.352
13.061,8.8356
1.5288,-0.11945
-5.684,20.326
9.7869,0.011459
-1.1146,2.6694
-3.7305,5.944
6.5986,13.196
8.3692,6.5871
5.7694,-9.691
-21.143,2.5646
-9.4691,-6.897
-8.1434,-2.4837
-4.4786,-10.515
12.861,0.54764
-17.831,0.55561
-17.746,-9.8035
-4.0198,-19.775
-12.646,-0.076636
-12.701,-0.38004
-2.7975,-13.514
-9.1699,-9.7951
-12.677,-13.569
-0.19094,-4.8537
-11.918,-7.2296
-12.969,-16.364
-11.045,17.868
-8.0741,-5.1473
-12.353,-5.2444
18.803,1.2731
-0.17788,3.4584
19.002,0.5549
-0.024921,27.073
4.9916,-11.109
19.162,-6.4021
0.78383,-13.5
10.317,-13.878
-6.2601,5.8181
-0.023797,27.063
-11.851,18.887
-13.46,-19.425
-5.7967,20.635
16.176,0.92796
-10.291,16.682
-0.012892,-13.127
-11.88,20.149
-16.458,3.5031
-21.756,3.762
10.393,13.715
-14.015,-10.449
1.523,2.7818
-11.467,16.602
8.9441,10.579
-1.3556,4.059
4.1681,-6.4809
-5.8196,16.851
-6.3461,-6.7462
21.373,4.3847
0.84426,2.8704
-21.705,3.8082
-6.1364,18.47
-3.0496,-3.3387
-5.3644,9.2508
7.9661,0.56354
6.1943,4.5479
-0.20031,-0.37844
-6.7911,-3.3021
5.9472,6.6364
4.82,15.234
18.811,1.1387
0.23215,0.72204
1.3411,2.816
-6.2838,-3.403
0.4145,-13.509
-7.1241,-2.3726
1.2314,9.0648
-3.7597,4.8665
8.9782,-16.503
-8.1961,-12.677
-6.622,-3.3695
5.8477,6.984
10.7,9.0412
-4.783,-18.984
0.44224,1.0802
9.0938,-2.8927
-1.3669,2.5647
6.1747,4.6248
-11.095,5.7195
-10.424,17.053
-6.4321,-6.8416
-7.4528,18.282
-3.3514,6.9649
-4.5465,6.4407
7.7993,-14.102
-2.0042,18.057
-5.0514,6.88
6.2747,3.3224
-12.876,7.0397
-0.033095,13.337
-7.5778,2.8501
5.0982,0.6405
3.9182,8.2603
3.8443,-15.564
10.454,1.455
12.994,-10.255
5.9397,16.82
-6.6299,8.9002
-1.1872,-5.7466
9.2138,6.5746
-3.9448,0.88754
1.644,3.8767
-13.055,4.6459
12.783,-6.7683
0.84001,-9.4796
6.3141,9.6498
-12.387,-0.11164
-2.8651,-10.149
8.9564,15.273
-5.8383,-3.289
-5.9031,-3.2942
-6.1956,18.23
11.948,7.7984
0.93502,-13.561
7.9102,12.094
-9.6134,-3.293
6.0681,6.5096
7.1304,13.355
-0.61875,-2.5522
4.0235,11.398
-19.847,-6.7358
11.298,8.8464
-4.0441,-1.9483
-12.632,0.055375
-9.1674,1.9191
6.001,6.4653
-9.2246,6.8908
-9.1755,1.9165
-3.0755,-7.4228
-4.6679,-19.962
-0.87812,20.558
6.0859,17.153
9.1015,0.34693
6.3137,9.6879
3.0565,19.861
6.5786,3.4981
-0.047856,-16.946
6.201,3.4084
16.259,-10.233
-7.1759,3.4493
-13.319,3.0112
-12.541,-0.18798
-0.063828,20.298
-12.444,-0.22523
15.89,-9.9066
5.4092,-8.3009
-9.1277,6.5168
6.8801,-2.6315
8.7791,11.301
-14.782,-11.218
-3.1681,-3.3075
-2.5798,-8.5945
-9.5511,-3.2475
-9.022,7.039
-12.13,-13.237
-3.2331,0.15111
-11.97,10.778
2.4969,3.0961
-15.964,1.1182
-6.3574,8.0365
5.6068,9.3604
9.1513,-0.34852
-16.106,3.0107
10.424,1.7337
8.9761,-1.0522
-12.525,-0.070448
1.429,-0.052879
8.957,14.791
-0.37567,-13.403
0.41509,5.7356
-2.6211,-14.435
-17.435,-0.64357
-10.274,19.523
-12.639,-13.431
3.3308,-15.438
0.10922,-17.179
-13.068,-15.187
3.2477,-10.281
-0.037722,27.115
0.37543,0.31242
-18.964,-0.80451
-21.621,3.457
-9.3254,18.885
18.836,1.1435
8.4909,-12.691
-14.746,-2.428
-19.162,0.2343
-20.691,2.9254
-9.2514,1.5006
18.958,0.6189
-10.451,8.758
-20.745,1.7209
9.7932,-0.080815
-6.3312,-6.8097
-17.182,-0.50654
11.29,13.344
-9.2027,1.4953
-5.6834,20.838
-16.264,2.0222
-3.1764,-0.011801
22.991,-5.1886
-6.6815,1.5924
-3.5583,3.8887
-10.267,16.774
20.676,-5.8814
-6.4978,15.893
-9.7567,17.592
-2.9717,-8.5107
5.5722,-2.8272
4.6391,18.581
-1.72,5.6313
-6.3198,20.835
-6.1401,-6.7849
9.7478,-0.70134
9.1752,7.666
6.8032,9.0752
-2.0169,-1.3252
-2.6287,-10.238
-6.2608,16.091
12.729,-5.9563
11.291,3.1675
-11.958,-0.15417
-3.0516,-7.9223
-6.2805,16.098
10.368,-13.022
-9.0526,-4.3817
6.8131,12.177
11.175,0.27174
-0.16218,-13.047
6.3873,10.021
6.4871,12.87
6.1203,-5.7198
-2.3071,0.44123
0.20737,0.68876
5.4114,11.767
9.4726,14.818
0.14629,-3.2424
-2.0038,6.9052
-10.511,6.7734
13.449,3.1666
14.136,5.5827
15.17,-13.251
-3.1161,10.158
3.8938,-7.541
6.0247,13.018
6.4056,12.884
-18.273,2.3497
5.6946,6.9794
11.364,-2.1771
-3.8094,6.5317
0.27946,6.8208
8.6649,11.655
1.0337,21.042
-2.5783,20.58
14.039,6.9
9.584,7.3201
-4.5344,-3.1711
-0.18267,13.942
2.3913,-6.7159
12.383,-2.2305
11.695,12.158
10.329,-12.282
6.5493,3.3435
6.3992,13.019
6.3908,12.87
-5.6615,0.41398
12.664,10.42
6.1815,0.37655
3.0596,-9.8894
-0.85271,-9.6705
-0.43748,3.0856
4.5943,18.629
-8.2931,-5.2797
-0.39584,13.365
4.5751,0.48317
5.4943,-2.8595
-8.3119,17.402
12.786,-8.2449
1.295,10.928
0.63868,3.7195
3.9328,16.602
8.9348,10.698
0.50778,-18.075
10.644,-14.133
9.5554,0.06636
9.474,-9.8758
5.4042,6.1426
-3.0489,-7.4445
3.1802,17.319
-3.9898,-5.5583
5.7128,-2.8117
11.283,2.5438
-0.024103,27.194
10.237,-5.053
-12.929,5.71
5.0436,7.8952
-6.2208,20.778
4.2416,-0.43212
-0.57688,4.4967
-10.499,8.7894
3.342,7.6374
-3.5628,5.8482
0.33784,0.34394
2.424,3.0776
5.8641,9.1144
-1.5169,-0.053238
-11.571,16.717
9.4542,-3.2343
5.1643,7.2057
13.74,-10.646
-12.929,5.7098
9.2013,-6.99
-9.4015,-18.898
11.424,13.274
-18.108,-0.17639
-4.0198,-19.775
0.26328,-18.394
-4.0197,-19.774
-0.84958,2.6271
-5.7629,19.854
21.308,-12.208
-9.4015,-18.898
-21.444,3.216
12.608,-5.942
-20.901,1.7501
-12.721,-0.061128
-21.489,3.361
-4.2615,-4.9274
-9.0781,17.788
-10.124,-10.17
12.608,-5.942
-20.945,2.2262
-1.1241,-20.49
-12.741,5.6765
-0.15368,-13.033
-19.087,-0.70524
-10.69,7.4656
-4.3388,-13.53
-4.3388,-13.53
-0.02462,-13.11
-0.23271,-6.6416
-20.292,3.3766
9.9552,-11.317
9.9551,-11.317
-20.653,1.7523
-20.523,1.5676
-18.359,-8.2207
0.19976,-1.4481
-10.613,7.6398
-1.1241,-20.489
-9.8453,-10.174
-12.736,1.6726
-12.299,-3.6279
-17.48,6.2993
10.452,3.7858
-9.8303,5.6313
-6.2093,-6.7506
-0.32543,12.932
-6.2527,-6.7635
-6.5149,1.203
-4.1857,0.96762
-4.3241,-0.43262
-0.054004,-7.1821
-0.054752,-7.1823
-5.1719,-5.6396
-12.792,-0.1647
3.9427,19.506
-9.9077,0.52863
-19.627,0.85745
-6.1653,20.8
-13.459,-20.42
-8.0751,-0.55527
-13.195,-14.859
-3.8507,-17.796
-12.302,-13.472
22.521,3.9005
-17.94,-9.0389
8.4588,-15.22
-3.736,-18.074
-6.6457,2.951
3.0964,-3.2895
-12.764,-15.443
8.2465,6.6135
-9.4252,-0.49353
3.0042,-10.264
-3.9722,0.69403
-9.3164,6.2393
-6.3905,8.386
-11.425,15.953
1.2216,-4.4509
0.50421,15.992
3.0863,-3.3959
-2.6879,4.2028
6.3115,12.839
17.135,4.4305
-6.2047,15.978
-15.729,2.3121
-8.3602,6.305
19.673,5.6823
0.83312,-13.425
5.7746,6.4601
-1.7844,-0.12069
14.84,6.1628
-5.5616,0.3555
-7.8727,6.367
3.9663,16.699
5.6151,8.9642
-8.2834,1.4358
-8.5391,4.835
-11.985,0.17132
1.0408,22.621
-2.9803,20.732
-1.5967,6.4258
-14.275,-4.6926
-21.384,3.2713
-13.508,-3.0163
7.9298,-1.6184
0.061472,14.04
1.3111,0.001752
8.8893,10.579
-1.3061,-4.0409
23.569,-7.5335
0.19004,0.66503
14.527,-2.974
7.2933,16.272
-0.037413,27.127
-10.491,16.876
20.241,-2.8178
23.644,-3.766
23.243,-6.9409
19.137,-6.6805
22.059,-6.8796
22.174,-6.843
-10.371,16.791
-12.288,-13.267
-9.8259,-6.4787
-9.6,-6.6123
20.752,-3.6377
19.658,-2.8018
6.0443,15.791
22.06,-5.8527
16.691,-0.68163
22.156,-6.8458
-10.258,19.626
-10.476,18.871
-6.2732,18.633
-12.699,0.078227
-2.231,-4.1809
16.406,-0.80692
23.023,-5.4612
23.022,-5.5838
-10.261,16.718
18.104,-3.7907
-1.1155,20.534
23.18,-4.366
-12.024,-0.19654
13.516,3.3294
11.077,13.266
-12.606,-0.08024
-0.087639,7.1558
-0.036674,7.0807
7.163,16.598
-10.067,20.046
-21.35,3.0989
-12.247,-13.268
0.44582,-13.539
-0.61758,-0.14972
2.2305,8.2801
7.3781,16.09
10.885,3.572
-9.9558,18.565
-0.62033,18.383
21.847,-6.9145
-11.654,-6.7032
15.837,-1.2809
-21.233,2.9369
18.641,-2.1342
18.051,-3.8812
22.293,3.9257
18.2,-0.51095
0.13972,0.52696
13.634,3.7542
22.851,-5.3017
13.491,3.2582
0.51889,15.782
-12.426,-0.35504
11.208,12.623
23.308,-6.9477
-0.22846,0.3158
0.81314,4.1481
0.75621,20.825
-2.9423,20.675
19.101,-6.5039
22.506,-7.9211
22.056,-6.8906
-0.60731,2.8451
12.793,-12.459
-12.671,0.033408
18.12,-3.8827
-20.532,2.2082
-3.0134,20.584
11.51,15.314
-17.845,0.8636
-9.2992,-18.97
21.751,-6.892
-11.535,5.8709
18.943,-0.21806
-11.654,-6.703
-0.83028,20.494
-1.4465,20.119
21.702,-6.9247
21.532,-5.9471
1.8388,-0.43976
11.146,13.652
0.26116,-19.369
-6.2341,20.814
-10.14,19.672
10.686,-15.48
-12.571,19.802
16.444,-12.078
2.9449,-16.833
1.4185,22.063
-2.8974,20.76
-6.3752,-1.6285
21.184,-3.5634
-12.603,-0.14484
22.662,-8.2769
1.9041,2.9542
1.8853,2.6859
-10.377,16.761
11.824,12.132
-11.941,0.10913
9.2047,-6.9982
1.1855,22.394
1.142,22.52
1.2857,22.547
-10.089,19.526
-1.2585,20.573
-2.8776,17.328
10.659,-13.749
-0.02547,1.3372
-17.118,7.0377
6.3611,-6.899
7.2404,16.422
-12.791,-15.81
17.391,-3.5004
-9.2608,17.386
8.2377,0.50357
-10.14,20.096
-16.674,2.0014
-0.14923,14.022
9.9315,14.948
23.22,-7.5969
4.5786,-6.4272
-0.26792,6.7529
-19.01,0.62739
11.433,15.11
2.1824,2.8789
-2.9043,-10.373
-2.9281,3.6915
-6.3004,20.3
-13.751,-6.1812
-0.36222,-0.29157
-13.205,-11.832
-2.1106,17.821
11.854,5.3004
-6.7381,19.482
-16.084,1.8243
13.337,9.2863
-3.6502,4.0247
-12.586,19.773
0.25093,6.8411
-2.9088,-13.504
0.18804,1.025
-21.431,3.1047
-11.657,2.7621
-0.034388,27.192
-2.937,20.676
-18.325,-1.4312
-0.038955,27.132
-12.579,19.79
-19.042,6.6828
-13.657,-19.789
-12.669,-16.684
2.1815,8.237
-18.714,-3.3755
11.553,-10.223
-17.732,-1.0655
-7.6632,6.2534
-7.6854,-0.68808
-18.019,-1.5468
-0.045313,27.129
2.7423,-10.216
19.888,3.9836
9.4302,14.828
21.244,3.9707
-5.1334,17.324
-6.8743,5.6914
-14.074,-6.8759
-0.033083,27.17
-0.040473,27.119
-0.055416,27.11
18.495,-1.9259
-0.036452,27.101
-20.289,1.4453
-0.032955,27.162
12.739,-12.384
-0.030751,27.178
-0.032541,27.165
-8.59,-10.601
-21.685,3.8112
-0.056438,20.257
5.1438,-11.886
-9.8687,17.72
-15.527,3.2629
11.014,0.22037
-11.634,4.5499
5.1504,-3.3947
5.8966,20.305
6.1616,0.35577
-17.106,5.7905
-1.9961,17.766
-0.011542,13.547
-17.565,6.1192
-15.291,4.2628
-6.3943,-6.8714
5.7377,-0.32845
7.6969,11.568
-0.27909,-5.5068
13.031,8.5798
12.529,3.5385
3.7557,-6.1551
-19.71,4.4704
-3.246,10.638
-1.3627,-5.4674
3.3977,-6.0987
0.052559,-5.8704
-8.3827,6.322
-0.028951,20.271
-8.9526,-3.8368
9.5904,-3.3285
5.3325,4.2191
6.5932,-6.6742
-10.071,-10.217
1.0143,-13.44
10.296,3.832
-0.068164,27.069
4.5392,0.59519
9.7057,7.5395
0.029538,13.105
6.4689,10.114
6.3692,12.043
7.1477,-0.50149
14.645,-2.7278
5.345,18.76
5.3356,18.696
4.5003,2.1189
12.775,10.313
-3.1262,10.258
5.6561,-5.3335
-13.912,-6.9236
7.2611,-8.63
-5.9785,-6.7178
10.754,-4.6002
-0.087249,-1.6186
-0.09292,-1.6182
1.7823,4.3328
5.3983,-2.9847
13.319,7.2499
6.7286,10.398
1.6622,1.6379
11.173,4.9264
11.415,15.163
-0.20366,-0.36012
-8.2039,10.177
-6.1131,18.385
-18.939,6.7988
-0.64039,5.9416
-1.0311,3.1043
3.8314,16.246
4.089,16.717
12.078,1.7611
-12.408,-0.17022
12.851,7.9568
3.997,-9.6212
-15.319,-12.314
-0.026308,27.212
-3.5507,11.118
-19.121,6.3937
-11.972,10.775
-0.82383,-4.7845
-13.416,-19.986
-4.711,17.682
-6.4594,20.163
9.6102,7.6781
4.2173,8.7394
-3.1446,-13.642
-12.573,-13.588
-12.483,1.4319
9.0339,0.20415
-0.029327,12.949
-10.69,-7.688
6.8194,3.6664
12.329,-3.6104
-6.367,-6.9853
-3.1073,10.631
-2.119,-0.23532
0.44611,-13.539
9.6911,-16.721
8.9536,13.54
-1.0234,20.439
6.8768,12.412
2.9271,6.8076
-16.898,1.0189
-12.402,-0.19088
6.6096,19.275
16.321,0.015424
9.7689,11.471
-0.088336,27.061
4.4177,16.763
15.229,7.0196
2.2306,-7.3956
-0.089145,27.006
-3.6898,3.1451
-12.969,-16.364
-3.7796,-1.7771
-12.624,-13.38
9.9714,10.2
-2.5741,-7.0203
-3.7187,7.3698
-6.1217,-0.8537
10.018,-10.625
-11.37,0.060155
-2.8048,16.418
-13.646,3.953
-2.8245,-14.311
0.27062,0.61273
0.39366,12.885
-3.0914,10.2
-1.8971,-4.1016
-6.7357,4.3373
-2.9982,10.518
-6.9081,19.937
-9.6767,-3.4852
7.069,-0.63379
-1.1463,20.431
19.885,2.0967
0.34832,-7.277
-6.8316,5.6371
-2.0139,8.5051
8.8695,6.5951
-0.021727,27.242
1.7273,4.9479
5.0516,16.226
6.4217,19.806
2.9429,6.6964
-1.9563,0.16022
14.048,-5.1094
-4.906,-17.274
-12.614,-6.9295
11.358,-10.416
3.1882,-1.4543
12.131,15.494
6.7013,10.471
-0.026382,27.214
-5.8732,0.85321
7.9968,1.5039
1.2395,-4.4004
-12.911,5.8888
-9.1294,19.124
12.271,1.6982
-13.709,4.2151
10.375,2.469
-5.4796,1.4039
16.451,0.99164
-12.344,-3.6082
-11.531,0.83479
-13.527,-18.948
-20.518,4.8791
-17.402,-10.536
-10.239,-9.3306
-11.109,-16.359
-14.893,-2.2934
-18.035,7.2207
-11.87,20.265
-19.162,0.2343
-19.009,6.7727
-10.362,-10.411
-16.856,2.679
-16.861,0.0015228
-18.061,-1.1817
-11.598,2.0635
-12.632,-13.407
-14.682,-12.401
-11.829,0.094779
-16.115,1.5331
-19.294,4.6964
-13.969,0.87679
-12.636,-13.453
-18.958,6.8164
-12.617,-18.574
-1.4686,-8.4395
-13.862,-2.5535
-6.6751,-3.414
-10.339,18.636
-11.005,17.869
-10.989,18.036
-14.828,-2.1824
-9.2676,-0.024138
-10.176,0.73295
-10.099,0.7415
-18.453,6.0464
-18.996,6.4115
-12.597,-16.202
-17.909,-9.4446
-11.029,5.638
-9.922,-9.5721
-15.525,3.2218
-7.9921,-0.62059
-12.63,-16.724
-12.574,-16.729
-12.672,0.033412
-11.113,17.776
-9.7379,-3.0658
-8.2941,-0.4966
-6.9998,20.011
-10.895,12.102
-8.0803,-0.55467
-13.198,-16.946
-4.9181,-11.046
-12.816,13.851
-0.046209,-13.116
-8.5833,-10.547
-5.6059,-10.257
-10.402,19.183
-10.225,19.609
-7.8256,1.4858
-10.076,0.7346
-6.8488,-2.0986
-18.126,6.1778
-9.8651,1.1871
-14.849,-9.9411
-11.94,1.7952
-8.6577,4.3213
-3.4421,-9.8178
-13.514,-2.5056
-6.5754,-3.4069
-7.824,1.524
-0.2477,-13.107
-0.22162,-13.098
-10.921,-4.4947
-3.8217,-11.425
-15.549,-5.6649
-12.393,-13.323
-5.9397,-9.7591
-2.7573,-14.432
-18.253,6.1676
-14.468,-8.5602
-11.825,-6.2733
-7.6444,-0.63507
-18.993,6.8327
-5.9865,20.79
11.036,-7.2887
0.35395,-8.1584
-13.034,-13.633
-6.2258,-6.8668
-12.371,-14.656
-7.7004,1.7741
-12.946,3.5814
-12.129,2.5544
-8.2452,10.133
-8.2587,-9.6239
-14.063,-6.28
-11.654,-6.7032
-3.9589,-8.2502
-8.8112,-0.80284
-12.397,-13.338
-0.048073,-13.059
-12.529,-5.6082
-13.231,-9.8143
-6.7998,-2.1167
-9.332,19.402
3.9774,-6.8904
-12.47,2.873
4.1215,-9.5065
-9.7219,6.2793
-6.8638,2.8722
-9.5936,-10.139
2.9586,-10.083
-6.6039,1.363
4.1255,-9.5999
-6.1798,-3.3859
-3.0684,-3.1998
-0.018444,-13.106
-11.586,-6.6818
-4.9499,6.039
-11.639,-6.7159
-12.315,2.826
-5.9713,20.771
-9.8361,-3.092
7.9004,-8.0565
5.4811,-8.2568
3.5215,-9.7209
-6.8805,2.8539
3.4268,-6.7498
-0.28245,-7.7409
3.3167,-10.015
-0.36075,-7.9013
-0.038375,-12.966
-8.4692,-10.735
3.3016,-21.655
-2.6302,-13.656
2.8719,-10.462
-18.747,6.6266
-6.4741,-2.2716
-18.166,6.1288
-12.74,-5.0761
-12.49,-0.19153
18.305,-7.1245
-9.7109,-3.717
24.737,-5.0419
24.742,-5.1038
18.505,-7.1298
18.505,-7.1298
18.57,-7.1232
-2.0573,-7.3558
-3.3603,-6.5129
-5.045,-3.3463
-7.6526,6.0228
9.3615,-4.4258
-0.031468,-12.844
-6.7831,19.054
-13.056,5.6616
11.183,-13.779
11.186,-13.743
-7.6036,-1.2238
-8.3965,17.967
-4.4981,6.5241
-0.047045,-12.945
-9.2314,-3.493
-8.2032,16.5
-12.32,-13.335
-0.31426,-17.464
-0.0095779,-12.942
-8.7005,-5.8484
-0.20486,-13.073
3.0427,-1.5926
0.301,-20.652
8.2984,0.49644
-9.6877,-6.6539
-0.48679,2.6889
-0.9903,-4.0039
-6.8909,-0.24751
0.21705,0.69296
3.1224,-3.2166
-5.7136,17.217
22.866,-6.7426
8.9979,-14.378
8.9759,-14.264
-8.7874,-4.2135
18.553,-6.239
-4.3567,-0.60822
4.4097,-6.3553
4.1994,-9.576
-0.20389,13.228
6.6405,-13.433
9.5814,-3.3983
6.6246,-13.416
-3.0592,3.8914
6.7053,-13.548
10.145,-4.6627
1.3271,-20.409
-3.0423,-19.093
-0.53973,-0.0082758
22.241,-6.8276
22.184,-5.7569
3.267,-20.072
-6.4693,17.989
8.8941,-14.089
22.059,-6.8796
1.9479,-0.41889
22.588,-7.9276
21.483,-3.7306
3.2652,-1.4023
4.3438,-9.4281
-6.1156,18.04
-8.7385,-4.3342
0.0099314,-13.182
-6.1614,18.109
6.6104,-13.417
1.7815,-13.531
10.015,-4.4153
-1.1711,-0.052962
12.577,-12.457
3.6911,-15.536
17.834,-6.9539
0.1774,0.51585
4.9562,1.449
-0.73252,2.682
-3.0834,10.101
15.76,-11.921
-6.6232,14.697
23.038,-4.4462
21.741,-6.8952
-0.65101,7.7259
-5.716,7.3759
20.087,-2.4061
12.36,0.90418
5.5734,6.7127
-3.85,1.8311
0.7254,-5.0884
14.772,-12.288
-0.19338,-0.22456
6.1575,3.1363
-3.1924,16.787
1.9723,-13.621
17.645,-6.9855
0.17467,0.57264
7.4528,-13.012
2.9283,-16.821
18.502,-5.0505
9.1985,-12.426
6.0198,-14.561
18.24,-6.102
20.809,-5.3648
19.639,-3.0536
21.459,-3.4359
19.799,-3.1867
20.182,-2.942
21.081,-4.6989
12.588,3.4943
-0.092706,7.1251
22.313,-9.9263
-0.11665,27.037
12.343,-2.1645
13.131,-5.9651
-6.2548,5.8316
-3.7774,18.019
16.496,-6.7006
15.147,-11.433
4.8771,-0.49761
9.0867,-3.7869
1.0193,2.8321
2.2713,-13.697
8.0407,-4.0397
12.944,4.3041
-0.24918,14.666
-0.044321,-16.856
11.478,15.446
-3.9118,8.4402
10.321,3.4086
18.953,0.67684
19.609,-2.8139
-6.5636,14.681
2.3227,8.2611
0.9906,1.6743
16.956,-3.5335
18.027,-3.8442
2.3388,-13.505
-3.4157,20.434
18.048,-3.8201
18.261,-3.8697
11.325,13.402
-0.10231,27.061
-0.51919,2.9174
-1.1988,6.2998
17.853,-3.8486
0.84279,10.253
18.009,-3.6486
-0.084912,13.492
-5.8221,18.538
12.49,5.1131
-2.9984,10.505
-5.9326,19.845
19.748,1.8523
7.5805,0.34382
-4.7853,20.439
4.5615,12.495
-2.8938,17.156
18.399,-1.8294
-3.9604,11.922
6.5527,9.8792
11.168,-1.1481
12.719,8.467
10.144,3.2632
16.425,-1.004
-0.00035631,13.696
-0.039309,14.075
0.036446,14.114
17.723,-3.55
18.268,-1.595
10.047,8.5328
-2.9885,20.642
12.731,8.5265
13.128,6.9512
18.25,-0.40869
11.221,0.3066
19.974,2.1616
-0.081585,27.089
-4.6384,20.366
-0.34916,12.957
-2.9544,20.68
18.262,-0.65045
0.12338,14.199
0.52316,15.561
15.983,1.0777
0.71775,10.231
-2.9548,20.565
0.32766,15.844
0.32766,15.844
-1.0763,16.941
-1.6325,17.452
-1.3605,17.261
-1.3774,17.251
21.016,5.1701
20.118,3.1546
19.745,2.0199
20.239,2.6027
-3.2927,17.253
0.014246,14.942
10.179,14.456
0.53988,15.631
0.53504,15.622
0.38122,15.853
-1.0505,16.131
0.71083,15.307
0.50665,15.677
21.048,5.2613
20.72,2.9739
5.2583,14.882
19.888,4.0496
0.78619,15.557
7.0905,16.817
20.678,3.4545
5.4598,14.637
-2.3977,20.601
-2.524,20.662
6.126,15.683
-2.3506,20.6
-2.1002,20.49
-2.0259,20.491
6.4774,14.85
5.8441,17.007
0.56723,17.039
-0.053902,17.469
1.2913,16.191
-0.89114,20.415
-1.2699,20.135
5.7947,18.593
-0.71609,18.449
4.6946,17.024
-2.929,20.81
1.0107,22.586
1.0266,22.595
-1.0722,20.299
-0.99567,20.537
-1.1327,20.552
-0.15731,20.354
-0.81508,20.448
5.9517,19.689
-0.05914,20.315
-0.15518,20.327
1.156,22.283
1.1851,22.395
1.2023,22.477
-0.027634,27.21
1.2173,22.278
-0.034841,27.179
22.484,3.8962
-0.029456,27.09
-0.029604,27.186
-0.026085,27.217
-0.024179,27.225
-13.268,6.2527
-10.2,19.949
-10.34,16.825
-3.2661,-6.7785
-8.3113,1.4689
-3.2327,-7.6665
-9.6811,-10.054
-5.9024,4.6793
-8.2418,18.25
-6.3847,-2.174
-4.5743,-19.925
12.362,-6.7862
0.73153,8.5179
-3.2931,17.071
-3.2471,20.613
10.428,-4.4034
-3.6248,0.35017
15.024,-11.418
18.273,-3.9715
10.901,2.6269
0.75844,10.161
-0.34919,12.957
-2.3413,20.186
-0.89102,20.408
21.456,4.2249
-0.66009,19.818
-19.443,4.9439
-7.7467,18.405
-0.029244,27.121
-21.478,3.2123
-0.51424,-8.8358
0.81654,-13.475
-3.9147,0.82607
4.3959,5.5126
-10.447,-10.361
-6.5436,-1.2577
0.22712,-18.359
-1.4702,-19.399
3.6752,-6.4388
-2.0157,-1.3951
4.7905,-8.4748
-6.8777,5.6291
6.1802,-9.3805
0.15875,-5.2201
9.7183,-16.221
11.934,-13.163
25.486,-6.7647
6.5301,-6.8984
-3.246,10.131
0.22801,-21.155
16.166,-10.17
5.4613,-9.4554
-4.5209,-0.26397
-11.905,3.5837
2.9658,-16.849
-0.035496,27.176
-12.59,-0.06599
-0.28838,-12.675
-9.2773,3.3403
0.14118,14.816
-0.30735,20.369
9.2938,-16.102
9.3923,-16.305
12.937,-5.8128
-0.30863,-0.27359
15.082,-13.145
9.3922,-16.305
-1.6086,7.1623
-0.027206,27.211
12.611,3.6271
12.922,3.4061
21.472,-5.8211
-19.073,0.78253
-13.467,-19.752
14.968,-11.394
-0.13453,13.582
0.085018,12.45
-0.14333,13.379
-0.035967,27.146
9.9318,6.7866
-12.343,-0.040768
10.875,2.7904
23.456,-5.488
-6.6864,6.5289
-14.369,-8.5946
-0.025658,27.172
-0.021568,27.243
4.5307,19.341
-10.462,17.056
-0.028111,27.113
-0.020499,27.246
-2.0139,8.5051
-10.983,18.202
-2.2535,-14.246
-10.34,16.825
-5.8142,8.2711
-0.020574,27.246
-0.021159,27.244
-0.03333,27.196
-1.4588,0.071071
-3.2592,-13.659
-3.8812,-8.4633
-6.956,-2.0617
-17.99,-9.9448
-7.7479,18.408
-0.28414,-0.27223
-10.111,-20.307
-3.3656,-19.626
2.9806,-6.2177
-4.1431,-2.2063
-4.1435,-2.2059
14.16,-3.6624
19.082,-0.16114
-5.3395,-18.392
-5.3395,-18.392
-2.6481,17.264
-8.603,-0.43438
-19.128,5.4162
-17.346,1.6629
-0.026548,27.215
-13.751,-6.1812
-13.751,-6.1812
-16.414,-3.9682
1.3844,21.84
-8.1704,-13.606
3.0344,-6.536
3.0344,-6.5359
-11.533,16.732
0.30787,-13.472
0.30723,-13.471
17.708,2.6015
17.708,2.6015
-0.024859,27.211
2.2027,-7.7733
10.486,-13.032
-5.5873,-18.554
-5.5872,-18.554
-12.242,-18.635
-3.0747,-7.4239
23.15,-6.7367
8.7339,8.2254
8.7342,8.2255
8.734,8.2253
8.7343,8.2258
12.722,8.1152
12.722,8.1152
-8.3943,-5.3836
-8.3943,-5.3836
1.9897,8.3367
-0.28414,-0.27223
-12.586,-0.17127
-12.557,-0.19425
-12.539,-0.23603
-12.539,-0.23606
-6.0736,9.5497
4.9476,-6.5426
4.9474,-6.5435
6.5933,-6.6743
6.5935,-6.6743
-6.5057,19.56
-3.2024,-6.7949
5.123,-0.65219
0.22018,-13.543
4.5778,-8.458
4.5782,-8.4574
-10.114,18.662
2.4859,3.1045
-3.9108,1.0618
-3.9109,1.0615
15.978,-13.704
15.978,-13.706
-7.1174,-0.30894
-0.45383,-6.9508
-0.45692,-6.9499
-0.33506,-13.437
0.19274,5.8681
-4.0384,8.1583
6.4153,3.221
-6.8599,11.34
13.153,4.0985
11.637,-13.462
11.637,-13.462
-6.7965,5.6203
3.2173,19.842
4.5497,1.9714
-20.59,4.4821
-0.019601,27.243
-0.024942,27.224
-2.6954,20.633
6.2844,10.122
6.0728,12.977
11.346,7.3815
5.9632,8.6974
-2.4558,20.771
12.161,8.7891
-8.8491,1.421
12.144,-12.966
-21.362,3.1909
-6.3378,8.1901
16.046,6.7581
0.18108,8.7323
-4.1958,-2.985
5.5389,6.5067
7.0042,8.9601
5.5417,-2.7827
10.302,10.502
-0.65459,20.373
-5.2387,6.6546
-7.7664,18.138
-4.2789,20.087
9.3296,7.7819
-10.994,17.612
-0.34834,12.896
3.0314,20.099
6.652,8.5626
-1.5406,8.6462
-7.404,-4.5502
10.227,11.533
4.8172,11.226
-0.024672,27.203
6.3313,12.806
-6.2535,-1.5625
-6.3943,20.148
20.666,3.1288
0.39471,20.473
20.831,-5.811
-0.021233,27.244
-10.53,8.6704
1.4795,0.018429
-10.152,5.7715
-5.6404,12.257
2.6691,8.0984
6.3553,12.26
-5.8251,4.6705
13.191,4.4604
-0.030174,27.161
-0.11491,26.999
-2.1948,2.8832
4.167,6.517
-12.966,-14.07
9.1778,7.0161
-0.27288,13.362
15.889,6.806
6.3269,8.7695
-0.18275,12.982
-10.491,16.876
-3.9803,-1.8201
-0.53391,16.056
-3.103,3.8995
-8.3173,17.595
-12.553,-13.568
7.5649,-0.88619
-9.2804,6.5601
4.0044,15.717
-3.7544,4.5571
-6.4588,-6.9021
9.9314,-10.683
8.0366,-4.8576
-3.6369,-12.019
-2.5443,20.598
-11.851,18.887
3.1194,19.949
-3.0504,10.595
-0.20151,13.015
-12.296,-0.044659
6.6178,12.28
-5.4662,11.593
0.33043,-2.2405
-4.1968,2.5312
-1.3675,6.4393
-6.6701,9.0893
-8.2479,17.432
-6.7233,19.111
-5.1454,6.9022
-6.8091,-2.3088
-7.1809,9.8991
-11.495,17.023
7.9927,6.7081
9.7803,13.519
-0.021498,27.242
0.31668,12.791
-6.2352,-6.8081
-0.026146,27.211
0.18384,12.722
-6.741,15.97
-5.8601,18.782
3.6772,19.6
0.015548,13.47
15.909,7.1701
-0.16021,12.98
5.833,20.348
-18.91,0.33559
-1.8417,-7.3473
7.8935,1.204
12.796,10.369
-7.974,6.39
12.504,2.2126
6.4831,14.519
-6.1521,18.457
-0.35074,-4.641
-12.349,-13.406
1.5321,11.957
0.04645,12.589
4.0596,11.005
-0.027842,27.213
-11.142,16.068
10.884,2.5031
6.4096,-6.7031
-0.025881,27.208
0.37589,20.42
-10.999,5.7211
2.0207,16.286
-5.6782,8.2507
-6.2507,19.805
9.6989,13.001
-13.918,-4.8565
16.163,7.4123
12.576,3.478
6.7364,10.273
7.0364,-0.52539
11.133,9.783
-0.074769,0.44921
9.5944,10.507
3.1278,19.908
8.4383,-0.84981
4.2551,11.681
-8.194,-11.024
0.70152,6.1754
6.7794,10.686
-6.4117,15.768
0.66297,20.7
-0.00061733,12.491
-0.17961,5.2552
16.206,7.3721
6.4109,-6.9111
12.679,4.9403
5.0848,15.217
-5.1706,5.7741
-1.6776,6.3338
3.165,19.911
-0.20576,6.7004
0.44784,12.748
5.0728,14.992
12.459,1.0411
-21.027,2.4305
-5.2817,6.7475
-8.181,17.732
6.4281,7.0879
-13.776,-6.2071
0.81669,-13.475
-9.6731,-6.5549
-12.706,0.16042
4.8875,4.4977
-12.759,-13.482
11.822,12.134
-3.0053,20.667
1.5582,8.273
3.4459,-20.216
-9.5075,0.32256
-0.21565,13.108
-0.037314,27.123
-0.032431,27.179
10.811,2.5499
6.3926,-6.8641
12.132,3.6228
-0.035256,27.122
-11.452,1.4512
-6.2271,20.821
5.3293,-9.8635
-16.173,-3.8298
7.1634,-14.029
-17.955,-9.2807
-2.9816,-10.26
9.9553,-11.317
-0.023797,27.063
18.88,-0.1709
-0.041514,27.137
1.3925,21.933
-1.1357,20.403
-12.141,18.138
1.0339,-13.482
-0.025435,27.223
-0.3099,13.067
13.562,3.5073
-1.6462,20.505
4.0529,12.365
8.408,6.5884
15.87,6.9331
16.096,7.4138
6.5498,-0.32569
15.696,6.5854
16.478,-0.48611
-8.4642,4.459
12.677,-2.1693
3.1118,-10.497
9.9645,11.931
19.404,-2.6456
-7.5502,-19.23
7.2942,16.27
-10.876,18.433
10.4,0.32342
2.945,-16.833
18.482,-1.9395
14.16,-3.6625
-5.6816,-16.328
19.228,-2.3995
-0.54311,-0.16702
-15.668,2.9481
-11.957,2.6931
-0.11393,27.046
-2.4773,20.253
-0.050437,27.07
-12.953,5.8895
-0.36025,12.861
-12.182,6.5746
1.366,9.1115
-16.221,3.4067
20.866,-5.3867
20.927,3.3494
-3.0329,17.78
2.0369,2.6603
1.8747,1.5841
-10.529,18.678
5.2045,18.59
-0.16962,7.0859
-10.323,7.7316
6.0642,-13.652
1.352,21.529
-12.755,-13.408
-18.43,0.046957
-10.346,16.864
-19.172,-0.56388
-11.425,15.953
12.448,3.5225
-0.71676,3.6569
-2.9035,20.8
-3.0603,10.585
3.1952,20.319
-19.325,3.2037
10.081,8.4351
-4.0116,-2.0284
6.2252,-5.7429
-5.1012,6.9597
-0.4415,15.74
2.9848,-2.196
-11.561,16.722
11.658,-1.1956
1.902,8.3851
6.3205,12.837
-5.719,20.231
5.976,6.9752
-11.458,8.1036
-3.9448,0.8875
-12.583,-13.432
6.9444,11.419
6.6826,19.31
5.988,18.708
-1.4101,20.508
-16.614,-3.5444
3.4392,19.758
3.0986,20.708
-0.21415,-0.53685
-5.8193,0.42754
9.3412,-10.178
6.2727,12.27
1.0299,9.4419
-5.6783,11.521
3.536,11.574
6.6324,13.236
-2.6286,-6.1685
-0.36073,6.7113
-0.18657,13.99
8.4575,6.6561
-3.7081,20.424
16.153,-10.063
6.6452,10.17
9.9599,6.55
20.985,4.1294
15.945,6.8258
-5.5927,18.796
-0.387,15.641
-6.1144,15.855
-10.219,20.034
4.0488,16.766
-0.021,27.246
3.4036,19.785
7.4515,-13.059
-14.138,5.1593
6.9568,12.553
5.2336,4.3811
9.3935,10.595
-12.491,-0.28837
-13.117,-0.35858
-0.043648,19.503
2.8814,-10.009
-0.14523,14.029
1.8459,-1.9078
-0.29928,6.7626
11.808,12.134
-2.2105,17.897
1.2101,21.622
-13.177,-3.8764
-3.5803,9.8242
6.5971,13.203
-2.7496,-6.2025
-8.2612,17.926
-2.2703,20.644
7.6971,11.569
6.1388,9.7178
0.16094,17.165
-3.6751,11.401
-0.032725,27.182
-0.044896,27.133
-0.032438,27.12
-0.026709,27.178
0.49264,20.512
10.154,14.45
-0.1024,27.061
-0.27058,-12.66
4.8137,15.561
5.2941,18.694
-0.038053,27.117
-0.82044,16.165
5.2601,18.76
23.44,-7.5054
-3.6657,11.421
0.77779,17.009
-0.037349,27.037
-8.9724,14.877
3.0638,19.947
-3.0273,17.453
-12.462,-13.21
12.898,-7.0566
-0.1371,20.239
-5.3053,-8.4935
-0.038819,27.141
-18.995,6.8646
11.164,-4.4663
4.9227,-11.562
-14.896,-7.1035
-0.4572,-0.29468
12.501,7.7362
21.131,3.6252
5.7942,16.655
-21.038,2.0768
-7.4721,5.9886
-4.8737,20.462
5.6803,-2.7039
6.613,9.6427
3.3126,6.5007
16.223,7.1375
1.0427,-0.22871
0.78945,2.0137
-6.2001,0.19813
-9.4544,6.2052
2.8627,10.549
4.0884,16.762
8.4876,-3.441
-5.8884,19.928
13.152,9.0221
15.581,-0.96693
-1.54,8.7811
0.2209,20.27
-5.558,10.255
-0.13218,13.082
3.187,10.301
0.82252,17.098
-10.426,11.549
9.4407,6.852
5.492,11.927
-0.097694,13.118
-5.9957,12.152
0.065402,13.006
-5.072,6.9552
1.7841,11.935
4.6749,12.28
5.5496,6.5874
-3.0708,10.165
0.49034,5.3418
-3.9798,-10.727
3.1268,7.172
0.24821,12.39
-10.414,16.329
5.1947,10.868
-0.3076,13.041
0.094472,14.076
6.4695,14.572
19.017,0.1515
15.029,5.9828
2.3778,-7.9914
4.1742,11.209
0.48792,20.64
-0.025451,27.223
-0.021122,27.244
9.5296,10.549
1.4508,10.968
-3.4183,-13.408
0.033999,12.711
-13.025,7.0477
14.405,5.3023
-5.4133,7.177
7.8848,-1.809
0.24399,7.2815
9.4972,-3.2393
-0.026404,27.213
14.437,5.5642
0.75109,20.723
0.46812,5.7809
9.1013,11.339
-1.8881,17.228
-5.0639,6.8971
3.3442,19.789
-4.1926,7.2354
4.3844,17.519
6.1968,0.38862
3.6818,9.7131
5.894,0.11981
14.036,-10.865
-0.072223,27.085
-0.08988,12.472
-0.025368,27.222
-0.026869,27.213
-0.30929,13.029
-1.8122,7.2734
-16.774,2.7716
0.56904,20.632
9.2442,15.182
-4.4742,-0.59261
-0.13411,13.692
9.79,7.9974
-4.0777,-1.8495
11.857,15.369
4.1623,8.2833
-0.73863,20.494
-0.021145,27.246
-3.7872,6.5583
-6.309,8.4671
-3.0267,10.235
1.622,11.309
-19.169,-0.78122
-0.023775,12.612
-0.48575,15.754
0.18354,12.695
15.703,6.8154
-11.881,20.148
7.3801,11.486
-1.9248,7.9285
-6.6329,9.014
6.5019,-6.7881
-2.901,10.679
0.009027,-3.2953
-0.021783,27.241
-1.7353,-0.080598
2.9881,10.486
-2.8875,10.198
9.2799,0.1955
-9.1399,-10.213
-1.3062,6.1778
3.3329,6.5491
12.448,1.7546
8.8018,0.35766
-0.030796,13.248
-0.22903,13.061
10.699,10.842
-1.2785,8.9469
-17.352,6.8135
-0.01949,27.156
7.0866,12.015
6.3199,12.854
0.32209,5.8385
-3.6947,6.3714
-0.020484,27.247
1.5577,11.313
-10.648,17.255
-1.799,7.6527
3.2249,12.7
-7.3128,0.83031
2.9686,10.504
-0.66974,20.442
4.2313,16.897
-3.8365,18.887
4.4816,7.4295
-5.5199,11.402
-5.8618,7.2924
-5.8827,9.222
6.6398,10.367
-0.021295,27.243
3.391,-1.1943
-3.1984,16.59
-0.13316,12.803
8.9719,0.29609
6.7929,16.38
3.0919,10.049
6.4332,19.824
4.4211,11.649
0.052708,12.55
4.7818,11.857
4.2575,16.845
-12.396,-0.086543
-3.5146,11.052
6.5521,13.236
14.268,-11.305
-0.020318,27.246
-0.01932,27.241
9.594,7.732
-18.992,6.6804
10.547,8.8006
-0.39411,20.389
5.5494,10.239
-0.13477,12.769
-5.7536,4.5915
-0.76586,6.5568
9.0003,6.6776
-6.424,8.4798
7.9856,8.6617
-15.925,-3.3282
-4.029,7.8725
-14.921,-1.8696
-2.417,-3.3272
-5.1553,2.6836
0.548,-5.0789
7.1148,-0.54157
9.0722,8.0541
-5.1815,5.7095
5.2373,10.743
6.3522,12.969
-0.019416,27.241
-1.4499,8.8709
-1.6725,6.5369
-2.6043,20.546
10.381,9.868
-0.26673,12.994
10.319,10.963
21.064,4.2745
-18.927,-0.82886
-5.0319,6.9559
-2.5406,20.662
-0.056131,27.092
12.724,-8.5834
-20.358,5.064
6.7451,5.1281
-0.24174,12.986
14.597,5.5823
-4.0492,0.75032
9.7597,6.6022
-4.5353,20.209
-1.578,8.8518
-4.1512,7.5822
6.8794,10.649
1.7612,12.017
8.0488,6.8372
9.5483,8.9081
15.925,6.6907
0.33089,12.783
3.8412,10.399
4.0839,11.055
-0.91409,9.3475
4.3129,6.3509
4.9288,15.146
-0.032628,27.174
6.4319,3.3991
2.9294,10.264
9.2891,9.042
4.1639,19.302
13.552,6.3503
3.6039,10.286
-0.051365,27.107
-4.8084,7.0402
-0.29437,13.008
0.17919,12.485
-3.2472,10.716
0.6498,12.681
7.3973,9.1148
-0.042662,27.126
-3.3742,10.442
-3.3639,10.431
-9.4203,6.8525
11.468,12.411
-0.020609,27.247
-0.19818,13.116
0.1709,14.707
-0.026626,27.213
-0.036707,27.152
-11.326,19.423
8.8781,6.8231
-0.026284,27.215
-8.5629,6.2159
-0.025435,27.218
-3.1885,-3.2531
10.456,7.7966
12.187,8.9273
-13.137,-9.4411
6.3116,6.8605
-0.15919,0.43837
-0.030283,-6.2969
5.9484,6.9363
-2.4181,-13.7
-2.4332,-10.27
-17.212,5.914
3.6035,-7.8717
6.2903,10.289
12.448,3.5225
