-15.263,2.4054
0.68996,7.5723
-3.7949,14.062
4.357,-0.79137
-8.3092,4.9121
-6.4782,12.749
10.707,0.14341
11.382,0.085729
11.21,-0.40044
7.2784,-0.51191
-5.4233,4.0111
-10.561,13.116
-4.6642,4.6294
4.8556,4.3154
-3.2573,16.599
0.074049,0.071217
-8.6397,14.926
-1.2734,16.71
7.9113,8.4159
-3.4153,16.306
-0.69122,17.596
-0.69153,17.122
-1.9497,11.31
-0.75504,16.805
-0.0035047,13.805
1.8495,13.678
1.2648,12.733
13.622,9.2053
-7.4577,6.5785
-8.549,9.6587
2.8168,13.949
1.556,14.26
17.912,-5.6167
5.7447,-2.63
-6.7038,-15.732
7.2505,9.1181
0.91783,-1.6743
5.308,-9.2274
-9.0964,-9.8582
-14.215,4.4947
-8.874,-1.9879
-0.6378,17.568
7.1814,12.091
-1.0408,12.002
4.4713,16.953
-0.67955,16.888
-13.498,-0.32796
-0.61608,17.659
-0.67869,17.034
0.8628,12.557
9.1514,10.449
-9.0819,7.9993
-3.2912,16.498
5.4817,-2.1793
5.0572,5.7996
-6.3067,0.65161
2.0907,13.9
3.2259,-16.091
2.3516,13.48
9.1048,10.271
2.1743,13.955
0.061086,13.751
-6.2451,-18.167
3.3232,1.8644
5.0194,9.5139
-8.5378,9.6728
-9.5783,8.6337
0.78942,14.774
17.319,-4.629
-5.1429,9.108
1.158,-6.3407
14.368,2.0091
-9.7381,1.2137
18.357,-6.9371
4.3834,0.17868
8.1566,-7.7695
10.396,-0.061712
7.972,1.917
-6.7013,9.206
7.6269,7.7007
-8.8918,-1.6621
-14.428,4.9077
1.9985,16.625
7.0238,7.4302
-4.8478,-0.082955
-0.57917,17.495
-4.2524,12.533
-6.2261,7.4654
1.562,15.804
-10.959,7.977
7.8746,7.5559
0.4727,15.694
0.032569,13.97
1.6116,13.751
2.0366,18.361
0.80306,7.5725
0.8527,15.676
1.0566,7.8385
12.737,1.8497
8.3312,-2.9969
8.2814,-3.0534
8.5572,-2.6627
-7.2956,0.36935
-6.698,11.121
-3.7877,16.263
9.5781,-0.52283
0.69436,12.644
13.442,-8.1276
1.9106,12.803
-4.5371,-5.019
-13.8,7.0387
-3.0695,14.791
4.3215,9.5892
-9.5639,8.6433
-3.6317,17.333
-5.3629,8.8298
4.0208,-16.444
-2.7234,16.181
-0.7137,16.823
1.292,15.764
-5.1536,16.438
2.0042,14.426
-4.1596,14.018
-4.7569,-9.1191
14.258,-9.004
9.3805,-11.558
6.9366,2.5544
9.2972,-4.6004
14.344,-10.4
7.2212,-8.1039
4.05,10.689
-12.035,5.1642
-7.0026,7.0081
-1.7331,-10.63
10.929,0.22149
11.21,-0.40037
-8.0603,3.9779
-0.11585,13.888
-0.19713,13.94
0.00019903,13.757
0.49,13.907
-8.5253,9.6576
-0.034617,13.756
9.3415,-2.7237
-8.525,9.646
-8.5377,9.6727
-8.545,9.6996
9.1948,8.0247
7.8292,-2.9634
-8.5478,9.6786
2.1762,-4.6356
14.351,5.8017
12.163,-4.5093
4.6291,9.4806
5.1687,9.4825
1.8131,7.936
6.3017,9.7659
6.7861,9.5464
-8.5407,9.6628
-8.5262,9.6757
0.81712,7.5924
0.66685,17.747
-9.1759,8.3533
-3.61,17.341
12.42,-4.5502
-12.229,9.1183
1.2469,12.771
4.9301,-4.6662
1.747,18.223
18.215,-7.341
3.9326,-16.978
0.42971,17.659
-8.8042,-1.8802
-5.0722,9.2238
-8.3963,-0.17934
-7.388,5.0767
-0.33613,8.4058
2.0131,1.1428
0.37556,2.1366
1.9572,-5.56
11.888,0.77432
11.585,-1.5229
4.9336,-10.718
5.3295,0.53559
5.32,14.102
9.193,-7.5133
6.2992,-8.568
12.312,1.7665
4.1929,3.1213
4.9948,5.7653
-1.6381,5.6349
10.611,-0.22934
-1.7721,0.16674
5.1884,5.883
11.05,-1.0046
7.9532,9.181
7.5811,7.8366
7.2175,7.3145
0.86016,7.6309
0.56281,7.5504
6.26,-2.5132
-4.1993,9.2906
-6.2301,12.387
4.9413,2.3927
5.9697,10.107
5.7039,9.0606
-0.35819,4.6127
-0.57277,4.9071
3.8763,6.4174
-1.774,8.9154
1.3359,18.508
-4.4754,18.258
-6.1372,15.9
1.146,17.658
0.66937,15.839
-1.717,8.8659
15.424,2.1285
13.885,9.1742
-3.7992,14.131
7.4639,-3.0134
0.17658,16.774
7.6289,14.573
9.5415,-0.62878
6.8241,8.7706
6.824,8.7706
7.4102,7.7375
11.844,-0.89575
5.839,8.2406
5.2237,8.1197
7.4022,7.4246
-4.0067,9.7816
2.8199,2.2984
1.4106,3.4892
13.873,9.1911
-3.1649,14.212
13.743,5.0337
2.6187,16.575
-0.71287,16.022
-2.9038,15.042
-9.0967,0.36721
-3.128,14.301
-5.3765,8.8625
-2.0255,10.697
-3.5254,11.089
-3.0673,14.362
-2.9311,14.566
-9.2573,1.1602
1.5034,12.669
4.8493,9.4103
-2.2311,16.435
-11.703,-2.3483
4.0471,11.201
-0.083475,0.60144
-0.26187,4.9647
-1.2004,5.9297
-0.29532,9.5851
0.54988,16.753
5.9906,11.773
-2.4702,16.312
2.3804,13.486
-4.1581,9.2408
-5.0468,15.311
1.0243,14.217
-9.8871,-0.028202
0.79233,15.704
3.0301,15.085
4.7389,-4.6385
-0.31284,4.8106
1.9426,16.687
3.9317,6.7313
5.4168,8.1265
7.915,8.4344
-8.9362,7.9177
-2.5051,16.109
-0.66305,17.551
-2.736,15.246
0.41015,16.512
-9.8341,-0.0037773
2.7368,16.62
0.16456,14.142
1.4101,14.858
-0.48328,14.266
0.80649,14.464
1.1137,14.557
0.23737,13.842
10.308,-12.436
9.0478,-7.8367
6.657,11.737
10.632,-0.14905
10.501,-0.82947
-10.443,-11.016
-1.6508,11.342
-9.6663,15.096
2.3506,16.481
-4.3966,-10.272
-8.5406,9.6629
10.144,-0.20743
-4.0331,18.088
4.5892,-14.914
2.7185,0.43438
4.8361,0.24751
7.2854,7.2973
-4.1581,9.2408
5.6689,13.405
-2.7856,15.146
-8.7664,11.038
-9.776,0.060363
-0.82694,16.245
9.0169,10.104
0.39213,14.135
0.020574,13.954
0.98427,14.28
9.1066,10.263
-0.064653,13.802
13.417,-8.3231
12.742,-8.6986
1.6829,8.0314
-8.5429,9.687
-8.5405,9.6625
4.5793,4.5566
9.1948,8.0245
-3.8872,17.032
15.335,1.9523
15.335,1.952
-8.7627,7.9659
4.6962,-14.719
0.15294,12.286
0.13013,12.333
2.1853,13.927
-0.043085,13.837
12.866,2.7853
-4.0389,18.096
17.331,-9.1335
0.83598,17.917
7.1543,10.315
4.9156,5.821
2.0127,-3.1875
-5.0701,9.2318
7.2173,7.3145
7.2355,7.3456
5.5474,1.754
-4.3379,12.225
6.7754,14.282
-12.566,7.6191
-6.6991,-2.9882
5.3876,9.5409
3.125,14.075
0.63787,17.861
-4.7039,-4.6242
9.0058,10.14
9.0137,10.118
-9.5409,-2.2531
10.599,-5.4779
-5.3835,16.457
6.5175,9.6644
1.4994,14.049
4.816,5.765
13.331,-8.3819
6.4028,-3.9429
-0.60038,17.667
17.505,-8.5158
9.2591,8.4014
9.9771,-2.8975
-14.627,2.9765
10.437,-1.5989
-3.7485,-5.888
4.8028,16.712
6.3853,8.5027
13.764,9.2164
-3.8537,9.4784
0.83053,15.859
-0.078405,13.763
15.098,1.8733
16.968,-9.2501
13.899,-10.059
-10.181,-3.0212
0.1297,8.4402
5.142,-9.2945
-3.1061,3.2636
-7.0545,12.969
6.5474,16.472
-3.0105,-7.867
1.7084,12.716
-0.89444,16.159
7.9166,8.3312
14.667,-1.8474
-0.55506,16.859
4.4191,9.6031
-11.48,9.5086
-0.67693,9.7733
-4.3988,16.339
-0.8682,16.156
6.6009,-8.6457
4.564,4.7596
9.6348,-12.041
11.441,-1.2309
11.379,0.26256
11.143,0.18901
0.13311,9.2489
0.37965,16.435
9.1515,10.425
5.058,-7.9995
18.063,-8.0684
9.0816,-11.26
10.395,0.0033463
4.7936,-11.401
3.9539,9.5999
-13.926,3.8615
-6.0834,0.65532
14.517,8.7532
-0.035485,13.758
0.24465,-13.974
-10.815,8.3559
-6.753,0.41369
-14.746,3.1356
-4.8131,13.329
8.6022,-2.1393
5.3094,-9.2907
0.087183,12.206
8.1649,-3.2438
-8.0336,-9.0745
-4.6629,0.58248
-8.6159,13.414
-0.36672,7.5324
-0.2982,4.7047
0.96248,13.558
13.733,-11.706
13.733,-11.706
-4.3247,-13.758
-4.2903,0.47016
-3.0358,3.3723
-12.696,2.66
-11.143,7.8938
0.014086,13.817
10.502,-14.079
13.691,-7.7089
4.722,12.404
18.612,-4.6063
17.042,-9.2826
13.755,-11.688
-0.73761,16.345
4.381,1.0276
-7.8251,2.7362
10.515,-3.0496
18.549,-6.4142
10.957,0.32411
4.7916,-0.050371
7.9292,9.1755
9.2943,-4.8148
1.2463,3.4237
13.583,0.21711
-5.1384,16.992
2.7529,14.761
0.82206,2.3982
6.9052,14.263
-0.67894,16.021
0.37667,17.565
-9.8672,14.053
2.4354,13.673
-0.69065,16.438
9.1903,-11.857
18.414,-6.789
13.277,-8.4085
1.0971,13.064
9.1949,8.0245
13.349,-8.2463
13.502,-7.9305
3.2097,-15.106
-6.6158,5.1996
-8.5326,9.6802
10.268,-0.083874
10.228,-4.2322
9.0708,7.9902
15.809,3.1414
4.6291,9.4807
3.838,9.5465
7.1083,9.4548
6.3797,7.9259
4.5165,9.4901
4.3351,11.405
9.599,-3.7424
10.425,-5.4308
-3.263,8.3027
-9.3116,-1.5985
3.886,-7.2896
4.9869,-4.6081
-14.19,5.1581
7.5742,-2.9728
12.601,-0.71377
-16.022,-4.5575
6.7094,-6.4416
9.6598,-0.54497
-12.82,7.5272
4.3322,1.1666
10.123,-1.656
6.1456,7.9957
9.6347,5.2267
1.8758,8.3062
-8.1022,12.345
-10.67,13.011
-7.0568,13.505
-4.2041,9.5515
6.1175,9.8723
-0.64322,17.056
0.0092104,8.7164
5.1297,-16.387
9.1959,8.1272
7.5866,8.8908
11.214,-0.41023
8.3094,12.356
7.8938,8.5735
8.5597,-0.70143
-2.31,12.154
-9.8632,-0.065376
-2.1095,-0.36389
-4.1993,9.2906
-6.766,7.9914
-2.9522,2.9097
-9.456,15.347
0.40858,16.382
3.0886,14.049
9.074,10.159
13.63,-8.3051
9.3366,8.1513
9.2832,8.1651
4.6291,9.4806
-7.4372,6.5752
5.3635,-9.072
-4.5042,4.5597
8.8315,7.6314
3.1564,15.229
-0.31505,11.355
17.884,-5.53
14.393,-0.25062
-9.813,1.2622
-0.3268,6.2392
9.4355,-0.59842
-8.2381,4.7204
14.147,0.60728
18.423,-6.6706
7.1607,-1.7578
10.142,-0.20386
-11.315,-2.4061
9.1263,-8.0744
12.158,0.87171
7.9185,9.175
6.1362,8.1734
-1.717,8.8659
-2.3083,6.0219
-4.0464,18.071
-15.126,-0.030309
-8.5497,15.092
-1.2572,5.5268
6.6468,11.568
7.4862,14.17
-8.2971,-0.22236
-0.66315,17.551
-8.8976,14.917
-9.8347,0.012314
-6.6481,8.171
-9.3737,15.354
-0.71215,16.022
8.9842,10.098
0.21349,15.598
3.001,16.625
9.0601,10.235
12.778,9.3234
9.2453,7.9034
9.4995,-4.6418
-5.2783,-10.042
4.9385,-9.2108
4.594,-10.614
-4.4607,-10.788
-8.5259,9.7522
10.288,-7.5317
-4.6288,17.239
9.2099,8.0507
4.9725,5.7875
0.11736,15.814
-4.03,9.4421
0.15394,15.77
-0.0023971,13.842
1.9156,-9.2401
10.682,-2.9717
4.9951,9.449
-8.5386,9.6565
-8.5544,9.6391
9.5639,-4.6693
-8.545,-0.2701
2.9333,-2.7674
11.114,-7.3098
14.64,-1.5478
4.9014,-15.794
-13.625,3.1989
-9.1613,-1.2434
-4.127,14.666
-10.425,13.441
4.216,6.5728
-0.85865,-3.49
1.2842,16.905
1.7111,10.852
0.16577,15.967
-5.0084,9.2672
-8.5402,15.038
5.9549,9.6232
3.2102,6.7839
-1.0903,5.3133
1.1567,12.636
-17.188,-4.5155
11.01,-7.3266
1.4333,-3.2739
2.9377,0.24137
-14.506,2.9595
-14.37,4.7125
0.84555,17.989
-7.7285,15.154
-2.608,15.811
13.846,9.1907
9.9898,-12.865
-4.6569,4.8404
6.8059,13.969
-7.7283,3.3033
-1.8068,11.321
-3.7738,-12.479
-8.5148,9.7715
-7.4406,0.97225
-0.95824,5.3991
-4.3153,13.915
2.5944,13.958
6.9565,-8.369
1.0636,7.1251
-10.108,14.092
-4.6431,4.722
-4.3938,13.193
-8.8931,-0.60372
-8.8908,-0.51528
-0.037982,13.755
-10.063,14.134
-3.9916,18.014
-4.0163,17.89
-0.5533,17.49
5.5984,14.141
1.9393,7.9781
0.23177,17.634
-1.6475,11.135
-3.5406,12
11.877,-0.69719
-8.4901,-3.3538
-1.9381,-1.86
5.1454,-9.1606
5.4275,-2.9278
-13.826,3.2016
-0.13822,4.7884
7.0107,6.7048
9.682,-1.8419
17.805,-5.58
1.7076,-9.4028
-0.060806,13.854
-10.116,11.054
7.4576,14.317
-4.5171,15.136
-8.0668,10.385
-8.2278,4.4157
-0.077015,0.50206
2.8891,-0.23958
3.5992,-0.22125
16.994,-4.6401
16.855,-4.6074
6.7054,9.6178
0.91344,-1.7508
4.7729,-4.6983
-6.1991,-18.159
-6.2283,-18.226
1.4204,16.839
7.8884,9.0861
-0.12389,6.6517
6.2862,1.1587
18.633,-4.5907
-0.21317,-4.9815
-2.4481,16.405
-2.8437,15.174
5.0172,0.15569
4.6401,9.145
-12.345,5.5972
-9.1046,-0.33463
4.47,0.20091
18.638,-4.6433
17.026,-4.6425
-6.8098,0.33887
13.025,-10.379
10.959,-0.68358
14.405,-11.386
9.3199,-11.74
10.451,-14.02
-15.09,0.24711
-16.486,-4.4561
-1.3052,6.0959
-4.6665,4.799
-8.209,4.4757
-4.6096,4.6515
-4.5577,4.5856
9.2886,8.1337
5.8233,-2.7008
2.6869,-9.3247
14.671,8.1189
14.292,8.7937
-3.4454,13.633
1.3043,3.477
-8.3833,-0.071685
7.4686,8.985
5.2998,0.75891
18.14,-6.2562
7.1348,9.4346
18.256,-7.0989
18.236,-6.579
12.342,1.0037
9.121,10.309
6.5386,16.509
-0.49044,17.486
4.9523,0.097717
4.9946,0.13923
8.7991,3.0643
-4.6511,4.6767
7.6517,7.3806
8.0928,-1.1811
3.3936,-1.6878
14.187,-8.8682
1.8594,-4.2363
1.2869,-9.6357
-3.4559,17.007
3.1401,15.266
-8.9183,14.922
14.368,6.2451
-4.7832,13.501
-5.1387,9.1467
-3.3443,5.7899
4.607,2.1873
-3.5633,10.174
-4.6538,4.7015
13.952,-10.003
17.927,-5.699
16.507,-7.0362
13.755,-11.688
9.2277,-4.9247
10.072,-12.584
9.2397,-11.826
1.0841,17.679
7.8052,-7.8463
-4.4389,0.48585
13.58,-11.202
-9.5238,11.772
-0.63583,17.643
4.9523,0.097717
9.3178,8.1267
9.2239,-4.8396
-4.9524,-0.21599
3.0059,10.38
-6.9972,0.4517
9.3461,6.1755
-0.60137,17.233
15.14,1.926
6.7997,13.094
1.8242,13.088
4.8782,-4.613
-9.6439,-4.2837
4.8499,-3.3516
-7.9138,-1.5706
8.1386,-0.71675
18.349,-6.948
-8.1151,3.8726
10.253,-0.94502
2.1592,-0.37964
9.2549,8.1344
-5.4248,17.645
-2.5838,15.599
11.414,-7.0397
-0.073916,15.578
3.2896,8.8475
-8.3728,-3.2263
-2.3799,16.435
4.2303,2.3628
-9.6024,-4.2038
-8.8031,-2.0015
-4.9498,9.3506
4.6118,-11.304
-7.6769,5.5242
-9.3827,7.5482
-15.237,-0.23125
5.0741,-4.5629
-6.9675,11.578
4.8413,5.0859
1.6928,13.072
17.811,-4.9231
13.749,0.24935
4.4585,4.376
11.654,7.0126
12.733,1.7841
-2.1177,-6.4963
-12.974,5.1373
-3.4713,16.5
-0.30423,8.4792
-13.457,-0.28951
3.7001,-6.0036
13.715,0.34009
4.6275,-11.265
5.0723,-9.1735
1.0357,17.781
-4.6307,12.456
1.3578,0.0025189
-13.826,3.2016
11.35,-2.3033
-0.3775,7.5342
9.1947,-4.8677
10.614,-2.0596
-6.2204,13.538
3.0319,-8.9497
-3.2842,16.378
13.609,-8.323
-4.6002,12.329
0.57209,-13.519
8.1654,12.559
14.384,5.9016
0.37488,-14.077
5.9553,14.99
1.2105,13.659
0.81651,7.6007
4.8581,12.002
0.12103,11.742
6.5573,16.519
0.10057,-0.066764
-4.7179,-5.1216
9.0564,10.203
-0.060525,0.42682
18.682,-6.0207
10.338,-5.4944
1.5537,15.83
8.7981,-1.6593
4.5358,16.746
1.0092,13.178
-8.5407,9.6628
-4.8134,16.721
-3.9436,9.6791
2.0016,18.152
17.022,-9.327
5.856,10.725
-9.9781,8.8754
1.9256,13.252
13.946,-9.2408
-12.323,9.7534
5.1901,10.755
10.152,-14.163
10.203,4.0665
-8.6562,9.7617
-8.4668,12.675
-2.793,3.1222
-0.57279,4.9071
14.072,-12.56
-7.8203,0.016559
10.431,-0.10342
8.6713,-7.797
6.7461,-8.5967
9.9556,-2.9865
-3.0222,14.445
1.9839,-3.1847
-5.9179,16.239
1.0183,4.6172
14.138,-11.853
3.7057,-14.7
6.7846,-8.5713
11.498,-6.8834
0.92566,-0.30401
7.276,13.971
9.5078,2.9401
4.7714,0.050523
9.454,-0.65234
4.7272,0.062244
0.18417,17.613
3.8702,-5.37
1.1984,18.373
9.2679,-10.533
9.2232,-11.663
-5.6699,16.154
1.4433,5.1332
10.295,-14.001
0.38489,11.982
0.88545,2.3507
-14.489,4.8644
-1.9653,11.8
-1.7867,12.132
6.5572,-3.7952
-11.864,9.3504
17.296,-5.3135
14.248,-11.442
9.1422,10.373
9.0024,10.073
-13.319,-0.38302
-2.972,13.712
9.296,-0.31528
-9.3021,-17.009
18.423,-6.6706
15.802,3.1081
4.423,-9.3706
-8.0069,12.478
9.2337,-0.97634
2.2737,13.85
-14.425,4.6979
-0.2982,5.0745
-7.413,-6.9801
-17.726,-5.006
-0.51128,17.525
14.414,-11.437
-0.83753,11.237
8.1922,-3.0025
2.1447,-16.169
6.5188,16.407
8.8315,0.29052
4.1103,-0.73614
-3.3112,5.535
6.8897,10.704
7.4354,12.339
8.0264,11.79
7.5102,7.2418
-6.7808,0.41443
-3.2958,9.0413
-8.3479,-3.1704
-8.8031,-1.818
2.1803,14.245
9.1463,-11.265
3.6971,11.207
7.7255,7.5864
17.597,-4.3998
4.5836,9.062
-5.7446,-1.7796
-3.6885,-1.9926
8.951,10.028
5.3362,-7.3915
9.3643,-0.34435
5.12,8.0762
1.6194,-16.008
14.138,-11.853
5.7141,9.5675
2.7015,7.1448
-4.1496,9.4576
9.2001,8.1375
1.6924,-9.3193
8.3345,-3.8762
9.3722,-0.51785
-0.97525,-0.46286
9.71,-4.7272
-4.7637,4.5835
10.578,-1.9831
-0.49551,17.535
-1.1088,16.447
-9.9061,14.161
-0.033368,11.402
4.3821,9.3381
11.744,5.1894
0.062867,13.75
-1.3951,-5.3892
11.972,-3.8824
8.6191,-2.0538
7.646,8.1149
-0.82008,12.297
0.95547,0.26177
10.936,-5.3576
4.0258,-8.7643
4.726,-11.168
0.25611,-14.308
0.043004,17.536
5.9135,9.5974
-13.292,-0.57064
-4.1347,9.1567
-9.1283,-4.4019
7.1762,-8.1438
12.149,1.0804
4.2127,-3.5762
5.7068,14.481
4.6491,-0.3204
0.014689,-14.31
-17.706,-4.8894
12.777,0.82351
-2.3424,16.459
4.9062,0.84595
-0.71199,8.6713
4.8144,-9.2571
7.8811,8.2546
-7.4857,11.873
1.2564,-9.3484
-12.107,9.5718
1.0386,13.117
6.7117,-8.1202
0.5058,16.018
5.6119,14.126
5.5815,14.157
-10.052,14.134
1.4642,12.624
2.5145,16.56
-8.7236,3.0705
-8.7249,-2.4165
-9.4125,8.6121
8.1364,-3.1134
-2.9486,3.3659
13.102,-4.1038
11.261,-1.4249
-10.929,8.0183
-4.7614,-9.5693
9.5577,-4.788
-1.8456,5.53
-1.9205,5.7003
-8.9107,-9.6243
7.1922,-13.105
3.1694,14.169
18.403,-6.7936
2.8394,16.706
3.1904,14.192
7.1608,12.259
2.6134,-9.2983
8.4462,-1.4409
-0.37753,7.6194
2.289,1.9153
-0.82794,-14.793
-5.6567,4.5661
6.1852,9.7265
1.0551,13.523
7.0199,-1.7124
11.608,-0.61011
11.906,-0.99433
8.6006,-3.1527
-0.30395,4.456
4.9317,10.206
7.8084,-9.2638
13.95,0.48274
0.007649,-11.126
3.1355,14.134
11.447,-1.1482
9.3098,-10.628
10.572,-1.1612
9.6649,-12.364
-9.3849,15.58
13.706,9.2165
-10.751,7.8978
13.648,9.0385
-9.3398,15.733
11.778,7.0785
12.055,-1.0566
11.568,-0.45824
9.6777,-0.32856
14.335,-11.007
16.27,-5.9656
2.4987,16.508
14.351,5.8823
-1.8119,-10.529
18.204,-7.2235
11.126,-0.80868
9.14,-7.9259
-0.28636,8.629
11.649,-0.24728
-6.0904,-15.699
-6.1884,12.465
-0.2221,8.5721
-6.4264,8.3629
-4.6845,-4.4726
4.8222,-10.875
-0.41585,2.611
14.036,5.2973
-3.7796,-1.5341
3.7735,6.747
-3.1006,13.982
3.9782,6.7796
5.5577,14.256
-10.806,7.8415
-4.6268,17.108
-11.33,7.7861
0.37054,16.496
11.111,0.35941
-6.7288,-1.3792
4.5212,4.2626
-13.316,2.7999
8.5654,-7.7034
-12.694,2.6889
-8.8478,-2.5153
-8.4627,9.649
-8.5344,9.527
2.0038,8.2673
8.4064,-7.5706
-4.5556,4.8812
14.466,-11.498
4.6828,12.505
-4.6752,4.739
-8.5282,5.5406
8.9987,-0.72102
1.8121,18.246
6.7201,11.545
13.503,0.063921
18.153,-6.557
7.6364,10.507
3.3575,16.876
10.212,-1.9212
-13.488,-0.30126
-0.60168,15.93
-9.5859,8.6379
18.495,-6.7117
0.73716,7.544
18.468,-6.5968
14.14,-8.7393
8.8047,-11.651
-5.0419,9.2289
3.6767,6.1245
-4.0442,12.221
-6.4859,-4.9611
9.0356,-7.9972
13.705,0.34604
8.089,-1.9268
-10.656,11.273
-8.4984,-9.4733
9.5426,-12.639
4.0675,6.6193
17.279,-5.3607
6.1528,-12.015
0.37923,8.7768
-3.4341,16.721
-9.7122,13.948
-4.2218,1.1687
-0.80251,11.278
-1.5837,3.4792
13.48,5.8905
-8.527,2.2718
14.255,-9.324
13.646,-11.714
-6.2658,8.0928
2.8396,3.6612
0.76812,15.88
-9.8253,-2.4735
-7.9589,3.4927
9.8097,-12.836
-8.9331,14.876
-4.7794,11.939
9.2737,-11.81
4.5784,16.908
4.7393,-0.16505
5.3149,12.751
17.588,-5.3705
-1.1086,-0.20965
11.25,-1.549
13.025,-10.379
14.057,-12.614
2.2685,-9.2694
-2.3697,15.281
9.0791,10.311
1.0831,15.783
9.257,-11.582
2.4039,13.726
-6.1367,-14.94
3.8555,-6.6174
10.216,-5.4926
10.905,-1.9174
12.498,0.3417
8.3635,-3.9676
13.801,9.2038
4.6884,-4.8779
-11.986,9.1845
17.316,-8.9601
9.2036,-0.31725
2.0141,-9.36
17.333,-8.9406
4.6315,9.3812
10.456,-1.8086
-7.7903,-0.18421
9.4769,-0.27992
2.3805,2.6952
5.5744,-11.803
-9.0135,-17.364
7.888,8.4245
8.3535,12.077
4.0537,11.092
-0.43782,-13.986
-4.8749,-6.0548
13.821,-11.426
11.389,0.12522
-5.9373,14.479
8.1718,2.8373
7.0312,12.051
9.2893,-11.719
1.8713,18.262
3.1166,15.203
13.692,0.26514
-14.894,0.18922
13.449,-11.288
-3.3351,7.3435
-17.93,-5.8182
-4.7562,-14.867
18.279,-7.086
4.3841,6.6775
-10.836,7.7797
8.3943,10.177
-8.1446,15.105
7.6706,9.0244
0.69237,8.8127
-8.0099,12.368
-5.0668,9.3023
7.7719,10.695
4.8441,16.698
-15.177,2.5626
-9.8072,1.1998
-12.766,2.6828
7.5768,14.249
4.9366,4.4029
4.9577,-4.7094
1.2632,14.437
7.4788,-9.3582
9.4044,-3.4486
12.677,-9.992
13.733,-11.706
8.0591,0.27823
7.317,-8.0603
-7.1521,-8.3384
11.814,1.2401
-2.7426,-9.2635
7.9807,-3.8965
7.1734,-9.5395
-8.0635,15.137
-3.3403,-5.0697
10.38,-2.656
8.767,-0.23747
-0.6906,16.441
10.096,-4.6061
9.4576,-0.27076
12.508,1.9236
3.3109,-11.029
17.026,-4.8519
5.6981,-2.6721
5.3336,-3.0174
-1.1706,-15.073
1.7569,5.4702
-4.6598,-4.7116
-1.0059,12.33
0.80147,12.482
14.064,-9.1572
0.44839,-13.989
9.2132,-11.832
-6.6373,-5.0403
0.69134,12.68
7.2665,6.6487
-3.4738,2.5669
16.387,7.1911
9.3958,-8.8242
-1.5806,5.5133
-6.5188,8.0138
-9.2664,8.1436
13.201,1.1828
8.2241,-3.1902
-6.7027,5.3568
9.5752,-4.6277
-1.4527,9.0474
17.587,-5.3719
18.031,-6.1506
-8.5402,12.073
0.25723,17.626
9.9635,-0.62134
8.9115,-4.1516
-6.1448,-8.335
-4.4626,5.1244
-1.6671,8.8922
2.8609,1.5884
-11.772,8.2875
-0.015847,13.76
11.092,-1.332
6.5535,9.6643
8.9063,-11.56
-10.779,7.6073
-1.1563,12.283
0.25762,17.407
-0.41253,9.2254
-4.103,13.771
0.049049,12.146
-8.9939,8.1159
-9.7637,-4.1029
0.4297,17.659
-0.89872,-9.3934
-4.708,-10.448
7.0992,-7.9888
7.4306,-7.9242
13.789,0.34736
-2.3501,12.031
0.68777,7.5849
9.3345,8.1564
17.106,-9.2164
-9.4206,-13.832
-1.3553,-10.687
-1.7191,8.8277
-1.7923,11.469
-3.9336,0.56538
9.0209,9.9994
0.17537,0.092731
4.8007,4.6441
-0.29999,-14.212
-7.085,-13.962
13.307,-11.536
0.5103,17.893
9.3842,-5.0034
14.103,-3.2083
-5.3548,6.2664
5.516,-5.8994
8.6491,-7.5561
5.8719,-8.5803
4.9373,-9.2466
-4.0947,8.9915
-0.63033,17.051
0.70054,17.785
-4.7075,17.322
-4.659,-4.6292
4.9433,3.5351
1.5556,10.933
1.2161,-0.88835
-6.2138,-18.151
6.252,7.593
13.71,9.1192
3.1411,-11.387
-0.44401,9.7045
11.661,7.0236
-0.90432,16.155
-3.1937,-0.24508
5.2708,8.772
5.0981,-7.4507
4.5469,-0.10153
3.4859,-11.478
4.2127,11.162
0.39655,7.1294
0.48409,16.3
7.2037,-7.4447
6.3697,-3.8856
0.36914,16.523
14.559,1.2903
13.631,5.956
4.2373,0.25883
-0.16986,-4.4765
4.73,-17.059
0.5406,7.5132
8.0936,7.5502
-1.0901,12.121
0.60539,17.672
9.408,5.8025
0.40282,0.010409
4.8697,-15.589
-7.3312,-3.7602
-1.0063,9.7632
0.37575,17.497
15.823,3.1215
10.553,-2.8584
5.6318,-1.4647
0.42745,16.345
15.348,1.9641
-0.40597,4.7597
-0.3358,4.5603
-7.3994,5.9262
-0.3225,4.6221
-7.6295,15.015
2.2314,9.2657
9.2749,-3.6694
6.1125,9.7747
10.229,-4.2329
4.0766,-5.8302
-9.1927,-9.561
8.9672,10.084
-3.9082,9.8093
13.895,-3.6813
-1.7105,11.987
0.15102,9.3663
-6.5177,8.0671
14.267,-3.0177
3.6797,-8.7288
-4.9138,-4.8002
-15.026,0.21203
0.28505,-13.077
-17.351,-4.6057
0.87891,-4.5791
13.293,5.4412
6.4358,16.131
13.415,-11.408
7.5826,-1.5102
-3.1267,3.1543
12.524,0.30236
14.881,-10.964
9.3365,-0.87551
6.0782,-12.211
-2.034,4.1499
5.8368,10.687
-1.5558,6.0027
14.117,0.43831
13.416,-8.5083
-6.7771,11.716
-5.2562,16.988
9.1278,-0.47924
0.42801,13.958
-4.7848,15.028
18.627,-4.5968
18.635,-4.6427
4.9808,-4.7601
18.262,-7.1657
-0.81604,11.012
9.2513,7.9159
9.2454,7.9061
-2.5873,0.64967
-0.67953,6.9014
-5.5701,15.024
-0.76747,9.7044
-0.52168,16.068
-8.0422,3.9262
3.9367,-16.951
-5.9457,6.8268
-6.7005,2.0754
-9.3871,13.783
-0.21113,15.972
0.0025756,-0.18786
14.389,7.1485
-3.1532,14.565
7.4803,8.9304
3.1559,15.229
7.4499,-8.8262
9.4949,-0.25134
5.0732,13.408
9.3365,-0.87551
9.8085,-1.6161
9.1359,-0.72399
0.30707,17.685
4.7323,8.5495
-6.9399,6.9359
3.6274,9.5908
-1.8626,5.696
4.5564,-7.0514
-0.27319,7.7263
-2.3993,6.228
-2.2721,6.1124
3.8712,0.336
7.077,9.4908
-4.7772,-5.0887
-14.874,2.2608
9.1101,-0.48229
9.4658,-0.43588
-6.3861,8.0232
2.3832,-0.30044
-4.5521,-4.7482
-8.5495,15.092
-9.8178,1.189
-9.6246,8.7203
2.6102,10.33
-9.1408,8.1782
-0.60135,17.233
8.6954,9.9394
-8.2805,15.11
-3.3152,2.4262
10.616,4.2515
5.0674,-3.1634
-4.7259,-9.2482
5.6443,11.931
9.339,-11.523
-1.7114,5.4593
8.9967,10.058
-9.821,7.0468
3.8453,-7.4151
1.5002,-8.8114
12.423,-4.4991
-3.8451,9.7856
4.06,-7.1804
7.9444,1.9609
-5.019,4.4574
-4.3082,-12.307
-0.28865,-14.293
-6.2199,13.538
1.174,-1.7443
4.6722,2.0439
13.261,1.5911
-8.9666,-2.3827
8.9524,2.8933
5.2226,9.2126
0.88173,15.594
-9.1327,-1.5906
-1.4848,-10.647
11.027,-4.616
-5.8356,6.5065
2.1154,9.0403
-2.0402,5.6379
-2.764,0.48607
2.6513,0.32364
0.88674,2.2613
18.109,-7.7418
5.2231,-2.1134
13.668,0.17525
3.8659,1.0278
9.2602,-11.639
9.3436,7.2356
2.6565,16.594
3.8205,15.612
5.5943,14.097
0.017511,0.088912
10.968,-1.0817
14.396,5.9864
-7.4425,13.023
-4.6365,-5.0489
-4.8898,-5.2504
5.3908,-9.0465
5.4106,-9.0719
-0.77099,-5.4021
-8.9174,13.873
8.2675,-0.43934
10.582,0.036653
-3.3134,3.0541
10.301,-1.1932
4.5819,-10.615
8.5473,2.781
2.3545,-0.075988
9.3685,-1.7491
-8.7459,-9.0795
3.4982,5.7584
-0.97415,12.014
7.8436,-1.229
11.313,-0.79827
17.27,-8.6062
10.237,-13.805
-4.0539,-4.7698
10.237,-13.805
-4.2557,17.487
9.0814,-11.731
14.572,1.4453
2.5657,8.2669
10.803,-13.682
4.5498,-0.25849
-4.655,-14.833
-3.9092,-6.4026
4.2279,-0.78337
-0.58094,5.7345
4.803,10.529
-3.1063,14.427
-4.5502,9.1405
0.51527,-6.5474
-2.9874,14.726
-4.687,-5.0076
-0.13415,-6.5497
-4.5223,8.9236
-10.612,7.7997
-6.3577,13.439
0.97676,4.6427
4.7815,-0.45512
0.44258,7.5193
-17.578,-4.4523
4.1576,-1.3299
-8.3517,12.439
-4.7082,4.8624
-8.5519,15.073
14.444,-2.6528
3.9032,6.1131
0.83698,17.821
4.3677,-0.87894
-3.2851,-10.338
10.301,-12.925
7.3361,-3.0252
-17.133,-4.5329
0.16357,0.22424
-7.9723,1.7425
4.6289,16.5
10.286,-5.1973
10.302,-5.4884
-6.6443,-5.5064
4.6544,-9.6031
14.477,-5.2414
-1.7003,-11.038
8.6484,-7.2517
-3.502,12.716
-2.0698,5.5182
-7.7231,0.32767
14.177,0.43293
9.2673,8.0921
-1.1464,-15.035
-6.0421,4.3249
4.6734,-7.2505
-8.538,16.227
-9.1855,-4.6062
4.9982,-4.7869
9.5841,-12.249
-4.6409,-5.0262
6.9162,14.016
-6.5356,9.8232
-0.05673,-2.3606
-4.9179,11.836
-9.3513,15.707
4.0096,-5.9011
-5.8377,-0.84566
-5.8963,-5.6958
-6.2038,2.3298
-4.0043,9.5062
-9.415,8.6095
4.0471,11.201
-1.9446,-14.86
-0.80252,-8.4558
-6.1498,-10.554
-7.2835,-8.178
9.3104,-0.20449
7.0278,-8.9264
-14.201,5.0773
6.3534,9.6662
4.6974,-2.5131
9.5503,-0.63977
4.6628,-10.985
6.9268,2.4205
-7.2275,-8.2282
0.83994,-13.903
10.678,-13.434
12.416,-4.6754
-8.1372,-8.8944
-5.5696,-1.7594
4.7848,9.3179
4.385,3.9761
4.2828,6.4288
-10.871,8.3961
4.6363,-0.35786
7.2355,7.3462
0.89319,0.19625
0.17749,-2.1831
0.91642,-1.6743
-0.23626,9.525
9.2254,8.1263
6.9767,2.6098
3.7042,-5.4773
-10.35,-11.911
15.78,3.1701
-4.6553,0.038616
-1.5424,5.6334
-3.7163,-7.3699
-4.2146,9.4252
14.791,8.1366
2.6911,0.40679
-5.1218,4.3774
-4.5281,13.063
-6.3862,8.0233
4.2333,9.0242
-1.4727,0.63655
9.2312,-1.8651
4.1747,11.067
-0.015847,13.76
-2.1621,9.7117
-9.4566,-2.0746
8.899,-7.2941
0.24214,-14.702
4.3481,-10.887
-2.0062,-5.3592
2.4244,13.605
-0.94676,-3.2753
3.7779,-6.4226
-1.4993,-8.9881
11.909,-4.0126
4.1644,2.8589
4.3618,11.371
4.2835,-1.1855
3.0357,-5.9675
-6.0783,4.3663
-3.5151,14.394
5.5215,11.929
9.3528,-4.7545
10.707,0.1433
11.388,0.27687
-2.2139,-10.494
-5.062,-9.4021
6.5698,11.917
-9.6077,-2.4956
-3.0889,7.9269
3.9554,-6.8665
4.93,-4.8064
-0.1058,-4.7668
1.7423,12.828
-14.849,0.071665
8.9495,-1.8874
-0.78103,-9.3702
-8.818,-9.6146
5.6191,14.135
11.803,7.0489
-5.0343,13.781
9.8035,-4.2875
-9.3604,8.3665
-8.671,-2.9277
-0.045076,13.741
-0.46522,-9.5195
2.5994,-1.9052
-3.7902,0.42832
3.2988,2.421
1.2757,-0.24285
6.4207,-7.4464
3.5558,-7.7656
14.169,0.65733
3.6781,-4.9372
4.843,4.61
-3.9817,-14.726
-7.2684,-8.2495
-9.3493,15.725
9.0996,-0.38237
-0.053594,-2.3554
15.766,3.2028
0.49546,7.6053
-11.102,-2.0388
4.5442,12.219
0.64251,-1.1989
14.226,0.80115
9.3082,-0.79289
12.675,-4.3836
-3.4333,-6.5331
-17.584,-4.523
-17.47,-4.1855
-14.882,1.4052
-4.8651,4.8966
4.0519,-3.5223
-15.183,1.5911
18.135,-7.9611
-5.7089,17.21
8.9125,-3.6134
-8.8761,-10.441
-1.0634,-3.1987
-1.9958,-7.0641
-4.649,-9.1834
-5.3927,4.0255
-6.8975,-1.5661
-1.0837,3.1471
-9.3203,-16.974
-4.1506,17.07
4.0848,-1.031
-4.4018,7.162
0.82942,1.4534
6.4505,13.833
2.2277,8.2885
18.08,-7.2177
6.1185,9.7615
-4.6339,4.8691
11.988,-1.0675
10.119,-4.8277
5.5217,14.287
-4.7895,-0.021484
-4.7223,-0.052438
-4.6787,0.15131
-10.823,7.7376
1.5312,-15.989
-5.7017,-0.46221
-13.565,7.4025
15.777,3.1936
9.0556,2.8617
-17.523,-5.8754
0.54521,8.7229
-4.2299,-5.2486
3.832,-5.9441
3.6048,10.779
1.3335,5.0817
-0.64194,17.673
-2.1458,-11.918
14.775,7.6957
-6.4918,-0.58738
6.4329,7.8151
9.1662,8.0988
0.9742,-0.007585
9.658,-4.5846
-7.2709,-8.1395
-0.41703,6.4174
-6.7812,-7.0606
-7.904,15.071
-1.0481,-0.36604
-2.4078,6.0781
0.55969,1.0388
0.20527,-14.75
2.2943,8.3716
-5.9217,-11.684
-9.2782,-13.868
6.8494,-8.0175
6.6541,-8.3834
4.0078,-6.2514
1.7822,1.0843
11.895,1.386
-4.8112,16.858
4.4528,-0.35196
4.5466,-7.131
-1.754,-1.6567
-17.542,-4.4352
-5.0517,17.167
-6.6561,7.46
-9.4981,-2.5994
15.775,3.2012
3.4484,-8.1809
13.783,-9.8233
4.5865,-4.5182
-3.1862,2.8642
-6.2761,3.9434
-9.8143,-3.0332
-0.16287,4.7524
13.719,0.52826
-1.2482,5.4999
-2.3574,-6.787
9.8595,-1.489
-4.4666,4.279
9.8323,-4.8012
-13.233,-8.8084
-8.9021,13.515
9.2094,-0.33828
0.43579,17.686
-4.6071,13.089
-4.3242,9.2145
1.7857,-9.0629
14.926,-11.113
0.14872,-13.982
8.5213,-7.3384
9.7013,-10.369
-3.2602,-8.4925
-6.1923,-10.719
-0.45356,-2.9482
5.4218,0.8483
-5.0941,-4.4373
11.686,7.0256
9.1033,10.385
3.1137,-16.074
2.6776,6.8756
2.1197,-5.6403
3.5545,-16.896
-7.8513,3.5267
10.908,-2.9149
-2.23,-1.9414
-5.2166,9.2468
-9.1403,-4.1382
-6.4825,5.4285
-7.9691,-9.4397
-4.3026,13.928
4.0154,-1.8858
11.92,-0.82283
6.1371,15.765
-0.12708,-6.59
0.096244,-2.3046
-3.9432,0.31631
-5.0124,-3.9854
-8.3957,-2.8586
15.331,2.0254
-9.8381,-3.0626
3.6075,5.8039
-1.5982,5.5564
-17.954,-5.8833
15.786,3.1433
7.4245,0.32072
9.102,2.8693
9.1347,10.347
2.1814,-9.3772
-6.7974,7.0946
2.2513,8.4872
0.54373,8.8455
1.2082,18.094
0.17651,-14.405
4.8394,-1.9522
-13.818,3.8526
3.9892,6.6832
9.3757,-0.26249
-7.0049,-11.72
-9.5289,-13.833
-7.0995,-2.7288
-0.34876,7.7578
-1.2778,2.086
1.4035,-9.7519
-8.5157,15.635
-1.0313,2.37
2.5319,-16.296
0.56769,8.9081
4.503,-0.65505
9.15,-7.821
-13.631,7.3636
-9.2014,7.4222
-4.7363,0.0055782
-6.5428,-4.1615
13.619,0.26187
10.364,-0.018345
5.728,-2.7551
18.148,-4.1668
1.5791,5.3775
-13.585,3.7394
15.042,1.8202
4.6882,9.9092
-6.9548,-1.3755
-8.7263,13.902
10.953,4.5597
-3.9096,-4.7938
4.8728,2.2727
4.8264,-4.5562
-4.2039,9.3737
14.09,-9.4219
-10.927,-1.4803
-15.069,1.3555
14.099,-2.5476
-3.314,7.3783
-6.1711,-6.545
-0.53407,-8.6355
-6.4845,0.52025
8.7505,-0.45509
1.0028,3.2215
-3.0543,1.4584
14.204,-8.9307
-9.3563,8.4201
9.2926,-8.077
-14.352,4.8167
-10.179,-1.7333
13.848,6.4202
0.88187,-1.6827
-5.3809,-1.934
-11.211,9.9875
4.6117,-0.70244
-5.9155,13.713
12.057,5.2935
9.5938,-0.44608
0.11607,-2.5564
0.25008,7.3307
0.42055,7.5584
-5.1142,15.5
-6.5353,8.0337
-5.5542,1.351
0.42739,0.024443
-0.13939,-6.7323
7.1685,12.076
-9.487,-5.2047
9.0585,2.8672
4.1036,-16.391
-8.5128,-13.989
7.3585,-9.386
0.21167,17.621
-0.13325,17.708
-5.8674,2.5836
13.818,0.35985
-6.6604,12.611
0.16821,-14.365
-1.2089,2.7805
0.38241,7.1361
6.6708,-6.5892
10.71,4.6183
-4.4917,-4.5049
-10.128,7.4153
13.788,0.64291
14.09,-8.5623
-9.5615,6.8514
13.635,5.7871
13.141,5.107
1.0792,-1.7716
-8.2861,11.868
-11.09,7.5863
-0.27018,-13.995
-5.6518,-0.54336
-0.90119,5.7217
-7.3305,-3.7596
2.4052,-0.11737
3.331,6.9434
-4.5802,0.04106
-10.121,14.02
5.8847,14.029
-4.3523,13.182
5.8259,10.792
1.8774,3.0259
-3.9887,11.346
10.008,-1.8777
10.337,-1.5834
11.729,1.1051
11.475,-1.2264
4.8434,-7.0068
14.318,-2.1407
5.0283,-7.0996
4.7415,-16.592
6.0363,-12.062
-3.7621,-12.537
-0.051444,17.168
15.041,-11.088
5.0048,10.196
3.9931,0.40558
3.6831,-2.3059
1.9272,-6.0722
7,6.1928
1.2458,18.147
2.7942,-16.306
6.4688,-3.9237
3.1287,10.055
7.003,6.1967
18.429,-6.8667
0.41527,-13.592
17.942,-8.2816
3.8694,-11.564
11.612,-5.412
13.843,0.74865
-6.0831,3.4768
5.1567,0.72371
-2.1692,5.9477
-10.066,7.3742
-6.3576,0.58185
-4.7676,17.159
15.841,3.1465
1.1457,-5.5436
-11.369,9.5714
-0.35087,-14.165
4.1705,-11.35
-0.60212,7.1228
-4.95,4.5093
-6.8322,-0.15917
2.9449,6.9684
-7.2734,-8.5781
10.401,4.2371
-1.7776,-1.6703
0.022517,-2.4138
-7.3293,6.4999
0.99617,12.831
4.8203,4.655
-9.5801,-4.8728
4.9363,-9.5249
-15.005,0.080341
1.6442,-16
0.49845,8.6896
1.2065,-15.806
18.236,-6.5792
-5.4384,-5.6731
3.9941,10.634
15.815,3.1401
-4.1084,-1.0354
14.372,-0.54651
-14.721,0.0001499
-7.2896,-8.2505
-14.792,-0.037846
4.7069,-0.22013
-12.821,3.2514
4.8895,2.3159
-0.49597,-9.1253
3.1689,-2.617
7.8058,7.264
11.316,-1.7121
10.694,0.1694
-8.6127,2.2422
0.34628,-2.5533
-1.954,16.662
0.45885,18.079
-0.42252,-8.4602
3.4555,9.625
-9.1635,-1.2637
9.2951,-5.1359
-8.0562,-6.0461
-4.0666,-1.0965
11.049,-3.367
3.9453,0.92524
-4.9694,-8.9806
6.1803,8.0632
3.6773,-11.519
3.8223,-11.425
4.5817,-11.269
5.6508,-2.6325
0.61704,0.012535
-3.1951,13.714
5.9976,15.113
4.3076,9.2777
-4.7721,-3.1746
1.9644,-6.1932
0.29638,-8.2259
-5.9466,-18.024
-3.7867,13.505
0.59572,13.715
-3.3373,8.4838
7.0583,-2.1862
6.0725,9.6099
9.3333,-0.29898
7.4402,-7.8615
11.684,6.978
3.9234,0.27141
0.43134,-13.148
-9.6021,-0.70394
-8.1458,-0.36475
-6.3867,-0.55431
-9.6651,7.5569
0.27368,-7.848
-4.5947,17.392
0.42136,17.681
-6.2117,-18.206
18.525,-4.6589
-5.7411,5.9943
-1.363,10.129
-0.64141,17.568
-4.021,-4.7149
6.4443,9.779
5.0894,-4.4944
-2.1749,-6.8454
14.826,-10.984
-7.0217,-18.392
8.7333,0.41134
0.14565,17.586
10.266,-5.3394
-2.8613,-7.1765
-4.4904,-5.0038
4.7693,-4.862
18.494,-5.2438
14.283,5.6764
-0.42845,7.2541
-5.4143,0.59107
-6.1101,6.9019
-1.5107,0.098235
-9.6206,-4.9734
-2.0432,9.6934
-8.7953,-10.405
14.213,-2.7072
4.402,-10.658
-2.92,0.83548
4.2333,11.8
13.064,9.2691
14.759,1.5586
-8.6056,14.972
4.6657,12.292
-4.6885,-4.9307
-2.2702,-7.3832
5.2757,11.895
-7.283,-7.0512
-8.1606,-1.436
7.0105,-7.9205
7.6946,-9.2621
8.7626,2.9838
-1.2488,3.6966
-5.1314,-7.1289
-7.6163,0.047877
-3.8207,10.477
-3.773,11.066
-13.447,4.2827
15.996,-6.221
1.0561,-0.65265
2.2453,-5.545
-10.374,-2.0742
7.1578,6.7933
-11.822,-2.8943
-6.0061,6.7077
4.8409,-9.3857
-2.0236,-1.921
-8.0414,-9.0131
-4.6491,-4.7616
3.8405,-4.7772
-6.5399,-4.2249
14.173,-12.095
4.3965,3.063
-9.2862,1.4402
11.83,-9.3706
-6.0204,0.5659
-0.016532,-2.3744
7.0521,12.036
-1.4874,-12.386
11.668,-5.4198
-4.8423,4.8708
4.7403,2.0923
-1.2526,1.0996
-6.9579,-11.863
-1.1645,-15.041
0.38024,-14.007
4.7403,2.0923
11.887,7.0851
-9.2789,-9.1522
-9.1683,-9.8068
2.3925,0.24669
9.3682,-4.7726
6.6681,9.6045
-4.6369,-4.5008
0.15171,9.3375
5.4259,11.782
5.2397,9.5172
7.0773,-7.9564
0.1043,-8.2053
4.8374,-4.7836
-9.8209,-2.9666
-9.0254,-9.0827
6.6378,7.035
-15.871,2.1713
2.3126,-3.0942
-2.7585,-9.2405
2.1045,-16.168
-9.3722,15.607
1.7603,5.1507
-8.5097,-0.26065
-5.7774,-11.287
9.0058,10.055
9.9146,-4.7011
-13.343,3.4588
2.8059,2.2854
-3.3633,5.6387
12.038,-4.5969
-4.0079,0.44257
2.8652,-0.24725
-8.5273,15.962
-13.843,-8.49
4.8422,4.3798
12.416,8.1722
-17.133,-4.5329
6.9637,6.8782
12.423,1.9785
-0.052208,4.743
6.8747,6.1411
-1.2783,2.7044
-9.3125,-4.9065
4.4865,9.3529
-0.03495,13.745
10.782,-5.5833
8.9328,10.185
0.2589,9.065
0.96262,-1.1595
7.0616,7.2108
-7.6793,4.279
2.121,9.2169
-8.8407,-0.21572
0.68428,-1.344
-1.661,11.364
-1.764,-8.3343
-6.5655,-17.272
0.50927,8.9409
5.8166,-8.0231
11.652,0.97117
-9.6162,1.1988
4.95,0.44746
-2.859,1.577
-7.4445,-3.6539
-5.7904,-0.51173
8.7138,-2.9468
-8.5782,-16.922
-9.5627,-4.8276
2.8587,-0.33642
5.5829,-8.8033
-7.154,5.8948
10.896,4.5488
18.542,-5.2927
8.386,-9.8746
7.2776,-9.4706
-10.369,-1.7134
7.2447,-2.3202
-1.1441,-15.086
0.35032,8.8041
-0.10974,-6.6744
-0.6739,-9.8237
3.9286,-6.8967
12.213,-1.0591
-5.763,-5.8625
5.9219,1.4977
2.8038,-15.982
-6.7631,11.757
12.304,-5.4926
-1.883,-5.7206
10.519,-14.136
-7.4682,-8.317
11.19,-7.2571
-3.4298,7.2397
-10.289,6.6734
0.38356,16.552
14.787,-1.6916
-4.5987,12.997
14.262,-10.269
-4.594,-0.24212
1.035,18.099
-10.027,-3.3336
2.9645,-7.981
13.524,-9.5628
-10.403,-2.8062
-2.292,10.083
0.39425,-13.811
-17.352,-4.379
-13.334,4.5363
2.5305,-0.5556
-4.2779,9.2116
-2.4733,-2.0243
-6.8249,-2.3213
-12.734,6.6801
3.8358,-5.0795
-0.028979,-4.3777
4.9273,-4.7699
7.9848,-1.9592
-6.1915,3.8803
4.8307,-10.309
11.106,-3.1304
7.8015,2.681
-9.746,-2.7866
-0.61557,-9.24
4.8463,-9.3538
4.6617,-9.3442
7.15,-1.4569
17.977,-4.4248
-8.9954,7.1469
11.889,7.6458
8.2007,-10.171
13.157,-0.044698
-13.711,3.8673
13.421,0.19158
3.1893,15.23
4.2219,4.0106
0.061,3.8791
17.446,-5.3583
1.149,-0.048801
10.809,0.087192
2.434,-4.4264
4.7378,-11.284
6.6082,11.921
14.152,0.44601
14.183,0.41734
-2.2586,5.9483
11.264,-1.5331
1.9821,-3.2489
-0.42179,-9.2135
-3.6315,12.886
-6.5898,8.2155
-5.8127,-4.4877
15.138,2.0233
1.6985,12.629
9.1059,10.403
11.627,7.1756
-1.8321,-11.107
4.3158,-1.2896
9.3687,-7.9361
4.856,-4.7882
0.6253,0.24326
7.8569,2.6732
-8.48,9.6006
-9.232,8.9838
9.2713,2.9448
-9.7429,9.0776
-5.6221,6.2261
4.6778,-2.5244
0.048645,13.876
9.4276,-8.8282
3.3475,16.89
1.577,5.2729
-15.23,1.2133
4.4238,-11.337
-15.096,-0.10427
0.89628,1.715
11.697,6.9063
11.921,5.4001
17.625,-8.7878
9.1893,2.9037
-10.322,-3.1561
14.299,9.0126
-0.68677,-3.1073
5.0115,10.739
-8.7673,-0.032175
0.030489,-2.0558
4.4312,11.754
-5.246,4.2627
5.0668,-9.2088
-5.066,0.90392
-17.26,-4.4475
4.2816,-11.278
-3.3063,8.4784
14.849,7.7946
4.4486,-0.99133
-3.2355,13.922
8.122,-2.8104
-9.202,13.836
-2.9403,-9.9224
4.5977,4.4685
-7.2559,15.485
-5.3225,3.2969
7.1859,12.284
2.91,-2.5684
5.2957,2.3976
9.0772,10.205
-2.6101,6.7687
-9.1723,7.5195
-4.7181,0.19786
11.076,-2.995
-17.211,-4.3684
-2.5549,-2.0996
5.8103,13.621
5.0654,5.828
-4.0005,-4.6338
-8.575,-9.9685
-5.0529,-8.6403
-6.0301,4.1958
5.4651,15.922
0.43952,18.084
-7.2167,13.543
-2.5889,0.56372
7.0188,10.611
-13.381,-0.43387
4.295,-1.4339
-7.4153,-8.5689
12.854,8.1465
-7.9358,-2.91
-2.3044,-11.322
-8.9791,-16.653
9.4907,-7.4606
-13.674,-0.27245
-3.2483,-13.288
-4.7747,-9.0933
-2.7964,0.54631
11.471,0.18
11.445,1.4435
13.267,1.1331
-0.55341,-9.1701
4.7696,-1.2869
-4.7428,-4.5886
4.9008,-4.3726
-5.0264,-3.4741
-9.92,6.4768
-3.3665,7.5955
-4.2367,-4.697
-13.926,3.8617
5.5633,14.15
-1.0459,2.469
4.211,-0.92189
16.847,-5.869
4.6655,4.5521
-5.0379,-4.6382
-16.85,-5.7546
-6.2378,-2.7615
7.5051,-3.3888
1.792,5.2149
5.5211,-2.7427
10.803,4.684
9.322,-0.50362
2.8235,-15.944
5.8417,4.0516
0.33703,-13.705
-9.1499,14.424
-14.818,0.10129
-3.9451,9.2446
-3.2043,2.8631
-1.1745,-15.043
-4.037,-15.044
4.284,-1.1854
-9.377,15.67
10.169,-14.004
3.8795,1.0231
-15.044,-0.17687
-7.7926,-9.3406
-0.30219,-5.0219
-6.8137,-0.34661
-10.478,13.314
-4.3551,-5.0197
1.9818,6.9137
0.8115,4.6923
-4.2172,12.011
4.2277,11.211
-0.69179,-14.558
-6.2551,-18.246
5.8749,1.4935
-1.9404,-6.5613
-3.0477,-13.339
-6.2123,-18.133
8.8304,10.141
-14.517,-9.2921
0.1547,-2.3487
-6.3657,8.1651
-9.1751,-1.6061
6.845,-2.3314
-7.8924,-2.9395
-6.876,-4.0964
4.8493,4.6285
-3.811,10.93
-7.2062,-3.8331
-2.9695,3.5662
-3.4066,-7.2761
1.106,-15.593
-7.3723,-3.6121
3.5453,-0.26859
9.3071,8.1491
-12.46,9.7124
-12.595,-0.36716
-6.9399,-9.4691
-10.493,-2.802
-14.465,4.6467
12.454,0.36888
8.4594,9.9676
-7.5324,0.11212
-14.423,4.8789
11.908,-3.8008
-2.5077,-7.2005
2.2207,0.066553
-0.37823,2.2442
-6.5904,-4.8152
11.458,-1.0767
-2.4601,-2.1634
-2.4877,0.30649
4.9835,-4.7202
-1.9309,-1.8314
1.3444,17.997
2.8236,3.5563
-9.0362,-16.647
12.877,2.7673
14.774,1.4905
-1.079,2.8161
-0.97107,-0.46173
-2.7401,-2.1824
-4.718,-5.038
-5.1314,-7.1289
4.7157,-11.171
9.41,-0.22922
-3.0493,9.2289
9.2408,7.9503
3.5004,-0.55793
-7.108,-8.3981
4.0305,10.682
-0.4897,-9.2101
3.1011,-2.6839
-4.6462,4.8183
-0.89851,2.875
14.455,7.2924
-4.5196,-5.0294
4.7931,-15.747
9.4068,-0.61904
4.7105,9.6736
11.701,-5.456
0.2311,16.644
11.327,1.5298
-17.452,-4.5351
-6.9712,-4.2805
-3.1585,2.2865
7.0107,6.7061
-5.938,14.507
3.1506,-7.1341
3.1373,-7.1462
3.7509,9.9479
-6.6304,-0.40839
-9.6011,-3.9123
-9.6009,-3.9117
-9.9862,7.4376
-3.3252,2.7967
-2.951,5.9776
-14.52,7.0647
1.7924,6.7927
13.328,0.35594
0.19402,-8.0565
8.2496,2.9368
2.1236,-6.2465
1.7372,0.074815
4.7964,4.4205
12.276,5.4332
7.8349,-1.4129
-9.5022,-4.6547
11.752,-9.4545
9.4024,-8.788
-1.5805,5.9399
-8.8099,14.175
0.2607,11.762
-4.0916,0.48546
-5.7355,-14.777
-6.5943,-4.705
-2.0131,8.6742
8.9673,-1.8131
2.3611,-9.1884
-1.0744,-15.038
4.0931,-14.968
-0.58484,-10.229
-3.1806,-4.5547
-2.1401,-1.9954
9.1322,-11.621
2.9759,-2.6824
-4.6073,-14.935
7.5633,-2.7122
-6.8289,0.3916
11.731,-5.4536
-4.9661,-0.0015477
9.2327,-7.9886
0.89829,0.018536
-0.21138,17.073
4.0738,-14.973
12.477,-1.1321
-8.7249,-13.76
8.5675,2.9005
10.328,-0.23886
-7.6515,6.7336
-0.7103,-9.889
2.1902,-7.645
14.829,1.8458
8.7866,-2.6365
-15.182,1.5385
-5.4922,-2.3206
5.0409,-2.0879
-9.4919,-4.9062
-3.0554,1.5228
-7.0078,-2.2576
7.8641,2.7792
12.801,2.6517
-0.083722,0.50706
-2.6505,0.99627
9.8135,-1.2161
4.7441,4.5407
2.8463,-6.3308
4.832,-4.591
1.7596,8.5023
-4.6977,-0.016134
-4.092,-4.5721
-6.6265,0.92367
7.8724,9.1065
12.019,7.9477
0.28303,8.9406
0.26387,8.862
11.475,1.2941
-4.0442,12.221
4.7679,-0.0091084
4.3242,3.0048
-1.8365,-1.767
14.288,-8.7564
-9.2153,-17.529
0.24719,-12.024
-1.6815,10.086
4.8834,-9.6658
6.3564,15.403
13.234,0.28286
-3.1484,-10.103
-8.0603,3.9779
6.6202,14.999
-4.478,-12.051
-0.31105,-12.61
14.05,-3.433
-4.5349,4.8567
0.054505,-4.347
-6.5083,5.5332
-3.0745,-7.3389
0.12523,-2.3034
-0.80082,-8.2005
-3.6203,5.6598
-4.7301,4.84
6.8706,9.4515
-0.56147,7.1995
3.2936,10.396
9.6736,-7.4207
-10.983,-1.5821
11.391,5.0026
5.4505,9.3119
-9.1523,-5.0063
0.5972,0.42304
2.2475,1.9238
2.0133,-5.0438
6.6361,-2.2559
4.3939,12.08
10.617,-10.263
7.5223,-9.3421
-1.8439,-1.8234
-13.644,-8.4098
6.3739,-7.5526
-0.71642,-12.449
-1.5167,8.3006
16.383,7.1564
12.362,-1.6026
4.8836,-4.5302
-0.11752,-4.4219
6.811,9.5873
-2.5848,-8.7738
13.93,0.045468
9.6966,-4.9049
4.2095,-7.2389
-3.8568,-10.296
-0.0012361,4.8908
-1.8091,0.92646
3.9906,4.5589
6.431,-6.8294
9.7277,-2.2804
-2.2502,-6.8624
17.217,-9.1954
-0.010435,-14.312
-0.011394,-14.329
-10.441,-2.0267
-10.523,-2.0674
-5.8068,-7.8221
7.8332,7.5013
-7.9404,1.9012
6.8416,-7.4237
-5.1216,-5.3793
-9.0305,-9.6552
-9.9571,9.0865
5.0936,-8.6082
-6.9146,-2.2497
-2.5032,-2.0298
4.9935,4.0688
-16.196,-6.5069
14.124,0.68696
-6.2719,-4.8864
-9.0981,8.1411
-6.9273,0.38354
-1.548,0.022538
4.6903,-0.44548
-6.3213,-18.44
2.1665,-6.1735
-4.1144,-1.0961
-3.3671,1.5409
-1.5101,-8.5474
-7.2769,-4.2319
0.19705,17.612
4.6649,-7.2633
2.6291,-9.4069
-5.4009,3.9805
-1.9197,-8.7454
-12.726,6.0863
-12.096,8.9846
4.1444,-2.5623
7.005,-6.2754
-11.062,-3.3192
-7.2012,0.31532
7.3808,7.1844
-6.5127,4.2629
6.0798,-6.8719
4.9751,-4.5819
2.6814,10.327
-0.81166,-8.7893
-7.2084,-2.8533
-1.0188,-0.45604
-1.4705,-15.069
-0.44828,-14.363
9.0312,-7.6526
-9.6162,1.1988
4.0379,10.863
-2.1343,0.26002
-4.2791,4.3135
1.9098,-0.89323
12.69,8.3372
4.7358,-9.366
-1.167,1.1275
-2.8758,6.2047
4.134,2.6974
5.8486,-11.764
-12.693,7.2759
-6.5416,7.289
-9.8841,7.5789
2.836,-0.49445
2.6718,-9.2561
2.1555,-6.3973
-10.286,-2.1524
-3.2344,7.2319
3.1877,-16.196
-6.733,-3.958
4.8053,4.6152
-1.9941,-11.186
-0.25371,-9.1769
-9.3595,2.1956
-9.3322,2.1578
-4.1729,11.623
14.059,7.1017
-9.0115,7.7839
7.6889,-3.0671
-6.4359,-18.243
3.9377,3.3783
0.10957,-2.3111
-2.79,-6.6271
-2.7741,2.6781
-12.738,6.1549
-2.1778,-2.6856
-4.7873,-0.060611
-1.0975,-15.008
8.9916,-10.526
-0.42903,-8.4329
4.5763,-9.4126
11.108,-5.559
-7.0752,14.448
4.961,-5.0406
-7.1772,-2.7564
12.254,-1.6576
-0.5939,-9.1905
9.3816,-10.431
-4.9965,-10.867
0.52001,0.24586
3.8301,1.2193
-9.5398,-5.1924
1.6639,-9.5964
-10.028,9.0611
8.9067,-1.4797
-14.647,0.14807
4.4961,-3.4335
14.376,5.9605
-8.2903,12.042
2.8512,-8.9692
8.737,-0.38616
-14.562,0.14674
-0.12269,-3.8654
-0.18031,8.4895
-4.2244,-14.974
-9.4909,7.395
-2.6861,-2.1565
18.054,-4.3477
-2.7996,1.7939
7.9209,2.7535
4.1456,6.0015
-7.909,0.0094628
3.2013,-11.067
14.74,1.8373
-6.7685,-4.2648
-4.8202,-9.2915
-9.6452,-4.4533
-13.21,0.88151
14.087,-8.8194
-2.4063,-2.0633
-3.3047,-8.6592
-9.8587,-3.3812
-3.8371,12.026
-1.8341,-1.8893
2.3228,0.29107
3.2916,-11.469
3.9234,-11.38
5.008,-4.4713
14.423,-2.5921
8.265,7.5835
-15.136,1.2272
5.2242,-1.697
-5.0518,4.3652
4.265,9.3647
-4.2518,4.4251
-8.9946,7.7208
-3.2882,-6.2438
10.09,-1.9153
5.3001,11.945
-3.5656,2.4852
-3.432,2.4235
3.3199,-5.7925
-6.5405,-11.244
10.996,4.6814
0.94948,1.5367
2.7716,-9.0775
-9.0689,1.9727
0.97954,0.029423
-4.4647,-10.821
-1.9839,-6.4536
-4.2938,-13.703
5.0449,-8.6442
-2.2379,-6.9118
-1.8021,-1.841
-4.4206,-9.3787
4.9986,-4.9797
9.2326,-4.8596
1.4089,-6.6581
4.5365,-4.6888
13.819,0.7235
5.8041,-11.949
11.229,-7.0369
8.9818,-8.269
-9.168,-17.406
-4.0207,9.5952
12.226,1.0618
-14.527,-7.9208
14.087,0.57028
-4.9247,-4.9695
2.1188,1.3176
-8.6579,0.016535
14.173,-3.2552
-3.4342,-1.9447
-0.36322,-4.8752
0.21068,-7.9791
11.819,-9.3747
-0.63563,-9.0847
6.4254,14.893
-9.8724,1.2066
0.67445,-13.85
9.2366,-0.87565
2.2996,6.2704
-3.5387,-12.456
6.6715,-8.7181
5.0732,13.408
6.8898,10.704
-6.872,-9.1917
2.9533,-5.7936
2.7157,2.2211
2.1589,0.18923
-7.4326,1.817
9.4324,5.1807
-4.4846,9.2433
6.2173,15.918
-0.18576,-2.6158
-0.18861,-2.602
-7.5712,5.4849
-0.67234,-9.2812
-15.063,0.26621
-4.8031,-14.445
7.7692,-6.5264
9.6307,-7.5067
-4.4228,4.6327
-5.6084,-7.6359
4.7788,9.5824
7.2229,-3.5478
-0.27073,-2.8316
6.1624,-8.5269
3.4246,-5.7665
10.483,-5.5239
8.1735,-0.47691
10.32,-7.5706
-13.574,-0.37755
13.299,9.1151
-0.27112,-9.2546
-7.8171,-18.027
3.5603,-11.478
-3.592,-1.9719
-15.447,-0.54735
8.8211,-11.707
9.329,-8.3453
9.1478,-8.3316
-5.8021,-15.495
-3.498,-4.5039
1.906,5.3774
2.3133,13.862
-1.9288,9.8144
-8.4313,9.38
-0.033373,8.7229
8.9878,10.043
2.1227,13.905
-3.9469,17.485
15.177,1.88
-7.9492,15.162
-0.54572,17.504
4.2647,9.8265
1.272,5.0749
0.17898,13.743
-0.069132,4.7485
-6.4069,10.912
1.709,18.2
-14.048,4.5153
-4.1581,9.2408
-4.6307,12.456
9.0158,10.066
-0.33487,-9.1556
9.0751,10.072
-13.528,-8.5142
5.525,7.7351
15.106,-11.013
9.235,6.1274
13.344,5.5326
-3.2658,2.7138
-13.6,-8.4765
-12.728,6.0952
-0.022742,13.758
-15.461,-0.5693
-1.0186,-0.36133
-14.436,4.9301
11.319,1.5319
-12.902,5.5315
-12.935,7.3314
-11.232,9.9407
0.089169,-14.343
3.1699,2.5718
8.1778,-9.7825
-9.5737,2.3311
-1.4974,-9.0421
6.4713,-3.7753
-1.234,3.4209
-14.391,-0.09679
-5.587,3.3224
-4.7394,-14.818
4.871,-4.5823
-11.275,9.8564
-15.037,0.045886
0.069006,-2.237
4.5967,-4.7639
0.37181,-1.4695
-0.85951,-5.5864
3.3594,-8.0833
-7.6801,1.7766
-2.9352,-7.5042
-9.1008,-9.0118
9.0377,10.062
9.2546,-8.7101
5.0225,-4.5444
-4.7655,-0.10343
11.104,4.711
2.372,-0.053424
-4.705,-5.1108
0.53102,0.082314
8.3559,2.7557
14.685,1.3375
-8.205,4.6888
-1.8197,-8.3527
-0.77863,-12.137
5.9922,11.664
-3.5036,0.36955
3.744,-7.3943
-3.0375,8.3419
-0.99761,-5.6916
-9.2664,4.9966
-14.352,4.708
-3.5735,5.6704
-12.927,0.99768
-4.4703,-9.3063
8.9784,-8.2598
11.07,-5.3441
-16.932,-5.8771
0.18018,-7.9137
7.9534,-7.1158
-13.103,5.0141
-8.9179,-9.7114
-6.893,14.431
9.6142,-4.5167
-3.4303,-7.1147
15.788,3.1803
8.8787,-10.438
12.38,-1.0208
-8.7977,-13.902
-4.6131,8.9998
4.6721,0.012476
-0.26051,-2.701
-6.7199,-2.1608
-1.7238,-0.017614
-7.6038,0.070177
5.4575,-2.6322
11.621,7.1787
-3.499,-11.51
-14.516,7.004
5.0034,4.6051
-7.8885,-14.034
-4.6321,-0.15209
-4.7693,-0.062203
-14.879,0.10197
4.7854,-11.045
13.351,0.90187
-1.3167,-14.989
-5.2252,0.84145
-3.7716,-9.6263
-4.6723,-15.035
1.6971,1.2608
-3.9829,-13.877
14.488,9.0412
-0.17377,-8.8435
0.5317,-6.1185
-9.635,14.3
2.047,0.13585
-3.7151,-9.6192
-6.9689,-2.2558
1.9068,0.069952
-7.5769,5.5567
0.54565,17.779
-9.2923,-16.885
-8.4521,-14.132
-3.1356,-12.415
-3.4433,-11.85
-7.722,-17.974
4.1684,-3.4919
7.339,-9.4159
4.9645,-4.6328
14.055,0.50078
-6.9999,13.888
-9.299,-0.23162
-7.0153,14.318
-9.0174,-16.678
0.56001,0.30465
11.409,-1.5952
2.1891,7.0499
-3.4128,-4.1632
3.6353,-8.0559
-4.9164,-12.66
-4.5791,15.078
-6.1699,0.65061
-8.2699,4.3694
-7.22,-0.11556
-10.793,-0.90001
-3.997,11.73
-6.4097,-2.3535
-8.4111,2.6336
-1.9309,-0.16829
-4.8006,17.297
-2.5787,-2.1666
-6.6942,-8.6998
-3.715,0.14988
-9.9234,7.6069
-3.5268,-3.2049
-4.3407,-5.0036
-7.2291,13.687
-4.6425,-4.5212
-1.8958,-14.936
9.377,5.7643
-2.9482,1.821
6.8791,14.155
1.487,15.826
-14.514,3.0685
2.3828,16.609
12.868,2.1131
7.3532,9.3557
0.34065,15.787
5.3331,3.5539
-13.817,-8.0146
8.8438,0.24606
2.85,13.933
-10.686,11.335
-15.153,2.5687
8.9922,10.115
5.6719,9.4232
3.2833,15.215
1.5489,13.583
-10.672,11.259
-8.1046,5.9529
9.0793,10.035
-4.9827,-9.4233
2.4879,14.312
0.96293,-14.518
-5.1636,4.3023
1.3786,15.736
10.287,-14.013
-14.372,5.2503
-15.094,-0.063097
-6.706,11.545
-0.30702,-4.467
17.805,-6.5257
4.6089,4.492
-3.1861,2.8639
-14.522,4.818
13.739,-9.7953
-1.2458,-0.28546
-14.405,4.4941
1.1529,7.748
0.025756,-2.2423
-6.2472,-18.3
-3.089,1.6316
-13.064,4.6696
-5.5567,4.0631
-0.5412,-8.8172
-4.3753,-9.177
-4.9603,-9.2818
-4.8351,-0.17464
4.7964,9.5466
-13.506,-0.3926
1.5189,2.0957
-1.7533,-1.6271
13.143,-8.5223
1.6895,8.4675
-13.524,-0.4044
10.081,-1.9152
-4.0613,9.359
-5.7891,-11.848
6.1879,-12.076
-1.0302,5.8643
-5.6936,-10.886
-4.815,-14.375
2.4269,2.6721
-3.3016,-4.3394
9.268,-8.8814
-4.8443,-11.278
-1.1738,-15.043
8.4973,-4.1419
-5.5286,-3.8386
-7.5471,0.074274
15.736,-7.3531
6.8379,-9.675
11.035,-0.90838
-5.8967,-5.3895
0.38682,7.3573
-8.595,-10.854
-4.8475,-14.471
-2.3527,16.524
-2.0698,-6.5663
3.8831,-4.8318
1.0641,-0.16012
1.5424,-9.5482
-4.5981,-12.957
-9.2428,-17.561
-15.866,-5.8498
14.53,-2.8186
1.0146,-6.0285
-8.5547,2.77
-7.4134,-14.97
4.3742,0.40274
14.197,0.42847
1.7035,-15.965
10.008,-1.6092
6.9649,-1.7907
-4.7262,-14.908
-4.803,-14.445
-8.0935,-1.5595
-1.9924,-8.8833
5.1928,-8.3368
4.6938,3.9636
15.025,1.8144
-4.5849,-3.4572
-6.2839,-18.348
-4.1291,9.2992
-9.5445,-10.449
8.5376,-10.427
1.4922,-8.5675
-13.078,1.4917
9.3007,7.2731
-1.225,-10.44
9.6042,-7.5637
-9.4436,-9.1507
-2.2733,-11.817
18.637,-4.6909
7.1262,6.3705
-0.13072,-5.0314
13.682,0.15073
-0.59113,-9.181
2.8365,2.3131
-4.7736,-16.546
1.2486,-0.10618
0.94649,-4.5745
-2.6183,-2.5182
-14.3,-9.1423
11.46,-1.7456
-8.8918,0.027743
-4.3137,-9.22
-15.844,2.5969
7.0629,2.708
9.3374,-7.9085
-5.0434,-9.365
-4.501,-5.0716
7.1526,-6.6688
-5.4168,-0.81782
-1.9124,-0.11214
-3.2051,-11.354
-5.8529,1.5373
-13.717,6.8196
2.2786,1.811
-0.57942,-8.7395
12.285,-1.0299
-8.8918,0.027628
0.019859,-0.10403
-0.86894,16.158
10.034,-13.946
0.38392,14.134
15.177,1.8801
15.335,1.9521
15.178,1.8799
9.2073,-8.2709
-15.315,-0.3199
-0.38927,11.08
-0.86834,16.156
-10.713,11.215
9.3315,8.1579
2.3301,14.4
-7.7284,15.154
-11.028,10.142
-1.1033,1.842
-8.6422,-2.5927
-5.0419,9.2289
9.3315,8.1579
2.7706,14.085
0.37668,17.565
-10.097,-2.5542
-1.1273,5.766
2.3511,13.585
-11.576,-2.6446
13.647,9.0383
13.647,9.0381
-0.42921,2.7313
-1.161,5.5472
-11.179,9.6354
9.3366,8.1513
9.3366,8.1513
3.1149,14.205
2.3824,14.464
-0.56085,8.8643
1.5512,-4.355
-11.503,-2.5796
0.37659,17.565
-4.0588,18.033
1.6627,1.3159
-6.8083,4.2053
-8.9229,-2.0579
-2.579,-8.4108
-4.7945,-0.064293
4.6505,2.7022
-7.6404,-8.4356
-4.5973,4.6996
2.1134,0.20659
2.1852,-0.17619
-4.3403,-4.54
2.2273,8.2892
2.2273,8.2892
-4.6195,-0.017223
-0.62567,17.359
-8.7227,-15.892
-5.349,10.731
1.7726,13.908
-15.815,2.4721
-0.10024,13.957
-8.5356,9.6941
0.69387,15.73
-3.8557,9.8034
-1.9719,11.799
3.2618,-16.838
-5.0234,9.3366
10.696,-4.6213
-3.6956,10.058
2.1073,-0.13516
-3.9845,9.5865
0.5617,16.537
-6.8989,-2.2615
-6.1679,3.8901
5.2067,3.8555
-9.3746,-4.4428
-8.9208,0.10492
-0.85734,-9.5408
-9.0315,2.7953
7.7692,-6.5264
-9.5651,-13.757
4.1027,-5.9967
6.4341,-3.8985
-4.8733,-14.405
5.1284,-10.17
-12.435,-0.52223
-5.4629,17.166
-14.206,6.4076
-0.011201,-11.496
7.9703,-0.58005
-1.6509,-8.8293
-2.9417,0.24833
-4.0483,-10.928
-8.1409,-1.5315
-10.439,-0.31287
-9.4831,-9.1824
-2.5393,-8.4623
-7.0971,5.9792
-8.8716,0.19357
-0.014694,-4.5508
-9.3281,-17.429
-17.531,-5.9292
-7.0265,-2.439
14.497,9.0634
-9.9803,11.104
-6.1219,10.413
4.7153,-5.2336
-17.625,-4.6311
-4.6643,-4.3377
-1.8089,-8.7909
15.929,-6.9622
17.319,-4.4379
0.70266,0.30985
7.3201,-9.4641
-6.3323,-15.04
-13.808,-8.0833
-14.405,4.9441
13.16,-10.934
18.638,-4.5729
16.935,-4.3579
18.403,-6.7936
18.441,-6.4749
18.14,-6.2579
-14.454,4.8927
7.7878,-9.3198
13.524,-8.1022
8.0278,2.8368
13.943,-10.044
13.414,-11.409
-4.6381,-14.722
18.237,-6.5783
9.2502,-11.731
18.14,-6.2579
-14.141,3.2062
-14.26,4.6336
-15.056,0.068578
-8.8892,14.414
9.1577,-7.8818
8.746,-11.512
17.789,-5.4969
17.788,-5.497
-14.488,4.8697
10.565,-13.832
-9.3395,-16.993
17.501,-5.2729
13.372,-8.3625
17.324,-8.9459
10.14,-14.234
-10.606,12.936
0.3874,-13.661
17.298,-9.1991
-6.681,-15.268
-14.808,2.6717
-10.142,11.039
12.585,-8.7498
14.072,1.5225
-4.253,-6.1614
-3.8314,-8.4564
-6.0149,-14.837
-2.6953,-2.1916
-14.027,4.4516
-9.1835,-17.162
18.27,-6.6848
-4.8132,13.329
14.147,-8.9458
-10.166,11.152
10.344,-12.537
10.619,-13.931
2.7705,-16.584
9.5894,-11.919
1.9115,-9.5867
0.9046,-13.865
18.153,-6.556
17.35,-8.7784
-9.4177,-13.832
13.504,-7.8668
0.82679,-15.285
14.545,1.1717
-4.3719,-5.4261
7.4104,-12.657
-9.2287,-17.544
-17.387,-5.7757
14.881,-10.959
18.52,-6.5555
18.441,-6.4727
9.2967,-8.5286
18.161,-7.8904
-8.8923,14.421
10.609,-13.886
3.0654,14.042
-10.047,-14.086
0.13411,-14.166
4.6406,16.52
16.4,7.2232
18.286,-7.0438
-8.5756,-0.17011
9.6416,-10.316
-4.8132,13.329
-9.224,-16.914
-8.5797,-16.923
18.357,-6.9371
18.262,-7.1657
8.4461,-9.5986
0.1777,-14.56
10.253,-0.94502
-15.768,2.4736
-14.795,2.8155
6.1457,7.9958
-10.412,13.436
14.071,1.5569
8.181,-3.0023
-9.3182,-17.595
-17.432,-6.3863
1.8727,-7.2485
13.77,-9.8278
-10.67,13.011
14.205,-8.7661
7.1882,-13.122
7.2306,-13.03
-14.409,4.9433
1.7502,-16.028
-13.884,7.0912
-0.018844,-6.7707
-9.3007,-17.524
-9.3158,-17.474
-9.3335,-17.575
-13.471,4.2806
-9.3805,-17.033
-17.24,-4.4807
7.7051,7.3543
10.817,-4.8008
-10.826,8.7158
4.0425,-5.9514
-6.3131,-15.123
1.0205,17.533
0.026533,-14.544
-11.068,-0.74623
-0.53865,-9.201
-13.701,3.7439
-6.2879,15.803
-7.4747,-14.912
-1.1376,-15.065
16.418,-6.9669
1.5728,-1.6491
-2.4064,-2.7364
-4.1021,16.3
0.11809,-14.156
7.1051,-13.187
13.541,8.9887
13.607,-8.5129
-14.985,1.407
-4.7691,13.103
14.85,-13.434
4.8787,4.6342
-16.906,-5.4072
10.284,-13.955
-15.027,0.23647
-5.5958,16.539
6.3736,-7.5534
-3.2043,2.8631
-10.626,12.967
1.8442,-9.4621
14.613,1.4069
9.5217,-9.9737
-10.48,11.823
0.12057,-4.3875
-14.555,-9.603
-17.395,-5.7876
-5.1102,17.383
-13.882,-8.0587
-10.635,12.751
-12.125,9.6225
-0.063658,13.778
0.97192,17.806
-3.7535,-8.4276
-1.0929,16.628
8.5602,10.134
1.5444,15.82
-9.3393,-1.0454
-8.5465,9.6486
-2.7446,14.936
-14.396,-7.6785
7.3726,14.141
3.5553,-14.906
-1.203,-15.056
1.7318,-16.003
-14.951,0.022113
0.46779,-12.75
0.159,11.542
-14.336,-8.114
-13.879,-7.8733
-14.471,-7.3932
-2.4095,9.4902
-13.77,-8.0379
2.4641,14.283
-14.351,-8.0497
18.142,-7.9652
-14.451,-8.3331
-14.372,-8.1126
3.4358,1.4531
-11.158,9.7369
-9.0452,-16.653
9.2058,-2.1758
-14.384,4.5286
-10.252,7.4102
6.1698,-12.078
-4.5952,-0.15927
0.82303,-4.4757
-7.4329,-18.017
11.091,-5.4894
-12.284,6.6197
-16.894,-5.6124
-9.1162,-9.6445
-11.899,7.9362
-8.3707,0.24591
2.7818,3.4742
4.0236,-7
-4.3116,-13.423
10.73,-7.5388
3.7848,-11.37
-1.9744,-1.8928
-5.1131,3.3373
-10.719,9.3517
-7.4834,-8.0336
10.721,-7.5601
2.0545,1.9246
14.073,1.5165
0.49269,0.011266
-8.9528,-16.761
-3.1965,8.6294
5.1018,-10.008
7.5337,-10.053
-0.33401,1.5077
-4.9978,9.2757
9.0442,-2.8941
-0.064248,-9.8344
-14.671,-7.0725
2.6705,-9.3812
-0.49001,-8.7951
-4.8623,-14.479
-4.653,-10.891
-5.7091,-13.028
2.9309,-8.2283
4.81,-3.3949
-6.996,-16.295
-7.0063,-16.219
9.1577,-4.8514
1.7197,-9.5609
-6.5828,-5.4656
1.7968,-1.6745
0.056214,11.422
4.531,-0.75457
-6.962,5.9709
7.7521,-9.2382
-5.9948,-0.67238
-5.9948,-0.67238
8.7051,-7.5186
-0.11627,-2.236
5.1022,-10.28
-4.3312,-10.362
0.24615,-10.086
10.131,-13.947
0.070466,-14.412
-5.3048,-0.65145
-9.9755,9.0492
-14.91,0.045142
-14.707,0.19256
-0.62959,-9.2441
7.4269,-7.2215
-9.435,-9.0637
-9.4826,-9.2639
5.1085,-16.437
-7.9619,12.296
4.4772,-11.214
1.1961,4.8254
0.83009,15.859
-14.5,-9.3277
-7.38,-8.5644
-11.382,-1.4461
-8.4243,2.6432
8.2096,2.8456
-0.095718,13.863
-15.107,-0.23157
-13.156,-0.31138
-0.4606,-8.4946
-3.2976,-8.668
11.759,7.106
-0.47141,14.22
-4.79,5.2413
1.6064,-6.5387
-8.394,-8.9965
-2.5078,6.6543
5.0217,-9.4066
6.3164,-7.5293
3.1601,6.1155
-6.9352,-8.5857
-5.5316,1.3963
14.073,1.5229
5.1893,9.1281
-5.5527,-7.3601
-7.967,-17.153
-4.7104,-14.267
-3.0439,-12.725
-3.2995,16.586
-7.9525,12.419
-9.3511,-9.3868
4.4684,-4.7057
-2.8234,-8.2158
-14.693,-6.9543
-9.3365,-9.3211
-0.60367,-9.2287
-0.58165,6.2477
-14.793,-6.8551
-0.94599,-5.4756
1.7089,18.2
0.95224,-5.8704
7.4618,14.355
-1.6927,-12.471
0.34834,7.2025
-2.7552,-7.0565
-6.0767,2.4499
-1.4048,-0.037137
-0.58039,7.2473
-17.682,-4.6991
-9.3745,1.4041
7.0717,14.001
3.1562,-8.8883
-6.1542,-12.92
-6.8624,-4.3919
0.6704,0.077933
-9.3772,-0.85691
-1.8427,-9.8935
-15.067,0.26041
-4.3904,9.0563
2.0964,-4.2474
-9.8167,-16.325
12.329,-5.0523
13.129,1.0772
-10.58,0.080071
-10.73,-0.018577
-0.86863,-3.1746
-16.427,-10.998
-0.56536,-9.2717
-9.3179,-9.4852
-6.751,-17.197
-4.3453,-14.405
-3.3937,-4.5893
5.2761,-2.0316
0.17862,17.705
-4.3615,14.055
8.7301,10.059
2.2289,-4.6145
0.44791,-13.606
-5.0492,-10.997
-14.574,-9.1687
-9.1367,-1.605
-4.1757,-6.2049
-3.2435,4.4546
-8.146,-0.36471
-13.398,4.2164
5.1246,-16.406
-8.9292,-0.32696
-4.8224,-4.5
-3.4938,2.9118
-1.0026,-0.42712
-4.4476,18.199
-4.5139,18.102
-0.0015126,13.728
-1.3919,17.867
1.3149,15.617
-5.3469,17.854
1.2937,18.541
-5.574,15.994
-14.473,6.9437
-12.817,5.9782
1.5489,13.583
-12.312,9.7622
1.2229,18.461
-6.5975,11.255
-0.27218,8.6113
1.4309,15.869
-8.833,2.3908
-0.67423,12.338
0.98545,15.942
-0.33884,8.257
-6.3513,10.73
-9.153,8.0484
-9.0013,8.0705
-0.62312,15.635
-12.023,9.4754
0.5139,16.177
5.5636,14.189
-3.1561,14.676
-8.1863,4.8014
-14.375,4.5872
-14.35,4.8244
-14.243,4.5486
-5.3997,15.701
-8.0583,10.387
-8.5501,9.6338
-8.5501,9.6337
-9.1714,13.327
-10.241,13.585
5.692,13.599
4.6867,4.5235
-8.3214,-0.026085
0.91516,6.0725
-6.3009,7.0578
-8.5553,9.6568
0.96956,17.829
0.9654,17.859
-8.8923,14.421
-14.512,3.3998
-9.2854,7.0371
-8.5406,9.6808
-15.103,0.3678
-7.2891,0.16181
-8.5355,9.694
0.57881,14.217
12.589,9.2686
-10.425,13.441
1.1091,16.711
-5.0864,9.1615
4.3421,4.1462
-14.166,3.1567
-14.761,2.884
-7.48,6.6038
-7.3165,7.043
-8.5468,9.6134
-14.114,6.3899
-14.399,5.0709
4.6634,4.5003
-8.5864,2.4145
-7.1019,13.622
0.49545,7.4048
-5.6779,8.6108
-7.3828,1.32
-7.3132,6.3877
0.14348,9.2628
0.10366,9.258
4.8573,4.6592
0.93833,7.7016
6.5118,16.134
6.3468,13.85
-7.9833,2.8555
7.4843,14.173
-9.9626,9.193
-4.4539,14.786
-2.5101,12.632
-8.5358,9.6604
-14.708,0.22804
-15.81,2.3062
-0.41838,4.8813
13.846,9.221
0.52511,16.376
-2.4045,5.9756
5.2811,4.6842
-6.8663,5.8486
-10.163,-0.16787
-6.8621,4.1126
-10.883,9.0203
-7.3041,9.3349
-5.5368,8.7328
-4.8131,13.329
-7.3639,6.6502
-8.5086,9.3996
11.667,7.1563
5.2317,10.87
-4.5755,13.149
-4.1113,13.283
-8.539,9.6026
-13.488,3.7085
-1.9885,5.1993
-9.24,-1.2139
1.1536,4.9518
-6.9587,-0.51765
-6.2671,5.4169
1.7941,6.5288
2.1993,6.6827
2.1083,0.20069
1.1625,5.0519
-6.1854,0.68549
-6.418,0.49927
-1.6197,11.112
-9.7102,8.8728
-7.1883,6.8007
-4.8335,13.307
-6.0012,2.7727
-15.827,2.2997
2.7524,2.2754
4.7526,0.030206
4.8691,0.011322
1.2825,5.0734
2.6573,0.34475
-1.9874,5.2083
4.107,6.6238
2.6456,6.5736
4.1473,6.7008
2.2497,6.5587
-5.055,9.1559
7.5671,9.1224
11.776,7.1737
12.476,7.6775
-14.671,0.40637
0.86904,0.078918
-9.7776,8.7915
-1.5515,8.8752
-9.3522,16.342
4.2433,9.4477
-4.3567,9.1138
4.5559,12.726
4.583,12.914
2.2536,10.905
2.2536,10.905
1.9327,10.904
4.3429,1.3907
2.1984,-0.13701
-6.7169,-0.062542
-9.2157,-1.4007
4.7769,0.0028393
4.393,3.2775
-15.081,0.34092
-10.567,-0.79083
7.0378,7.3977
7.0379,7.3975
0.96316,0.0010105
-15.362,2.4303
-1.1524,1.1586
-1.5717,10.337
-4.5562,9.274
-15.32,2.5319
-1.5505,10.8
4.2862,9.4827
-1.5177,10.312
-4.0558,10.13
14.146,1.1366
2.082,-0.29741
10.36,-0.0079488
0.061065,-2.0029
13.077,-8.538
-4.4827,-3.4461
15.902,-7.0089
-5.9518,2.1544
0.67766,0.26341
-3.9683,4.2638
-13.703,-0.27165
17.868,-5.3319
5.8796,9.6068
5.955,9.6228
-4.985,0.96545
-1.7719,1.3108
-9.9835,-3.251
0.78017,-1.5549
3.6716,-7.5285
-6.785,-6.8422
13.29,0.93769
4.6575,-0.675
13.202,1.1871
9.192,-7.9428
12.769,1.4678
9.2913,-0.7185
10.748,-0.16943
10.339,-0.062819
14.151,-12.693
17.767,-5.7371
18.149,-6.5153
4.6836,9.5084
-14.771,0.13965
6.4763,9.7162
18.441,-6.4749
-4.1149,9.2272
18.56,-6.4888
6.5241,9.6692
6.14,-2.2237
3.8662,-6.9514
-14.903,0.085637
2.3028,-9.3731
14.038,2.5639
-14.884,0.09688
12.617,1.2556
8.1608,-7.6678
8.399,-1.1368
-4.5703,-5.5489
12.407,1.0863
12.772,1.9647
12.677,-9.9922
12.112,-8.8215
8.664,-3.1551
9.3282,-8.4394
-6.6132,-4.7301
11.798,-9.2183
0.38319,-13.539
10.662,4.2788
18.279,-7.086
0.88503,-13.662
-7.4751,-10.637
-3.2436,0.25671
0.10058,3.9221
0.3719,-6.6452
-8.0002,-5.5822
2.2996,-4.8549
9.9092,-1.9133
1.5896,-8.6602
7.4299,-2.9224
-17.461,-4.1074
7.9926,-7.7372
2.9341,-7.3505
1.9284,-9.3216
13.657,0.22809
8.2099,-3.2861
14.141,-11.917
9.2424,8.1385
9.3208,8.134
13.942,-11.723
13.318,-9.5289
13.804,-11.7
14.18,-9.0666
13.449,-11.288
13.152,-10.85
14.153,-8.9537
-1.6475,-1.7717
17.257,-9.2048
18.491,-6.7575
-17.918,-5.7656
14.229,0.45795
14.175,0.49997
0.13393,-7.0141
-17.455,-4.2275
0.099418,-2.3733
7.3271,-2.0053
8.1861,-6.7001
2.5953,-9.2762
4.7752,-4.6186
7.7461,-7.87
9.3835,-4.8076
6.7306,-6.5949
-9.3468,-13.412
13.969,-9.0382
0.03307,-14.041
-4.7117,-4.7503
-3.7137,-1.9444
9.073,10.066
13.388,-11.484
0.38212,-13.6
-3.9247,-8.6103
1.3787,-9.5438
-3.5321,-7.5609
10.619,-13.93
7.3397,-7.9542
-17.281,-4.3776
10.589,-13.869
10.68,-13.435
10.256,-13.927
-17.937,-5.8275
7.459,-9.4643
-0.7797,-9.5143
10.544,-14.126
-0.59062,-9.6273
10.569,-13.906
-10.486,-11.03
-15.104,-0.09522
17.121,-9.2846
-7.0113,-4.7363
-15.338,-0.37101
-3.1754,0.28929
0.16243,-7.5605
-16.826,-4.2417
-8.0924,-7.85
-9.5681,-13.732
10.072,-12.648
0.25544,-14.649
-4.9357,-10.808
1.7391,-6.1525
4.8857,-10.141
-4.6714,-4.52
8.975,-11.668
-10.449,-11.075
-9.5241,-10.157
-9.4942,-10.081
10.263,-13.974
10.007,-12.749
-2.1187,-12.39
-17.404,-5.5814
4.9118,-10.209
4.9283,-4.7282
9.5414,-11.84
8.9985,-10.705
12.354,-5.0235
-17.939,-5.8812
-16.838,-4.417
-14.188,-0.22035
-17.438,-5.7377
9.9813,-12.841
-9.5045,-10.041
-10.35,-11.505
-0.98537,-0.46579
-0.75778,-10.818
-16.752,-5.2782
-9.4315,-13.852
-9.4315,-13.852
-9.5543,-13.868
-9.7035,-13.897
-9.694,-13.89
-9.6531,-13.865
-9.1367,-9.0115
4.8005,-15.829
18.067,-8.0976
4.5284,-16.525
-17.69,-4.7282
-8.6823,-14.358
0.072672,-14.64
-9.2646,-13.901
-9.2649,-13.901
-9.4322,-13.863
-16.785,-5.3337
-8.6176,-14.307
-9.2624,-13.936
-9.121,-9.0659
4.1949,-16.408
-4.2245,-14.974
3.6559,-14.795
-9.0223,-13.98
-8.997,-9.7551
3.633,-16.301
-4.6281,-14.845
-9.5039,-17.061
-9.5375,-17.08
-4.6376,-14.668
-9.5312,-17.063
-9.4214,-17.046
-9.4595,-17.022
-4.9359,-14.817
-7.5551,-15.057
-7.8565,-15.484
-8.098,-15.338
-4.6709,-15.139
-9.6287,-16.269
-8.0693,-16.671
-8.2939,-15.805
-9.216,-17.191
-9.4977,-9.2386
-16.909,-7.387
-9.3194,-17.458
-9.3194,-17.458
-8.4728,-16.773
-9.2706,-16.924
-9.5657,-16.371
-8.7347,-17.278
-7.9673,-17.218
-7.9623,-16.51
-8.6718,-17.394
-8.9525,-17.078
-9.2803,-17.466
-9.3007,-17.524
-9.3118,-17.548
-14.481,-9.2444
-9.2862,-17.522
-14.24,-8.41
3.4126,-16.934
-13.618,-8.4621
-14.273,-8.8631
-14.62,-9.2445
-14.692,-9.6778
-8.879,-0.80965
-13.692,3.904
-14.483,4.8576
-7.8561,5.3055
-6.6112,6.9
-7.4918,5.5112
4.6622,2.384
-9.1029,-2.0408
-15.477,2.3349
14.14,-12.735
11.444,4.9684
5.1714,5.8848
-5.3823,-5.5479
-17.499,-4.2648
-17.622,-4.9567
13.779,0.21612
-4.629,-10.105
10.357,-3.3227
10.763,-13.627
-1.9897,0.18819
-0.58996,-9.8682
-14.188,-0.22035
-16.887,-6.0051
-9.6788,-16.348
-4.6512,-14.84
-8.6386,-16.505
-9.586,8.7393
-17.487,-4.1452
-13.67,-8.6036
-10.605,11.587
5.3778,12.915
4.0483,10.717
-4.481,-4.5886
-1.7408,-6.9685
1.3159,16.65
-5.8694,2.5708
1.0459,18
12.767,0.16673
-1.1671,3.4958
-4.8684,-0.19149
4.7026,0.053361
-9.4035,-0.86726
1.6451,5.3106
4.9121,5.7826
11.641,6.9531
7.8128,7.9554
9.1002,10.334
3.9533,9.4306
-6.5705,-5.4301
12.741,-0.12875
8.7979,-1.5688
4.7152,1.9657
-5.5371,-6.5153
-6.3591,-6.7927
8.2331,-3.1809
-14.227,-8.3895
-8.598,12.878
12.745,-10.299
4.5117,4.5131
-10.241,-11.584
-8.7162,-16.581
4.6293,9.4806
4.5164,9.4901
11.281,-14.641
14.846,-13.429
12.375,1.7132
4.5164,9.4901
-2.2647,-9.6967
-14.491,-9.256
-1.8995,-1.8581
17.331,-9.1335
18.159,-7.3294
-2.0623,16.653
-0.073506,13.763
10.267,-3.3624
-9.1886,-9.6539
-6.3508,-8.5223
-15.157,-0.17187
-13.759,-8.2672
0.27758,-7.9434
-8.7001,12.144
-2.7868,-2.2486
16.641,-6.4009
-4.7512,-2.3129
1.7011,0.050891
-14.55,-8.6143
-16.427,-11
-8.1248,-15.914
-14.318,4.7033
-13.668,-8.5114
-16.595,-11.157
-10.73,-0.018577
-15.404,2.2258
6.7565,13.981
-14.483,4.8574
-1.2105,-10.519
-16.595,-11.157
-16.476,-11.044
-14.463,-9.498
1.7603,-8.9872
6.6567,11.735
0.4282,7.5374
-8.5443,9.6316
-4.033,18.088
-17.486,-4.1451
14.839,-13.425
-0.20041,16.024
10.948,-0.89222
2.0131,1.1428
-10.182,-3.0212
-10.181,-3.0212
7.1277,-8.0234
10.601,4.2546
5.2757,11.895
5.2757,11.895
-17.185,-4.5225
-9.1946,-1.0408
-9.3602,8.3664
-2.7233,16.498
-14.529,-9.3088
-4.7689,13.103
-4.7691,13.103
-0.13335,17.707
-9.3282,-17.594
9.3333,-0.29879
3.8767,1.0252
3.8794,1.0231
-13.717,6.8196
4.6637,12.291
4.6628,12.291
4.9835,-4.7202
4.9835,-4.7202
-14.541,-9.48
3.5994,5.984
10.212,-1.9212
0.51024,17.893
0.51032,17.893
0.077668,15.67
-7.5769,5.5567
16.935,-4.3576
0.080073,-13.42
0.079937,-13.42
0.079982,-13.42
0.079953,-13.42
4.47,-11.272
4.47,-11.272
-3.9451,9.2445
-3.9451,9.2446
0.987,-9.7579
14.839,-13.425
-8.1446,15.105
-8.541,15.042
-8.5519,15.073
-8.552,15.073
-6.7236,-2.6363
1.0083,-1.5613
1.0082,-1.5616
-0.33401,1.5077
-0.33417,1.5074
-15.174,-0.050606
-7.3911,5.1844
9.2366,-0.87578
4.3618,11.371
4.3799,1.0276
4.3796,1.0278
-14.144,3.1772
-1.912,-0.23307
-3.4598,-4.3798
-3.4596,-4.3796
13.083,1.6239
13.063,1.6134
-8.5369,9.6914
5.2014,0.78011
5.2014,0.78054
5.3153,12.751
-2.859,1.577
-6.4819,-4.8538
7.6026,-3.0884
-3.5311,2.4462
17.099,-9.3212
9.9629,-0.62103
9.9628,-0.62092
-10.591,0.084452
-7.5965,-18.053
9.2737,-4.8
-10.596,12.832
-16.664,-11.23
-14.65,-9.4687
-15.9,-5.833
-5.8176,-11.139
-8.6496,-10.893
-0.52032,-10.574
-4.7244,-9.3619
-16.911,-7.2083
-0.060787,-9.4354
-9.368,-0.85831
7.1865,6.5025
-7.182,15.496
-6.2187,-4.2766
0.25231,-8.3552
-4.525,-9.2112
-6.0166,3.1862
0.11937,-8.0788
-3.2771,-8.6187
0.81736,-5.4561
-0.58281,-12.193
-9.6585,-16.296
-3.517,3.7743
-15.304,2.4972
-16.567,-4.4995
0.1285,-8.2633
-14.079,5.066
-7.6197,-8.4491
-7.2824,-18.317
-4.3785,-9.3351
0.41075,-12.79
1.573,-0.068434
-0.28319,-9.6254
-3.5461,-10.26
-14.51,-9.4202
-4.7946,-14.492
1.2979,-7.7737
-14.798,1.2481
5.0055,-15.991
-9.1988,-17.521
13.339,-9.4754
-16.479,-11.046
-10.301,-2.9907
-3.2768,-11.132
-9.7779,-3.4622
-9.5061,-4.9354
-3.8738,-6.547
-4.9249,-13.862
-9.7028,-4.4336
-1.9237,-1.8673
-14.021,-8.8531
-14.941,-6.6466
9.1433,-8.2506
-0.7199,-9.3278
0.75321,15.437
0.33167,-6.5958
-9.1505,-8.9494
0.22875,-8.0455
-4.6512,-9.3083
-7.7811,-10.004
-14.405,4.9443
-5.7822,-1.8761
-6.2672,-18.035
6.8358,-3.3656
-13.487,1.8273
12.796,8.4538
2.1153,-5.3012
-9.1445,-4.1952
-9.3117,-9.008
3.2746,10.382
-3.4526,5.7856
-1.332,0.045299
10.489,4.2246
2.8812,10.62
-15.784,-6.2687
-12.728,6.0952
-7.8958,-18.022
-9.3871,-5.1252
-7.1245,-11.493
9.1684,-8.0995
-4.7855,-14.644
-9.4479,-4.8033
2.5498,2.0449
-0.91173,-3.5045
-9.1875,-5.249
-0.84102,-9.3285
-13.166,1.4452
-15.102,0.40725
-0.37989,-9.0229
-7.6269,5.1939
-0.87438,-9.3514
-13.861,5.2181
1.1344,-5.6935
-0.22594,-13.574
-16.435,-11.006
-8.1622,-9.0998
-4.5831,4.7139
-14.564,-9.1787
-6.9394,-11.086
-9.6945,-5.1373
-15.083,-0.20094
-6.4058,-17.775
0.0048836,-13.457
-4.6309,-13.395
-17.561,-4.4172
-7.7993,-18.013
-0.71783,17.55
5.6468,1.2306
-3.9092,-6.4026
1.1322,-10.633
-10.4,-0.30896
5.0395,-16.17
-10.25,-11.632
-14.913,0.16637
-3.5079,3.6348
12.153,7.4714
-5.8269,-12.967
-4.5884,-9.209
-4.5615,-9.1869
-14.526,-9.548
-10.572,-0.3906
-3.2623,-3.009
1.3881,-0.079524
-14.499,-9.3776
-9.1255,-17.414
-9.3397,2.1663
-10.684,-12.641
-1.0954,-9.9389
-17.091,-3.4212
-0.82911,-12.39
1.4251,3.366
-4.7149,-14.724
-1.6639,-1.7906
-4.5294,-10.865
2.0073,-5.0585
-0.35964,-11.124
10.835,-10.3
0.1825,-11.943
-7.774,-18.002
1.6106,-3.4715
-5.8325,-10.568
-0.9787,3.3474
9.6845,-7.4212
-5.5169,-11.692
-12.551,-0.3404
-9.2064,-17.53
-4.871,-9.3679
-9.1154,-4.6074
-4.7238,-14.726
-0.11162,0.60805
17.163,-9.2016
-9.2167,-9.0061
13.778,-8.3557
-5.8927,-3.796
-7.7501,-18.027
-1.1674,-5.8591
-6.8936,-11.657
-9.4457,-9.1956
-1.1101,-0.36899
2.1714,13.811
-0.039139,-4.5293
-13.915,1.8184
-1.5237,-8.6842
-4.7482,12.783
4.0405,10.714
13.119,-8.5066
-9.1166,14.105
4.7537,-9.4201
1.0258,15.497
1.784,-16.029
-16.944,-7.0728
-4.7184,-5.0384
10.971,4.6017
1.8025,0.041432
-7.3958,-10.7
-13.86,-7.9702
-14.453,-8.4216
-3.2116,-2.8741
16.599,-6.9534
-1.9049,-1.8481
-13.859,-8.0646
-8.5304,9.7362
-15.799,2.4929
5.0899,8.1263
8.4949,-0.14181
6.8431,-9.6575
13.365,9.2334
6.0448,4.0516
9.3366,8.1515
-13.6,-8.4765
16.113,-6.5297
-14.382,-7.7248
-9.3138,-17.594
-9.7962,-16.302
-11.954,5.0614
10.98,4.656
-14.633,-9.4867
-7.2188,-11.628
17.071,-9.3048
-9.9355,-16.373
-6.3567,-11.012
1.2071,-5.5475
0.21861,-12.084
-4.643,-14.546
4.5016,-2.7128
-3.0767,-12.509
8.8078,-11.658
-8.9019,0.22787
14.622,-2.0638
9.5622,2.7723
0.053183,-11.181
13.526,-11.764
-0.19537,16.963
-6.332,-15.04
-14.718,3.136
9.0885,-10.382
8.1812,-3.0021
10.172,-12.396
7.1276,-8.0235
14.469,1.5309
13.172,-11.835
16.777,-9.355
-6.576,11.179
0.20262,-4.3155
-17.937,-5.7978
-16.815,-5.4417
-13.631,-8.4655
-10.313,-1.7362
-7.3723,-9.9332
-11.615,-2.108
-4.7668,-5.0824
-7.585,12.93
14.05,-9.116
4.7326,-17.05
-16.471,-4.3287
7.1224,-13.021
0.88977,-10.427
-14.145,5.9884
-6.1437,-18.096
-2.5283,-2.5382
-10.052,-2.8193
9.724,-0.46571
-9.3104,-17.592
13.579,9.0448
1.6975,12.67
-14.593,3.2485
0.14761,11.586
-9.0315,2.7953
-0.16835,-3.7277
4.6871,-4.6036
-17.481,-6.4586
-9.7836,-5.1982
-6.5232,-18.536
-5.1634,16.35
-2.547,-12.549
-10.182,-3.0994
2.3649,2.5296
-1.2718,-5.7238
-15.846,-4.8235
4.8101,-4.6363
-13.717,6.8196
2.953,-5.794
0.8849,-9.7285
-1.0164,-12.587
-15.501,-0.67392
-2.3171,-6.8647
-9.3711,-4.6236
-6.7204,-2.1604
12.725,8.3933
-5.4286,-11.812
-9.3567,-9.3533
-9.3938,-9.3975
-9.815,-16.365
6.4907,16.409
-7.5403,-18.096
-14.385,-7.74
-6.0014,-0.20603
-5.4656,4.0879
10.019,-1.6406
-4.9376,-13.761
-2.8485,-14.132
-0.793,-9.2907
-6.414,-10.968
-5.6446,-15.431
3.1875,-0.067551
-4.8747,-4.4529
-9.521,-9.9774
0.70622,-6.0143
-15.165,-0.27792
6.2609,-1.1749
-4.3175,-10.523
-0.068921,-6.8775
4.5129,-17.265
0.22019,-8.087
-15.232,-0.23209
-15.829,-4.8029
-13.7,-0.34025
-13.461,3.9874
-9.4682,-9.2356
-16.548,-11.109
-7.6574,-18.043
10.523,4.3069
-9.3614,-0.32217
-4.8811,-12.951
10.938,-10.146
0.002352,-12.407
-9.342,16.328
1.4804,13.54
-9.8488,-16.248
2.175,6.5009
-7.4043,-15.057
2.1696,-0.29481
-2.3579,-2.7161
1.7436,-16.023
-16.867,-5.379
-9.2589,-17.552
-4.6979,13.073
-5.0406,-4.6602
-5.8068,-15.507
-6.8903,5.1307
-15.897,3.2336
-9.4627,-17.067
-4.3114,-13.413
-3.5809,-12.128
-8.107,-15.079
-7.619,-11.125
-14.209,-8.528
-14.393,-7.8184
-13.836,-8.0959
-14.526,-8.6748
-9.1977,-17.508
-0.14102,-14.487
-17.937,-5.8275
7.3782,2.4685
-10.388,-11.927
-6.1776,-18.146
-13.872,-7.9351
-16.786,-5.7355
-6.1823,-18.185
18.514,-5.7815
-7.6252,-11.102
-7.355,-15.658
-13.329,-8.6906
-9.1418,-1.5152
-8.0246,-17.874
-17.203,-4.4163
-2.3629,10.48
15.803,3.1059
-8.4372,-16.488
2.0759,0.20417
-13.869,-8.1151
-14.799,0.14983
10.335,-4.52
9.2412,2.7074
2.6836,8.3154
14.854,-13.416
4.7475,-11.474
4.7656,-16.834
-4.6831,-15.115
2.8688,14.253
-9.3516,-1.0155
-16.642,-4.1794
-3.1881,-6.3317
-4.0694,-10.195
-1.8448,-12.17
0.22907,-12.174
-7.2476,-0.082209
8.8701,-10.357
-9.1428,9.0018
-6.9585,-0.7767
-4.6248,-9.1657
-9.4681,-9.2232
11.334,-5.6183
-15.372,-0.40667
0.090656,-11.448
-1.4539,-0.093745
0.44736,-13.115
-8.986,-17.259
-0.92436,-9.9544
-8.5758,-8.9853
-2.9587,-10.672
-7.1843,-15.787
-5.9358,-6.3385
0.51195,-6.5273
-6.3338,-10.932
-8.7961,-9.0788
-13.065,-0.78768
-6.5732,-12.034
-0.47757,-9.2648
-5.2277,-13.143
-2.1919,-7.1473
0.14768,-7.9396
-5.5826,-5.9854
9.8332,-7.4841
4.914,4.682
-4.4916,-5.5126
-6.4089,-8.3528
-9.2941,-1.0161
-4.9782,-13.684
-7.441,-10.109
-9.6003,-10.369
-10.149,-11.798
9.6281,5.3012
-2.0554,-7.2226
3.1835,5.9626
-4.7835,-9.8989
-9.2008,-17.512
-14.699,-9.5092
-16.486,-11.053
0.055535,-12.175
-0.61128,-11.033
4.5165,9.3535
-7.2278,-10.545
-8.7944,-2.497
0.74935,-6.6031
-3.4043,-8.6956
6.8909,-9.5053
-2.6275,-8.3471
2.5583,-8.9912
-14.564,-9.1452
0.38283,-8.0455
-9.2684,-17.565
-0.86073,-5.6811
-1.5796,-14.304
-16.909,-5.3352
-0.43026,-9.1469
-7.7112,-17.975
10.755,-10.27
-10.444,-12.769
9.671,-4.9573
-3.0666,-11.305
4.8884,-4.7405
13.797,-0.90834
-14.524,-7.2738
0.43594,-12.91
-14.679,-9.4286
-14.566,-9.1285
-7.1253,-11.598
-9.3025,-4.6803
-4.9045,16.23
-9.2142,-17.491
-6.9138,-12.002
-5.9756,-6.6845
-8.925,-10.707
-3.0593,-10.085
-10.111,-3.2504
0.33074,-13.688
-2.0428,-11.819
-7.9239,-17.423
-16.524,-11.086
0.68852,0.0046775
-2.1772,-10.182
-6.6605,-4.9744
-1.5291,-10.821
1.7838,13.079
-2.454,-11.067
-15.96,-4.6889
-6.7166,-10.996
0.2325,-8.0559
-12.909,5.5371
-4.7928,-13.874
-1.3128,-5.7477
-6.1417,-3.0181
-0.57866,1.2805
-9.2459,-8.9443
-1.4686,3.4622
-16.399,-10.974
2.5484,-7.8814
-0.88222,-12.533
-6.701,-4.2034
0.1227,-8.1568
3.631,0.72795
-6.0354,-2.9428
-2.3915,-8.5338
-1.7712,-2.4273
-5.3752,-1.8021
-8.7847,-9.5045
-7.2536,-11.635
-2.3455,-7.6621
0.46853,-13.083
-8.7706,-0.074624
-14.253,-8.8585
-1.4595,-14.452
-5.2076,-14.698
-9.1961,-5.0489
10.591,-10.098
-16.601,-11.163
-4.7203,-13.651
-14.522,3.3899
-0.83233,-9.3142
-8.9032,-8.7927
0.8003,0.049297
-2.8271,-9.8646
-8.6247,-16.856
-9.4917,-9.2357
-16.578,-4.3573
-2.5369,-6.6428
-1.0264,-5.6377
0.44523,-13.04
-7.1243,-1.9826
-6.0681,-10.038
-16.464,-11.032
11.244,-7.081
-15.391,1.8991
-7.3405,-7.1669
-1.3497,-3.775
-8.92,-9.2858
-0.4341,-9.3418
-6.5307,-18.042
-5.6,-10.471
-4.8287,-9.1209
-4.6049,-11.054
-9.4767,-9.2181
1.049,3.4908
-6.8062,-8.8566
-8.2545,-14.236
12.904,2.9769
-16.579,-11.144
-16.678,-11.246
-1.9482,-11.114
-13.872,0.09728
-1.1865,-12.255
-8.8177,-16.655
-5.0007,-10.874
-7.4974,-9.768
-9.4348,-4.6289
-8.3669,-6.1635
-0.32255,-2.7948
-6.2632,-4.285
-2.3771,-10.162
6.1709,16.033
-2.3356,-6.8177
-5.7011,16.157
6.2636,3.7805
1.9327,-0.58623
2.1249,-4.6884
2.9862,-8.3229
-2.9519,-10.139
0.64808,0.10117
-6.0967,-10.847
-5.1521,-14.499
-16.666,-11.233
0.39428,-13.285
-5.8229,-3.8896
-16.993,-6.4647
-0.51869,-11.992
-7.2307,-11.52
0.081277,-12.042
2.4906,-16.129
2.7637,13.819
-0.48319,-9.3268
-15.881,-6.3094
-14.419,-7.3607
7.6193,-9.2009
-10.243,13.774
-0.45462,-9.251
-7.1971,-11.555
-2.8704,-12.434
-5.9766,-2.3425
-0.11825,-6.8877
-16.985,-4.396
0.35718,-13.188
-1.6661,-5.893
-5.3841,-11.805
-6.5642,-11.984
1.2317,-6.7845
-1.623,-11.202
0.27734,-8.0447
-4.7329,-14.589
-2.3264,-10.892
-3.9765,-10.691
-1.5294,-10.741
-0.9175,-9.1161
-9.1609,-8.9652
-14.362,-8.2019
4.5764,-9.3031
-2.2949,-10.406
-2.2039,-11.698
-6.9725,-17.676
4.5447,-9.6728
-4.2224,-9.7637
-14.468,-7.4641
-2.063,-7.7704
-8.3555,-8.9348
-2.134,-11.249
-1.9272,-9.4585
-6.8996,-11.682
-3.2551,-10.61
-14.395,-7.6903
-0.8387,-9.3373
-6.1302,-4.6459
-9.8437,-3.1208
1.7276,-15.769
-16.594,-11.155
-8.3329,-9.514
-1.6316,-15.083
-14.532,-9.3803
-14.359,-8.0196
-11.772,4.6183
-4.4183,-9.1484
-14.597,-9.4376
-9.1736,-0.89817
-14.609,-9.4253
-7.7612,-0.0023463
0.083864,-8.1539
0.13329,-12.05
-7.0649,6.9375
-0.23797,-4.6511
0.6053,-0.048198
-0.089933,4.8257
-0.34453,-4.7693
12.584,7.9641
14.224,8.8425
-12.328,6.4103
1.1605,8.0056
-6.962,-9.4755
-0.16835,-3.7277
