-8.869,7.8305
-10.229,-9.3189
-19.676,-3.0772
19.016,-0.6925
-13.546,-5.1332
-12.627,-1.7067
19.617,-17.007
19.911,-16.77
19.699,-16.718
19.479,-0.52345
5.7278,-9.0856
-10.633,12.502
8.1634,-13.546
-9.4642,-9.6158
-13.478,11.808
12.442,-7.6951
-14.695,0.031657
-19.207,0.06099
21.548,-11.947
-14.68,10.06
-18.644,0.10134
-19.575,-0.025149
-19.227,-9.435
-21.943,-3.2021
-23.311,6.7987
-15.528,11.608
-17.814,11.418
-18.042,4.9054
-14.138,5.3032
-15.436,6.0253
-12.517,12.324
-13.418,12.633
-4.5561,24.052
13.515,-0.075348
5.0415,10.779
20.702,-11.748
14.176,6.3074
12.791,-0.27771
0.23604,0.17547
-9.4691,8.9919
3.1354,-12.029
-18.718,0.087941
12.32,-17.51
-19.273,5.9366
-25.346,-7.0436
-22.068,-3.2746
2.1745,-2.631
-20.518,1.0238
-22.151,-3.2882
-20.066,7.7974
-20.761,6.246
-16.995,11.742
-13.334,11.863
19.522,-0.57509
14.683,-8.4923
-6.7455,-6.2956
-12.465,12.38
-0.059704,-0.13403
-17.167,11.648
-5.4202,0.14791
-12.307,12.585
-22.56,7.452
3.205,9.5056
9.7859,-13.51
-9.1627,-14.744
-15.365,5.6308
-12.632,9.6726
-16.092,10.107
0.033765,-9.5003
-17.484,-4.8297
13.013,8.1952
12.772,-5.8884
6.5407,-12.298
-6.362,24.833
12.537,-10.573
13.296,-3.7919
16.925,-17.787
-0.063026,-9.5893
-20.508,-7.0544
24.193,-5.3459
-12.431,-1.5848
-10.253,7.591
-25.529,-8.184
23.617,-5.7258
15.874,5.4424
-19.095,-0.018298
-17.051,-8.2144
8.2955,-13.622
-19.057,-3.028
-12.52,-2.1315
21.648,-11.629
-25.048,-8.0787
-23.19,6.7384
-15.453,13.023
-21.989,4.5962
-10.394,-10.067
-14.906,10.894
-11.138,-11.085
18.836,-6.2251
16.125,-18.106
15.944,-18.154
16.146,-18.107
-13.176,-6.105
-12.975,-2.8251
-20.392,-3.1874
16.803,-16.229
-20.406,6.7142
-6.049,-18.925
-19.885,7.7504
-3.7502,-8.6847
-12.222,12.39
-19.4,-3.1339
-8.0849,-14.467
-12.646,9.6279
-16.332,8.7478
-21.997,-5.4454
-3.2192,-0.37191
-13.007,-1.8446
-21.906,-3.2099
-19.283,-3.1124
-12.33,12.48
-15.792,11.372
-16.805,5.9019
6.5372,-8.5395
-0.44473,21.913
-0.44826,21.885
-9.5067,4.1328
14.327,0.42573
-6.768,19.222
15.397,-3.2364
-8.3161,-15.945
-9.7429,9.5985
-10.176,-9.2116
8.4672,5.8197
19.892,-17.012
19.43,-16.686
-12.941,5.1526
-23.656,6.6884
-23.783,6.6146
-22.572,7.498
-16.635,10.665
-15.33,5.5215
-23.102,7.0793
21.84,-6.1138
-15.409,5.5809
-15.364,5.6276
-15.319,6.0264
23.916,-7.6537
14.557,-0.63781
-15.376,5.8858
12.72,6.3745
-10.222,-17.311
14.079,0.43398
-8.0817,-14.616
-8.49,-14.905
-10.224,-9.5579
-5.6843,-14.879
-5.1164,-14.267
-15.404,5.6779
-15.11,5.5521
-10.744,-10.172
-20.783,-10.888
-19.013,9.663
-16.204,8.955
-0.25872,-0.20606
-12.103,12.62
-19.023,9.5525
11.283,11.583
-22.092,4.8425
-3.6813,22.178
-1.0858,-0.1092
-23.054,-6.6065
3.1836,-12.075
-17.957,-3.9958
4.2666,-11.122
-10.792,-8.8007
-18.72,-3.2993
11.08,-11.387
11.953,-12.663
13.531,9.0049
19.147,-6.2125
18.824,2.1923
10.085,12.583
14.518,-10.334
14.629,-14.587
12.351,-3.8238
13.544,-3.4617
18.839,-6.2478
8.4023,-15.887
14.558,-8.5061
-20.211,-6.7478
16.951,-17.698
24.507,-9.6482
19.228,-9.5611
19.294,1.2129
14.696,-13.096
24.265,-5.3676
23.532,-5.5664
-11.007,-10.151
-10.61,-9.2606
16.655,11.366
-16.1,-10.146
6.3191,-14.661
16.743,9.1673
24.51,-9.6454
24.635,-9.3313
13.074,-8.3691
12.935,-9.6014
13.306,-12.501
-7.0655,-5.953
-24.587,-10.138
-15.897,8.2435
-12.63,-1.7498
-24.353,-9.6818
-20.639,-3.3026
11.485,-17.892
-21.517,3.8429
17.79,8.891
-19.94,-3.0973
14.05,-0.13255
-20.492,-11.374
-19.412,5.7633
19.375,0.53654
13.902,-12.728
13.935,-12.739
24.228,-5.5344
18.272,1.8095
24.231,-5.9866
24.822,-6.2437
23.62,-5.5931
-16.814,-10.446
16.932,8.3998
17.863,5.8973
14.054,-15.08
-21.828,-3.8536
22.148,-11.702
-25.293,-7.2285
-20.746,-13.169
-20.896,-3.6823
6.5892,-12.351
-22.391,-4.9225
-21.861,-5.3319
-19.403,-9.8085
-18.427,-10.279
-22.527,-5.057
-22.869,-5.6782
6.3564,-12.422
-17.611,10.742
13.656,-12.73
-12.628,-1.7036
3.1098,-11.908
-8.3536,-13.4
12.236,-8.4258
14.096,-8.4416
12.113,-9.2767
-22.649,-9.2129
-24.24,-8.7164
-9.7409,-14.028
-19.025,-2.974
-17.133,11.584
-16.1,-10.463
-17.83,0.2192
-20.105,7.8876
2.6755,-3.2132
-25.338,-8.1077
-14.502,10.958
15.383,0.76276
14.043,-8.3778
-25.595,-8.1417
15.388,-13.315
22.86,-6.4424
24.331,-4.7478
-17.286,11.653
-19.405,-3.0302
-18.662,0.10898
-21.895,-3.8333
-24.264,-8.6503
2.6606,-3.2923
-18.815,7.0193
-23.192,6.71
-16.632,10.664
-18.589,11.94
-16.695,10.59
-20.338,8.3432
-22.419,7.4933
0.036966,-9.5066
12.675,-5.7959
-10.286,-14.442
18.786,-15.899
18.889,-15.52
1.5618,1.5662
-20.615,-11.467
-18.732,0.082953
-25.481,-8.211
11.99,7.2239
-15.4,5.6752
19.608,0.68107
-16.266,8.4771
7.4314,-0.97973
6.6968,-12.493
14.426,-10.227
23.472,-5.7646
-16.1,-10.463
16.409,-12.432
-21.343,-4.4354
-15.168,-1.9297
2.5898,-3.378
-20.549,-13.294
-4.6758,-0.39023
-16.13,10.976
-22.781,5.4502
-20.15,7.9076
-5.3496,0.11514
-23.505,6.8281
-6.4088,-18.827
-6.5695,-18.805
-11.409,-7.6955
-15.401,5.7307
-15.33,5.6891
-12.816,-6.5635
23.916,-7.6537
-16.621,7.4057
-8.4216,-19.002
-8.4216,-19.003
-19.613,8.6774
7.3904,-0.88819
-17.914,8.3821
-16.247,9.207
-12.314,12.583
-23.582,6.7991
17.79,-5.9282
-16.15,8.6912
-6.6833,17.513
-24.437,-10.179
-7.3177,-15.309
19.211,-9.4994
19.947,-9.9583
-20.536,-6.4905
23.532,-5.5665
23.578,-5.536
16.358,7.1177
-16.687,-8.872
-12.226,-12.759
-12.585,-1.5589
4.5337,-3.1504
-7.5752,-15.062
-15.19,9.9231
-19.281,-11.231
8.6786,-2.4113
-4.7559,-0.50551
-4.7169,-0.39999
3.1384,-11.92
-3.1677,-12.773
-12.631,-2.2706
-5.1753,-14.716
-12.824,12.586
-4.3145,1.713
-6.1964,-18.866
13.975,-0.37529
-20.516,1.0242
-6.9519,18.672
22.551,-11.456
18.821,-14.674
-1.8569,3.9363
19.177,2.0156
11.639,8.733
13.589,-15.452
14.238,-12.64
16.698,5.8898
-16.622,-10.796
-25.071,-7.3068
-23.51,6.8316
-8.1661,-18.797
-6.9387,18.035
-5.0544,23.179
6.2616,-8.5088
-19.297,-3.8237
9.8586,9.118
10.801,-17.775
-12.599,-1.6212
-20.072,0.019232
10.656,0.11432
-19.287,9.1236
-20.105,-13.526
21.514,-11.936
10.668,12.029
-19.738,-0.14598
-5.635,-10.656
-12.151,12.511
-22.469,-9.0275
-13.569,11.576
-20.485,-13.307
15.359,-0.44063
-17.982,5.607
-1.3133,20.373
19.549,-16.112
19.931,-16.827
19.076,-18.25
-21.507,-9.3883
-24.411,-8.4866
-20.643,6.2041
12.942,-0.090667
-5.1093,20.301
0.038744,-9.5207
18.939,-15.418
12.144,12.086
-9.7535,-14.41
-9.0974,9.0634
-6.6473,-6.2228
13.85,-15.131
-23.052,7.118
-6.599,16.121
-15.303,-2.1825
5.9695,-10.238
-1.6478,3.4804
-17.442,-8.6133
12.424,-9.1096
12.999,-0.22992
-17.962,8.3118
15.969,-18.116
2.5201,0.31863
-15.706,-9.865
-16.354,-0.088026
-19.13,-3.6795
14.033,-8.2845
-19.046,10.696
-3.2452,21.897
-3.2451,21.897
6.4238,11.865
-5.4327,-2.468
5.775,-4.0065
0.03615,0.71111
-12.539,-2.7369
-23.106,6.9775
-3.4737,18.852
-7.3521,-18.856
-8.5408,-13.496
-3.1197,24.408
-6.8623,17.846
-3.3905,21.909
-20.623,-13.275
15.641,-10.674
-9.6483,4.1785
17.293,1.5169
-5.7262,25.261
19.896,-17.031
16.096,-9.2182
14.661,-13.1
16.36,-0.45798
17.855,5.8854
15.407,12.47
-13.438,-2.8309
-12.837,12.239
-7.6117,-6.7498
-19.46,-12.327
-20.932,-13.122
-21.932,-12.67
-11.247,11.941
-16.37,12.768
-20.644,-13.281
-5.2925,19.126
-6.4867,24.746
-5.6383,-18.922
-19.216,9.382
23.906,-7.6477
-6.1748,-18.897
-6.2039,-18.925
-0.3386,-0.12907
-14.146,5.2646
-15.034,5.5084
19.478,1.2029
17.273,0.39805
24.016,-7.2983
18.602,-5.9255
-8.063,-14.667
-7.4375,-9.7936
-19.779,-9.4809
24.316,-5.7268
-8.3832,-14.621
-7.6319,-10.102
17.057,1.2867
-3.6034,-11.85
-4.9474,-10.95
-1.6475,3.235
18.015,-6.4906
15.801,-18.219
-12.891,-4.9714
18.722,-13.749
12.685,11.527
-4.6968,10.927
-6.5287,-6.3973
16.168,-18.043
-12.847,-1.0958
14.914,10.62
18.989,1.888
23.86,-5.7487
20.21,-10.104
-11.913,-11.064
-16.569,-0.31051
-12.569,9.6531
5.9703,-12.591
-16.046,-9.9356
24.516,-9.6118
-19.575,-0.030614
-12.085,-12.022
7.6358,-1.1603
24.398,-7.9816
24.51,-5.5107
18.932,1.8998
-10.071,-17.008
21.314,-12.164
18.079,0.13114
-19.863,-10.871
2.6811,-3.1931
-0.74439,-0.2027
-16.099,-10.138
6.5103,-12.458
7.7204,-2.9186
-21.262,-0.57603
-24.599,-8.3395
-12.335,12.557
-5.916,0.66912
-6.0324,-18.911
23.962,-8.4072
24.623,-8.0488
-8.1029,-14.624
-14.094,5.2602
12.695,-0.42487
7.938,-13.399
23.882,-7.7092
-16.131,9.2863
-20.011,7.463
-5.0516,23.971
13.109,10.059
-10.712,-6.1702
13.634,-12.579
13.997,-15.643
-14.104,-8.5915
16.605,7.0207
-5.2525,23.425
19.115,-9.7807
18.178,-16.288
6.002,-8.4007
6.2659,-16.261
15.897,12.542
14.591,-13.071
23.866,-5.8638
11.485,-17.892
6.7897,-11.253
-16.231,8.5921
-0.18239,6.0842
-16.419,-0.062154
12.411,-10.311
-6.5718,-15.17
-18.762,4.3736
4.3367,-10.943
-18.655,0.10945
-16.167,0.26775
2.5956,-3.4411
6.3145,-12.602
-21.372,-0.62861
-20.751,-13.17
-4.678,-0.51129
-20.786,-12.479
-19.494,6.1939
-5.6129,0.56797
-18.172,4.7004
23.504,-7.7151
15.816,0.074867
3.4452,-6.2499
12.661,-0.40163
11.227,13.556
10.551,13.696
-15.718,6.2967
10.29,6.026
-18.6,-3.3496
24.118,-8.0137
14.444,-8.5579
-23.528,-11.312
-16.194,-10.566
-23.592,-11.311
-23.287,6.831
-6.2319,-18.645
17.799,1.2999
-8.513,-14.853
-15.432,5.5753
-15.536,5.7176
15.705,0.12297
-8.8413,-5.956
12.988,10.403
9.7241,-13.213
10.364,12.353
-0.61997,-0.18826
-10.259,2.1452
13.026,4.3249
-23.108,-5.7326
-12.325,9.3476
13.799,-12.655
8.9914,-7.2395
-23.337,-6.8307
-14.874,7.3835
-24.409,-8.7985
-21.563,-5.8507
-16.536,0.15759
-5.7955,-14.89
15.524,-12.277
12.574,-10.18
-18.045,11.26
0.032798,6.7975
13.212,16.155
13.407,8.2961
9.3812,-9.9482
-1.8761,3.9694
-10.067,7.7474
-19.064,-10.903
-17.76,0.37935
-20.567,-3.2905
17.175,9.2355
-1.6185,20.474
-8.0006,-6.7977
-12.163,-12.772
-9.1139,-9.3162
-22.506,-9.4344
9.3539,6.7913
-15.723,6.3187
-12.81,6.6856
12.839,-9.5138
-21.544,-6.0172
-12.385,12.535
13.838,-3.6743
-12.107,-10.789
-11.939,11.753
-7.9028,-6.6928
-22.819,-3.9467
-12.82,-2.805
-12.72,-2.5503
-23.093,7.0858
-11.727,11.304
-15.582,9.4559
-16.363,8.5051
-19.159,-0.055968
-12.914,-11.133
-11.174,-10.905
-19.127,-11.384
-22.281,-9.1898
-17.698,-11.02
19.212,-18.086
-10.324,-1.6727
-4.6844,3.189
12.65,-0.39772
13.413,-0.050861
-10.255,2.053
13.228,-9.1457
22.975,-5.723
17.613,-17.393
-3.9757,24.092
12.805,-3.1936
-23.551,6.776
-12.447,12.494
-18.979,6.1003
-15.653,5.8424
-16.6,5.8254
-12.984,5.1833
12.112,-8.4407
9.4221,-9.7061
13.178,-10.003
-4.785,24.097
-4.8357,24.001
-5.1747,-13.782
9.6124,-6.8739
-0.54424,-0.2086
3.225,9.5227
3.1885,9.5074
-20.326,-6.0613
15.606,-13.227
-9.5238,-9.6032
12.223,-9.1151
-3.1329,24.414
10.969,8.0072
-12.743,-1.7252
-20.859,-3.6228
14.605,-10.137
13.909,-12.722
-12.794,6.8946
-14.486,-4.7519
12.28,-10.828
-3.1399,24.415
-6.4205,23.131
-8.2345,-6.5209
-7.0714,22.114
18.692,1.5791
-3.6315,22.028
-0.45175,21.868
-3.3096,18.776
-2.9091,6.6397
-2.3266,7.8146
11.924,-9.6523
-8.1742,-6.6612
-13.531,-8.2428
-7.6859,-6.7393
-7.5428,-6.7948
13.584,-12.697
13.542,-0.088739
12.593,-0.62232
-12.208,-14.862
-11.574,-14.542
-22.304,-4.1098
17.923,5.9382
-13.532,-2.9254
14.241,-13.919
15.708,-10.155
-6.2806,24.676
-20.291,-9.9047
-6.35,24.826
-4.9923,23.539
18.831,-6.1904
-5.55,0.19498
-19.854,-0.031675
-19.228,-0.05811
14.801,-9.9956
14.729,-10.047
-9.7277,-7.75
-7.6525,-6.7815
23.921,-6.9989
18.655,-14.372
18.914,-6.314
-0.0037592,-9.5096
12.486,7.0655
10.981,-4.3262
-14.431,11.061
-14.394,11.011
-15.388,0.2304
-10.089,-16.817
-17.733,-0.37932
-17.63,-4.4292
-13.07,-6.2519
16.207,6.8998
-17.548,-9.4558
-7.6138,-6.798
-5.1226,23.224
-3.9466,24.002
-7.0141,19.348
-3.3905,21.909
17.019,-0.78858
-1.7128,20.679
-0.59344,21.664
-24.304,-10.028
13.931,-3.8891
-5.1257,-2.4894
-3.2013,22.139
-12.455,-1.3332
-20.51,1.0241
14.927,-9.9317
24.091,-8.302
16.961,-0.62021
11.415,-12.75
-5.9394,-6.4111
5.1589,-10.243
12.423,-17.852
-19.665,-0.046323
-8.18,-18.757
13.802,-12.696
-17.117,11.546
13.447,-0.029301
3.073,-6.5647
22.436,-9.4614
5.6693,-9.1515
17.937,-0.28158
-6.4129,24.799
-12.917,5.1044
19.254,-16.6
6.5469,-6.2032
24.383,-8.0358
-14.554,-3.245
-21.126,-3.4417
16.912,10.891
-20.914,-12.876
-8.9626,-10.647
-10.488,-1.4315
-12.632,-1.7633
12.53,-10.789
3.096,-6.6003
-11.425,-1.8325
-20.621,-6.4131
9.2895,11.941
-7.4617,-6.8983
-16.104,-2.9873
-0.0087268,6.4904
-3.4159,-11.261
-13.619,-2.5054
-18.969,5.2707
-18.424,10.393
-3.1585,24.416
18.661,-6.2728
-9.5939,-9.4921
-6.7467,-12.286
18.851,-6.2359
9.0135,-2.5051
-10.438,2.271
-13.085,12.014
-19.2,-3.4028
2.1968,-2.7022
17.494,-7.8902
18.57,-6.3044
9.3185,12.002
12.412,-0.52544
-24.364,-9.9732
-17.005,-7.8247
-8.0319,-7.8621
-10.255,2.0531
13.748,12.029
-13.138,-10.797
17.411,-3.3788
18.022,1.4022
-19.015,0.017565
13.981,-3.3058
-20.412,-3.2318
-5.4266,-19.002
-16.808,-8.3246
-6.7465,15.95
-10.144,-16.868
-10.226,-17.281
-5.4284,17.499
-12.897,-11.191
-18.718,10.362
-10.09,-9.296
-9.2612,-13.721
-20.48,8.9763
12.033,-17.437
12.336,-7.5991
-8.1583,16.679
-5.6608,0.49677
11.903,-8.008
-5.7216,25.085
-3.6174,-11.89
-19.001,-3.0016
15.189,10.502
8.1702,-16.137
-19.27,9.3653
-15.4,5.675
-13.004,12.117
-3.6215,-2.6405
-17.537,7.5063
-6.8826,17.912
-18.3,-9.0376
-12.532,-1.9814
-12.602,12.503
-0.4469,21.997
-11.201,11.441
-10.084,-12.647
-6.4495,17.332
-6.6664,-12.28
-12.932,6.931
-16.607,0.054039
11.66,-18.248
12.935,-9.6012
-7.0307,18.654
-12.802,6.7257
18.617,-16.006
12.362,-4.0834
11.966,-3.3133
18.868,-14.53
-20.79,-4.7122
16.97,-1.0386
-12.575,-2.1109
9.6535,-11.625
-6.3356,18.844
-0.25903,-0.1296
11.821,-3.3301
12.638,6.3769
-4.5376,-9.8717
-11.663,-12.156
-6.501,-14.831
15.714,-9.5091
17.047,-8.9335
15.387,-9.71
-18.875,-11.165
18.848,-0.65113
-21.969,-7.0706
0.040132,-9.5169
-0.47607,21.731
-13.712,-2.7343
14.951,-11.728
-3.3161,18.688
-18.888,10.334
-7.5221,-6.8067
-10.084,7.7878
-18.491,-8.6903
-21.818,-9.058
8.0114,-4.3364
-9.7709,12.792
-4.7285,24.057
-3.52,21.65
-5.5984,0.2346
-4.8513,0.056453
2.0929,4.8214
-23.007,-4.8099
9.9305,-13.627
-3.0543,12.36
-5.2524,23.425
21.028,-15.751
14.042,-3.5296
-17.139,0.43532
18.824,-16.151
-19.996,7.5311
-10.526,-5.9878
14.113,-8.2647
6.3773,-6.3916
2.025,6.7232
-19.208,-0.10553
-3.6235,21.991
-20.248,7.4193
15.922,-18.113
-0.44244,-0.1217
10.781,-17.518
-4.9878,-13.678
13.459,9.2907
12.191,-13.405
-6.9326,-15.191
-10.009,-15.597
-9.6796,-16.509
23.395,-6.2123
5.3271,-10.074
-5.1382,2.3311
-10.508,-1.4462
5.7481,-12.563
-16.651,10.835
-0.52278,-0.22319
-7.0661,-12.762
24.122,-5.5154
-7.1402,-12.992
-6.6432,-14.382
6.3987,-6.2669
-3.2051,-3.2233
-4.6823,-15.161
10.318,11.049
16.677,9.7446
-5.7361,-14.145
-3.5516,15.047
-6.4036,18.819
-6.3928,-14.991
15.017,-11.873
-16.468,-9.1868
24.218,-8.2592
12.768,-3.2089
15.778,-18.198
14.897,10.967
-3.149,-0.043288
14.501,0.5177
-8.0192,-6.5455
18.098,1.4739
-17.419,-7.2131
-19.549,0.010567
-11.961,11.649
-20.507,9.9151
-8.8066,-12.026
-8.27,-17.966
-23.11,6.4495
9.1275,-2.7427
-0.3769,-0.23696
15.983,-11.042
24.251,-5.2528
-18.91,6.1843
-6.8556,-11.654
-3.267,-12.473
13.343,-0.2751
9.9128,12.671
-6.3205,17.132
-19.415,-11.515
-5.965,-14.903
12.741,4.0866
-15.842,-10.749
12.43,5.2222
15.47,-3.1933
-10.777,-15.366
11.257,8.0065
-12.921,-11.137
16.168,-8.9462
-6.1969,16.227
1.828,6.6657
18.868,-6.2342
-12.597,-1.6216
-9.454,-9.3579
-15.367,-3.8849
12.58,-0.26943
24.133,-5.3304
-15.811,-8.0181
16.21,-3.045
-9.5977,12.711
-19.225,9.3917
16.2,-3.1655
-23.794,-11.092
-10.413,-11.915
-10.383,-11.896
-11.67,11.893
-18.583,10.467
-25.197,-7.175
-13.046,-6.2247
-10.743,-1.5326
-20.12,10.174
15.933,-17.979
6.0344,-4.5144
12.101,12.086
19.032,-16.205
-13.101,-2.1082
3.4704,-6.2754
14.341,0.43278
8.6797,-11.313
8.7508,-11.295
7.318,17.548
-1.2733,-11.019
-12.258,12.625
-6.8166,20.21
-14.922,10.758
-12.265,12.627
-19.216,-11.976
11.311,10.06
17.241,-17.784
-18.209,-3.7768
15.203,6.4685
-6.2994,15.913
6.2796,-11.386
-19.787,5.011
-19.56,9.3696
19.26,-6.2552
19.067,-18.277
19.11,-18.21
18.631,-14.699
12.91,-8.1297
-10.187,-12.543
13.061,-5.6054
14.054,11.201
10.986,0.08621
-12.389,12.546
19.033,2.0902
0.041195,-9.4957
18.873,1.7776
-4.0229,19.619
-21.481,-0.69928
-13.108,-6.4737
-15.953,-2.7861
-12.102,-12.11
-21.473,-0.8666
-10.313,-14.431
19.942,-16.634
19.85,-16.885
14.782,-13.173
-4.6058,22.595
0.015852,-9.5287
-25.603,-7.8464
-10.034,-17.338
8.5639,5.7581
-5.0322,22.931
19.068,-15.754
12.545,-0.70693
3.4426,-13.593
18.962,2.3083
5.8689,12.221
6.7304,-14.905
8.2044,-16.026
5.8533,-12.818
6.5007,-6.09
9.7441,12.012
19.126,-10.33
19.53,-16.116
-4.1098,-2.0901
15.721,-12.791
-22.961,-5.612
16.137,-12.429
-12.663,-11.759
-13.27,-3.0269
-18.518,-3.437
-14.097,-0.59839
-23.485,-10.993
19.899,-6.0568
8.587,-11.119
-9.6244,-9.6151
-0.014925,0.76173
12.032,-3.5049
0.026409,0.71183
-11.044,-1.7457
-14.23,6.4376
-20.923,-5.2887
-11.544,-10.77
13.334,-4.0961
-8.3405,-6.9934
-3.6859,21.941
-8.2652,-11.454
8.4588,-13.546
-20.511,-7.18
18.138,0.17787
-18.534,-10.122
19.099,-13.299
17.617,1.8058
-4.5582,23.689
-5.2748,-15.131
-18.466,6.8826
21.863,-5.9835
2.2477,-2.7467
-19.736,-12.401
-12.591,9.7927
-6.8722,24.536
-10.521,-9.9908
-12.724,0.83036
0.027091,-9.4991
0.033902,-9.529
-19.965,-5.7377
13.616,-12.511
-17.237,-8.7846
4.057,-1.3989
12.72,-5.7139
18.553,-6.2822
18.779,-6.3155
-12.256,12.597
7.4787,17.626
-1.0992,20.13
15.878,-12.719
-7.6664,-18.702
15.838,-2.603
-9.5248,-9.4012
-14.518,10.642
-11.205,11.539
-3.69,-2.7107
-20.226,7.3885
8.6977,-10.927
-8.5103,-18.658
-13.344,-5.917
-2.6303,23.813
-3.0942,21.905
7.2023,-14.807
-13.031,-6.3348
-24.719,-7.2473
-9.6247,-3.5104
-13.556,-7.855
-3.1914,18.754
-15.615,0.24575
-16.39,-7.5085
-3.7896,20.146
-25.338,-7.0539
14.911,-9.8481
-9.2279,-13.592
-4.7677,24.004
-3.092,0.026726
18.876,-16.283
-7.1327,22.01
-7.0792,18.673
16.28,13.035
-21.949,-3.4562
-20.455,10.214
-19.11,-2.9702
-0.50508,21.81
-16.249,12.829
5.5062,10.969
17.508,-8.0248
-4.3954,-10.909
18.411,0.20415
18.267,2.1715
14.215,-0.64025
17.218,8.9846
13.054,0.22632
-12.145,12.582
-6.844,18.114
16.139,-10.431
-5.8457,-18.708
-6.8338,18.12
-6.2184,-12.52
21.834,-6.0449
-9.684,-3.6234
13.937,-15.071
11.841,-13.696
12.292,-0.32586
-2.7775,12.879
21.481,-11.96
-10.025,-17.1
-8.8787,-14.753
0.55462,3.1278
-4.5369,-6.9562
-7.1516,18.854
20.355,-5.9806
-17.487,-0.71763
-7.1993,-11.323
-19.187,-11.88
-0.45844,21.838
-19.681,-9.9979
-15.99,9.4917
20.169,-14.792
-9.8619,12.795
-3.3085,22.153
-6.9879,-5.9258
-0.66647,10.045
5.8773,14.249
-6.3647,24.814
15.603,-13.035
-12.716,-2.7863
-20.772,3.9834
-17.152,0.2682
20.118,-12.164
-9.2216,-10.683
-17.036,0.32261
-20.278,-5.9477
-20.362,4.4916
13.451,-15.504
2.4083,0.70114
6.4648,-12.19
-0.0076327,0.75311
-18.791,4.2696
-12.368,-12.143
11.997,11.728
-12.582,12.549
16.513,-3.3171
17.727,-0.38569
-6.8987,22.301
-3.2114,21.908
12.782,-14.056
14.631,-3.2318
6.3381,0.44633
19.906,-17.009
8.3045,10.863
15.211,-18.238
16.347,-3.2849
-17.325,0.36635
11.424,8.2687
17.646,1.602
-8.1827,-11.235
-20.646,-13.276
16.817,0.13787
13.888,-15.087
19.443,1.4679
9.3418,10.866
0.028129,-9.4798
13.49,-0.078805
13.325,-0.084943
-4.0467,17.153
15.457,-11.862
-12.962,-5.3407
-17.838,8.1778
-19.967,7.6057
0.02364,-9.5105
-7.0669,16.037
-1.1504,20.202
-3.3064,-4.8914
-20.393,6.7381
22.838,-5.0951
3.7785,-3.3154
-21.981,4.374
12.936,-1.4081
8.2619,-11.451
7.7938,-15.42
-12.489,10.352
18.655,-6.2356
15.939,-18.146
7.1704,-11.043
14.727,0.59086
10.921,-17.679
-4.9145,23.966
-6.3146,24.598
-15.873,0.25387
-18.575,-10.778
19.088,-6.2128
14.206,-0.63186
3.1814,-12.12
6.6847,-10.958
10.514,-17.535
11.685,-13.282
-12.049,-3.0606
-23.062,7.1517
18.403,0.30911
-5.4273,-14.235
0.041283,-9.5167
-13.068,7.1257
-17.644,8.0352
-19.493,-11.469
-21.478,-8.8619
-21.482,-5.4485
-17.97,8.2925
-16.544,5.5255
3.0859,-6.6334
-23.052,-6.5967
10.699,-3.0928
11.734,7.1856
16.291,-3.2408
16.274,-3.1629
18.687,-6.2991
-19.934,-10.778
-11.463,-10.375
21.181,-10.097
-6.8565,17.779
-5.5529,12.103
9.9981,18.295
7.4087,-14.425
-22.613,-9.3826
-6.3933,-12.185
-4.4668,-0.37501
12.823,-7.9812
-12.387,-10.506
-6.6012,15.996
4.9998,1.7506
-2.8922,22.017
-18.727,-10.821
0.05008,-9.4625
11.827,11.519
7.334,-14.549
11.129,-1.517
14.467,-4.3992
13.34,-4.0296
12.9,-0.11596
-3.582,-2.4592
-19.575,-0.030675
-21.9,-10.248
-18.759,-4.1059
6.5211,-6.0285
15.819,-11.327
-16.629,7.2231
10.873,-11.446
3.2032,9.5096
24.775,-7.6624
-12.15,-12.073
8.7647,11.753
-22.701,-9.1494
-12.784,0.84045
-20.07,-13.549
-5.7514,-2.5122
23.88,-8.2405
17.171,-3.4403
14.609,-9.8949
9.8424,12.388
-7.4664,-13.131
-12.547,-10.779
-24.767,-8.1781
15.818,-3.1166
8.1571,-4.3339
-20.454,-11.912
0.00023238,-9.4679
-9.7623,-15.852
12.253,-9.0945
8.9615,-0.1129
-0.16284,-0.10952
12.461,-12.185
24.268,-5.9464
-19.749,5.3178
-20.629,-10.996
22.433,-6.871
-5.7877,-6.3115
-0.2251,-0.17267
-9.2915,-3.1271
-19.122,-10.251
-22.225,-12.291
18.71,-6.0279
17.497,1.5995
18.99,-6.3084
-24.333,-8.3158
-9.9207,-17.397
13.375,-8.4257
13.029,-8.2571
-9.7958,-9.1055
13.484,-8.226
-12.829,-6.3537
-11.508,-11.774
17.181,1.265
-8.3974,-15.173
17.249,0.27131
19.097,-0.59639
-0.014754,0.22978
-4.6412,-0.49344
-17.375,-11.007
11.652,11.625
-20.2,-10.794
-22.338,-8.772
-17.678,-2.2147
11.91,11.646
13.503,-0.054901
9.1789,-2.9226
-12.011,12.633
4.4615,0.3077
1.7968,6.814
12.384,15.736
-6.7095,-15.163
-22.05,-3.3232
-3.1751,22.09
19.189,-6.2625
6.4952,-5.9551
18.906,-6.2301
-6.4276,18.881
16.19,12.321
15.698,-2.4851
6.6604,-6.203
-19.077,-11.778
7.919,-11.49
12.597,12.988
-5.3697,-18.821
-12.759,-2.0022
-14.181,-3.3306
16.336,-9.549
-20.579,7.7219
-17.805,-0.24942
-3.1294,24.433
-3.1399,24.415
16.361,-3.18
-5.0042,22.869
-6.2955,0.96731
23.504,-7.7151
23.504,-7.7151
6.6932,-5.9777
-11.156,-8.2483
-15.86,-2.7725
-18.838,-10.579
-21.474,-12.969
-12.927,5.1623
-1.9113,-0.056067
-15.438,-8.7127
-6.7353,-6.2179
-12.935,-0.92454
-21.152,-12.991
12.323,-7.4463
-8.7157,-18.629
-18.633,-2.4579
15.903,-12.738
-16.104,9.3216
13.024,-0.24987
16.085,-12.664
-10.531,-13.171
16.211,12.348
17.252,-17.729
18.108,0.22671
-19.103,-11.309
21.01,-12.113
-10.287,-7.8364
-6.6931,-9.6842
8.8612,-11.259
18.471,-6.274
-13.164,6.3944
7.2621,-11.52
7.7152,-11.726
14.038,7.3018
-19.637,-9.5853
-5.7747,4.7577
-1.982,4.2447
16.39,-10.984
16.606,-10.773
-18.095,-2.5597
12.5,6.4417
6.5422,-0.66656
-16.437,-0.00048201
6.5666,-12.121
-12.373,10.195
-5.9527,-6.4128
-12.458,12.422
-19.665,-0.046449
-4.1628,-14.732
-17.012,0.12011
4.5036,-3.2137
-6.4857,-12.401
22.421,-9.4965
7.5187,6.191
-9.5816,-13.886
-3.8984,21.822
8.756,-11.28
-4.1158,-0.84605
-13.732,-3.4366
12.991,-1.6799
15.426,-0.96339
-0.31579,-0.1878
-14.998,7.1474
-3.1653,-12.1
-0.00074534,-9.5384
4.9819,-10.346
-8.8614,16.459
-6.4498,15.915
-19.021,0.018444
14.293,6.3599
15.946,6.7272
18.526,-6.2646
3.1327,-6.7065
18.782,-0.38112
-8.0477,-14.906
-16.278,9.0909
5.1188,-9.0951
9.9245,18.266
-5.1004,-14.606
7.2987,-14.468
-10.78,-11.248
8.3292,-11.422
-4.692,-9.5773
-9.4166,-8.9069
-7.6213,-6.8109
-4.095,21.441
13.319,-0.17208
15.921,12.58
14.688,7.2149
-0.43636,21.837
22.557,-9.4559
-19.121,6.6513
-17.916,5.8879
-12.62,-11.79
11.98,-7.843
21.663,-6.2852
-6.6565,-12.446
-12.511,-1.8728
9.491,-3.7424
9.3019,-3.4861
12.886,-0.31267
12.955,-0.25006
9.7874,-0.12959
-12.494,-1.7943
16.485,-9.2308
18.951,-17.313
-16.271,-0.36343
18.99,1.7097
11.086,13.488
-6.6371,-12.339
8.7319,-10.135
14.691,11.356
-0.3519,-0.11977
13.298,-12.316
-19.594,5.4984
19.275,-6.2594
21.854,-5.9551
-6.9852,18.232
-2.8727,18.912
16.759,-0.94696
-2.7697,18.991
-15.997,9.0357
-0.44764,21.783
17.096,-18.103
13.725,-12.623
-3.885,19.193
15.622,-9.251
5.4585,10.771
10.325,-6.2237
15.793,-8.9207
13.883,-11.65
-10.509,-11.713
-21.624,-3.6961
-15.795,-7.4229
12.444,7.7034
-21.378,-3.9763
-3.6157,-8.9329
12.773,9.2966
-15.751,-10.152
-12.638,-2.7878
-18.586,0.074293
11.263,-10.255
16.304,-9.0759
-10.765,-9.2396
2.2601,6.5682
13.091,10.21
-17.079,-0.015087
6.1226,-11.056
-16.49,0.074605
12.229,11.571
13.565,-12.529
-14.737,7.5589
16.814,-8.5384
9.2701,12.844
-2.0692,21.082
14.104,-0.41865
0.13428,6.7285
12.702,-7.9754
-13.285,-5.8659
-13.831,11.507
-3.3554,-12.678
-3.6558,-11.845
-8.0889,5.7126
12.809,-0.093093
-19.52,3.7905
8.9218,16.424
18.684,-6.2091
-17.24,-8.7043
12.365,-12.228
-12.244,-3.2867
12.429,13.199
24.036,-8.4045
-4.9625,16.549
3.1549,-12.45
13.103,-0.097918
-15.553,4.6899
12.404,5.2617
7.649,-1.9155
-3.8672,19.779
-3.8126,-9.0918
-20.007,-12.526
-16.225,-2.773
10.316,-7.6485
-16.229,-9.4871
-21.489,-0.80681
16.947,-7.1748
6.5098,-6.2595
-8.2173,5.3379
-6.6545,-6.1908
-16.504,-10.273
-16.663,5.8085
-8.3525,-13.4
-4.1666,16.464
9.7247,8.9781
8.5646,8.4541
6.3722,0.40865
16.5,-12.785
13.112,-3.6698
-10.826,7.7431
-5.5282,-14.716
13.56,-0.024066
17.656,-16.679
10.435,13.24
17.691,-6.5955
6.4139,0.45635
-6.551,17.312
-3.7748,19.243
-0.23051,-0.19808
-5.8936,4.919
6.5051,-6.1292
-7.7989,-14.697
-9.4721,-9.4305
8.5254,-13.634
-15.306,-1.7487
16.628,-8.6952
23.578,-5.5358
-4.5547,-7.4937
14.046,6.2143
14.154,6.2826
-22.03,-9.0695
24.661,-7.713
19.219,-0.50692
18.926,-0.78873
0.27052,0.61182
18.887,-6.2229
15.543,5.2093
10.239,-11.456
10.727,8.1137
-15.842,-10.272
17.93,-17.977
12.162,-10.831
4.8992,-10.455
-16.912,-8.5077
-18.08,-2.4436
-14.245,-9.2419
-5.5439,-6.3121
18.714,-15.36
-8.2666,-15.371
-23.066,7.1429
-21.366,-9.4189
0.23513,0.63453
10.046,5.948
-3.3421,18.504
9.4371,13.092
-5.8502,-6.2147
-16.851,11.76
13.695,5.816
16.518,-6.8836
9.5573,8.8515
14.369,0.72744
15.434,7.5923
-8.467,-14.528
13.08,10.236
16.469,-7.2112
3.0617,-12.528
-21.243,-5.5165
-9.8845,-14.009
14.584,0.016977
19.361,-17.074
19.9,-16.783
8.4445,10.338
6.5311,0.5584
-19.116,-11.739
6.3316,5.8419
-16.142,-9.4216
19.074,-0.5194
24.514,-9.645
-3.9707,-9.3193
-16.84,11.603
-1.1367,6.2854
17.633,-10.868
9.2722,-0.42149
7.4318,17.611
-10.496,-11.899
-6.6902,-12.346
-17.464,-0.35685
17.072,1.2506
-12.377,10.312
4.0792,-6.9562
-23.041,7.1527
12.244,-0.40238
17.091,-7.7864
-6.2051,-12.26
12.008,-14.377
-7.896,-7.8581
9.9449,10.708
12.835,-4.5928
12.71,15.685
15.511,10.52
-12.496,-11.923
0.0039505,0.4642
6.3802,0.42206
-21.427,-0.9149
15.958,-9.8172
10.248,-7.7783
18.858,-6.2191
-10.442,-9.1796
-12.517,-3.6394
-17.271,4.4435
7.635,-8.6701
16.429,-10.41
18.806,-15.781
-0.43144,-0.17816
11.58,8.733
0.27195,6.5787
-1.2076,7.7666
-1.3263,6.1786
-9.4463,-9.4024
10.099,-0.3121
-1.9716,4.599
-5.2846,21.053
-12.277,12.557
18.784,-14.436
5.0122,1.956
5.3134,-8.443
6.5553,0.44516
8.4135,8.9288
5.6731,-10.995
6.2188,-6.2851
10.937,-10.889
-3.0781,12.386
-18.711,-3.2225
19.021,-0.71679
-6.9075,-5.9742
18.179,-9.8888
-12.006,-13.064
-9.9005,-11.894
-6.3848,24.803
-6.1698,-12.06
-9.4614,-9.5181
18.845,2.3367
24.114,-8.8661
-11.28,-7.5659
15.574,5.2012
15.448,5.5766
7.0221,-12.739
-12.826,-2.9465
-0.39494,-0.040828
6.4981,-6.1697
-9.8857,9.7789
18.875,-6.2071
18.508,-0.16791
-1.5018,8.4326
-10.298,-10.282
16.268,-0.83681
16.834,-7.2524
-6.7341,-12.315
14.95,-11.823
-20.508,1.0121
8.291,15.446
17.959,-17.762
10.944,-9.9236
24.215,-5.4458
24.691,-9.1705
-8.2114,-8.0414
15.242,0.55371
6.3885,0.41729
-9.137,-10.093
11.648,5.4011
-12.859,-6.3433
-3.2441,0.070952
7.5322,-11.746
19.294,-0.6024
-3.4239,15.726
-9.7122,-11.967
5.0033,1.1315
-5.4819,12.198
15.419,-3.7121
14.337,-3.2686
18.928,-0.54159
11.746,-12.913
19.475,-17.046
-13.007,12.07
15.433,-9.3326
18.033,-0.50991
-4.5903,2.3052
2.159,6.5836
-13.225,11.608
7.3964,-15.165
3.1219,-12.156
20.979,-15.906
12.759,-1.2167
-3.4953,23.598
7.6668,-2.437
5.2363,-3.6179
3.2638,-12.4
3.1778,-12.162
20.314,-11.502
16.594,-10.167
13.341,-11.004
-2.8996,-10.058
18.886,-16.204
-9.6245,-6.1052
15.032,0.59219
-1.0611,12.464
-15.706,0.3008
15.967,-10.717
-20.162,-11.153
-16.865,-8.3115
-15.85,-7.9893
11.828,-5.4277
-6.7069,18.345
-6.2209,15.811
14.397,-4.7181
-2.4044,21.841
9.6488,0.56615
8.3752,8.567
9.1545,-7.332
-8.5004,-11.082
-5.8795,-4.8213
-12.175,-12.761
-20.221,9.4094
0.015669,-0.1184
15.68,-12.032
14.553,6.4655
-0.5909,-0.07512
-9.2381,-9.2653
17.603,1.6421
-4.3178,2.7158
-17.106,-4.2783
6.3684,-12.07
-10.878,-7.5872
3.5006,-0.16889
-21.436,-5.6666
17.621,-8.2031
20.011,-16.637
-19.199,-0.092634
12.757,9.2315
10.753,-7.221
-4.0157,-9.2846
6.3847,-3.1626
4.173,-6.8525
-8.5934,-19.009
3.2162,-12.14
13.345,-12.431
-20.231,-6.7716
-0.63874,10.187
18.721,-6.1653
16.505,9.8594
12.693,-13.79
-5.5362,0.21134
-2.9038,-11.133
-14.925,-5.0907
-10.675,-11.877
-8.8502,-11.066
-19.652,-10.277
-6.5997,15.928
13.327,9.3393
-10.241,2.2597
-22.643,-9.5269
13.894,-14.314
6.2223,11.697
-5.3403,11.728
4.1301,-3.0835
-13.164,6.3945
-9.0639,-7.6081
-1.7789,-12.083
-18.113,-6.2467
-13.467,-8.3297
-0.34295,-0.10344
-8.9614,-10.998
16.92,-8.6333
12.776,-5.6782
-9.8704,9.7218
-13.055,6.6588
6.424,-12.214
4.2693,-2.8268
18.824,-6.2577
16.678,-17.988
13.507,-0.086639
-18.566,4.582
14.967,-11.779
-8.642,8.8551
-12.231,-15.064
-10.571,-12.695
6.2501,-6.3758
-16.36,0.15797
-6.7976,-12.806
9.4482,-3.831
16.624,6.6757
18.768,-13.534
-16.178,-9.7105
0.022364,-9.5566
4.5818,-8.3132
-6.8618,8.3625
12.159,11.654
10.792,-17.598
-6.5709,-6.0609
12.483,-0.34667
6.3993,-6.5029
19.332,0.063214
-12.773,-6.4165
5.8948,-3.8092
0.035043,-9.5182
-12.464,10.459
-5.6708,-6.2711
-9.6653,8.7871
3.6166,-11.42
-8.6,-18.75
12.961,7.7875
6.4812,-5.9356
-12.123,12.664
16.359,-8.7954
-20.511,1.0419
17.903,-17.714
16.422,-10.583
9.2395,-9.246
-11.042,-9.3429
-11.233,-9.1878
-20.45,-2.4643
-17.808,-2.2792
6.6265,-6.0818
-10.989,5.4546
4.7233,0.46635
-9.9777,-15.475
4.0622,0.08661
12.734,-13.672
-2.3032,0.0012034
-6.6754,14.591
12.216,11.06
-19.386,-11.438
-19.778,-0.06569
-11.939,7.7319
15.65,12.576
-12.715,-1.5567
-4.473,17.369
6.5275,-6.1829
-10.937,-9.4245
10.091,-0.36295
-5.0173,-6.0268
7.9194,-0.33389
-13.624,-3.3324
18.61,-6.279
-0.041171,-9.5401
-16.184,-3.5713
-8.7286,-18.805
18.395,-15.446
9.6328,-6.935
-16.442,-0.25085
-15.151,-2.2516
-8.4949,4.253
6.4922,-6.1413
12.627,-11.291
-9.2916,-3.127
9.0985,-9.7881
14.831,-14.104
15.456,5.452
-12.483,9.857
13.943,-15.156
-17.211,-7.6997
-10.334,-14.619
9.6367,-13.519
-18.119,-10.515
18.944,2.1358
19.139,-16.091
19.875,-17.028
19.368,-16.44
20.165,-15.058
12.698,12.597
10.323,10.841
-9.6936,16.591
15.803,-2.6112
7.9513,11.915
-19.683,-11.671
-4.2371,20.307
-22.622,-9.4906
15.298,6.9734
13.46,8.4534
12.011,15.04
22.4,-5.1986
-19.785,5.2168
-0.41915,-0.12404
9.1817,-3.1338
-9.8982,-9.5004
22.456,-5.293
-7.3214,18.267
-6.5221,15.747
-1.2763,20.335
9.5591,11.896
0.046285,-9.4922
17.714,-10.825
6.0039,-8.8939
13.421,-10.284
7.7805,-11.725
-13.88,-3.4549
10.703,-13.38
-18.992,-2.9949
18.621,-5.9217
12.571,16.541
-12.021,12.674
0.3819,2.8207
9.7147,12.534
8.248,-12.488
6.4854,-11.256
5.2951,-10.218
15.503,-12.719
0.50524,0.23131
-6.6807,-12.412
-4.6706,2.3755
10.327,-7.582
-14.673,-5.2653
-19.845,9.2487
-19.412,-3.995
12.899,4.276
9.8582,9.2786
-1.2732,6.4725
-2.4411,16.174
-9.9424,-10.003
-4.2434,14.803
-6.246,24.769
-8.2036,-4.729
-6.8691,-12.784
18.664,-6.1088
-4.3015,-3.8165
10.65,11.656
2.6618,-0.37808
6.3821,0.44068
6.1082,5.3537
16.754,-8.7806
-1.7435,3.385
12.391,-13.733
12.026,-0.064853
17.001,-1.2102
23.637,-6.0612
19.192,-15.888
19.783,-6.0944
-13.498,-4.8369
9.2397,-9.2002
-18.454,12.08
-18.813,-10.95
12.283,0.0012714
-6.8082,-9.8902
-12.69,-5.0684
-2.9899,-12.515
6.1826,-6.2845
-4.2832,-3.7891
24.049,-8.6841
11.165,-11.659
13.883,6.1
23.466,-5.9592
9.1582,11.644
9.4448,11.268
9.2564,12.175
15.514,-5.2559
18.337,-9.8074
-23.018,-5.7617
-19.614,-0.049684
-8.8581,-11.262
-6.7116,-5.7417
11.949,15.612
9.9657,13.517
3.2044,9.4946
-23.017,-5.9444
-18.916,10.949
-4.9115,-10.976
16.03,-6.2552
-5.9907,-14.937
12.691,-15.115
16.327,-3.2318
-19.35,4.8276
14.112,7.5023
-7.9407,-2.2805
-12.708,-1.5144
-11.432,-3.6225
7.2986,-9.189
-12.981,6.7676
10.403,-7.0995
-15.883,9.2112
-22.565,-9.5953
3.2185,9.5196
-3.0012,24.388
6.7833,-14.299
-19.958,-9.9196
-19.058,-0.11201
16.525,-0.72116
-5.2497,-13.743
-4.2133,-9.9551
9.6148,0.14204
-6.4948,18.902
3.5457,10.284
-4.0051,-0.8962
-19.353,-11.454
-3.0709,-12.8
-0.005782,-0.12789
9.7434,0.16832
13.361,0.15346
-0.042557,-9.5804
-10.025,-17.143
-11.664,-7.8095
-4.0236,-9.1829
6.6315,-14.561
7.6768,-2.4921
2.7014,0.38945
-20.226,6.1549
6.5695,11.797
12.142,11.653
10.146,13.395
-4.324,-9.5827
-10.191,-10.7
-18.44,4.3505
16.754,-18.254
-16.775,0.29618
-8.2128,-13.427
-4.5955,-7.0787
9.9509,0.23821
12.368,-17.783
-9.5179,-3.5523
14.176,4.1733
16.293,-3.1335
17.521,-4.2373
-9.4154,-9.1831
9.5985,-10.749
9.703,-6.2533
-16.071,-3.6563
-18.35,-10.322
-18.427,-10.38
-8.9514,8.4193
-6.4936,-12.591
11.077,-13.163
7.1478,-8.5532
-11.844,-4.8379
22.93,-6.1057
6.523,5.9719
7.1747,-14.364
12.505,-0.31287
-4.7625,3.2623
1.409,0.069755
6.9849,-8.237
12.66,13.671
4.2756,-2.7727
-7.0695,18.302
16.604,7.2917
6.6464,-12.407
-6.3359,-12.518
6.53,-6.1933
10.537,-7.5078
-19.202,-11.835
7.3964,14.174
-3.224,-12.526
5.4408,-11.068
12.207,-13.607
-6.1851,-9.2237
3.512,3.1304
-4.7386,16.634
-5.2406,17.317
12.207,-13.607
-12.288,-14.966
-0.44342,0.12267
0.18647,0.17828
15.967,6.1247
12.838,-0.52646
-4.4971,-14.536
9.3765,-3.5251
-22.288,-9.0407
-5.8382,-13.184
-7.6152,-14.999
16.234,-3.1056
10.888,0.80999
14.808,0.64482
4.6307,-8.422
-0.39547,-0.12228
19.415,-11.532
-6.3107,8.2779
17.2,-0.62761
8.3957,10.777
-0.44314,-0.12174
-21.489,-0.72617
19.751,-10.08
3.855,-11.349
5.8917,1.0678
-4.2046,-0.63161
14.099,-0.043904
2.5809,-6.2457
13.031,15.924
-9.9188,-7.9863
-0.522,-0.39344
-3.7759,-2.0589
9.7831,-9.6801
-18.096,-6.2963
0.18988,12.132
16,-12.157
-11.994,-12.431
0.13435,6.7286
19.272,-11.283
17.291,-17.114
9.364,-11.856
16.498,-12.833
6.4933,-6.1227
5.2744,-0.58301
-14.908,7.1334
-22.964,7.239
-2.9792,-12.835
-4.9292,2.1153
-19.743,-3.3144
8.5154,-8.6564
23.611,-5.4038
-13.055,6.4131
-20.177,-6.1408
5.9943,-6.2147
10.791,-11.193
-22.126,-9.0496
9.0425,0.54953
4.4521,11.728
-22.365,-9.0305
11.26,10.148
20.374,-16.519
6.4244,-12.235
12.429,-10.704
-4.9662,-5.9442
-9.3616,-3.1182
6.4999,-6.1413
18.943,-13.626
1.4143,9.5359
12.982,5.3852
19.517,-0.56457
12.757,-0.34078
-11.107,-7.26
-7.77,-17.124
-0.014639,-9.5683
12.95,-5.3358
10.165,10.951
3.8389,-11.302
11.578,-18.166
-5.5223,16.223
-11.202,-7.8621
12.705,9.2324
9.5017,-0.30916
17.535,-0.59443
18.755,2.3822
-8.2257,5.3441
16.67,7.1997
-0.4622,-0.13688
-12.826,-1.9467
-4.3167,0.20917
9.0386,-2.7062
-3.3047,18.846
2.7978,-0.43635
17.943,9.926
-15.954,-9.3882
-13.997,-3.6174
-24.28,-8.7783
12.519,12.514
-16.65,-8.9296
-6.842,19.221
16.041,6.1807
-22.375,-12.009
6.3581,-6.532
12.719,9.7853
-7.1082,19.507
-12.231,-5.0727
-18.936,-9.318
-4.9941,16.118
0.18472,6.6418
-9.0554,8.0608
9.7836,-9.6529
-15.866,-9.5123
-4.2921,2.5246
5.3356,-2.9131
-12.85,-1.0484
14.992,10.856
-9.1996,4.2871
14.049,0.26085
19.082,-6.2816
5.6155,-10.187
9.4703,11.964
17.534,-0.30564
-7.4467,-11.134
3.1405,-12.163
10.279,13.366
12.463,-0.36966
9.5376,-0.11846
17.062,1.6164
-6.4094,-12.442
-17.205,8.9235
-7.6997,-11.966
15.787,-3.3284
17.312,-16.672
-10.264,2.2405
18.851,-6.2557
-15.824,9.7176
19.35,-0.58171
-3.3226,0.049976
-4.2746,24.121
-6.5571,-6.3387
19.144,-16.988
13.467,8.8869
9.8478,11.265
-19.12,-11.659
12.483,13.209
12.346,13.254
7.4671,-11.47
15.856,12.496
12.821,10.401
9.6609,6.3086
-22.969,-6.0092
-12.827,-6.4032
6.436,-2.4395
18.58,-17.473
-17.533,11.006
-20.669,9.7657
-8.396,-11.311
8.5809,0.98623
13.11,10.129
12.655,-4.5926
13.574,0.03383
17.379,-0.66579
-7.1058,-11.749
-15.346,5.533
-10.516,-1.0621
-6.2761,-12.308
-11.978,8.1981
7.2252,-14.285
13.622,-0.0020807
-22.818,5.5111
-6.6989,-18.677
-18.456,6.9108
19.037,-10.652
-1.7635,4.8416
9.46,12.217
-3.9133,7.9178
15.534,-11.185
14.738,-0.77754
-6.856,-12.209
-5.3435,19.679
-6.7492,-12.241
13.989,6.1
8.9352,-14.355
12.672,8.2531
-11.884,-12.528
3.3512,-11.874
13.618,8.0425
-7.3997,-9.8718
6.061,-10.885
12.49,-0.4872
-5.5228,-8.9941
0.19641,6.6912
9.4315,12.053
-5.0031,-11.13
16.367,-15.57
13.067,10.487
-22.146,-4.0335
21.334,-7.1985
-15.864,-0.30402
11.241,17.15
9.0328,-14.005
-11.266,10.157
-9.337,-7.4612
-18.746,4.5669
13.068,10.103
16.947,8.2284
-5.9301,0.67112
-15.072,-4.1152
-16.162,-3.1897
-8.7685,-6.5545
17.559,-0.26338
0.1124,6.65
-4.1884,2.5283
-10.52,-12.093
19.048,-9.4837
12.308,6.286
6.4106,11.818
6.4978,-5.9892
3.2453,-12.422
-13.675,12.811
-18.814,-11.091
5.7132,-12.475
-4.8959,-9.7498
-6.7298,-15.135
2.2147,4.7708
13.039,10.209
5.3781,-1.1079
-10.666,-14.867
6.048,-6.2158
8.1945,5.0227
-3.1206,12.952
10.659,4.0313
2.0019,4.9506
7.6575,11.989
10.085,-7.2383
-4.3504,-13.652
13.954,11.939
20.537,-15.253
17.313,-10.786
16.151,-3.0491
17.021,-8.3437
6.9237,-2.0654
0.033067,-9.5126
7.0833,-2.2201
-12.987,-3.481
-16.097,-8.8863
15.696,-0.62814
-9.0974,9.0634
-10.425,-11.899
6.636,-6.1455
13.352,9.4621
-7.1442,19.602
7.1941,-15.12
9.1961,-2.7981
0.66211,7.723
4.9554,-2.8294
14.168,-0.61704
19.612,-10.167
13.385,-0.14734
-5.815,-13.167
19.52,0.32303
-0.44394,-0.12447
-9.3864,-9.5232
-6.666,15.38
-9.931,9.897
1.1048,0.10339
-16.105,-10.908
4.9574,-3.6438
-4.7357,16.618
1.1937,4.2568
13.071,10.239
-21.492,-0.73577
-3.9115,18.255
15.797,6.7331
-0.29836,6.1977
6.7975,6.0086
9.4022,-3.4746
5.9353,-10.525
-12.449,12.422
9.9691,0.31964
-22.872,-9.5923
19.498,-9.9881
-16.736,-8.8801
-8.0061,-13.351
-4.3698,16.286
3.2134,9.5342
16.3,7.1573
8.8005,-2.2016
7.6529,11.983
3.2483,9.5271
-5.7135,0.86471
0.10526,12.493
16.628,-1.2753
3.1007,-12.903
4.7445,-9.419
15.908,-6.1723
3.174,-7.2147
-9.165,-3.1771
-12.478,-11.9
-19.426,5.1798
-9.2426,-3.1416
5.7099,-4.035
9.8082,0.43017
-4.1585,16.22
-9.2276,-3.2232
13.49,9.2717
24.23,-8.5058
-12.738,-0.89392
-0.2852,0.22318
7.0273,10.117
-12.004,-5.1033
-10.021,7.6262
18.963,-6.2445
-5.2813,0.36053
-16.117,-3.2837
-10.335,7.389
17.362,-0.13943
16.147,-3.0551
10.574,-15.423
19.13,-9.5459
-4.9725,-4.5917
19.361,-16.121
-3.9409,2.491
-3.3594,-2.6552
12.092,11.751
-4.4173,2.5396
-15.027,7.402
-17.115,-3.5593
-3.1119,12.954
16.068,1.1062
-6.4924,-18.847
6.5505,-6.0979
-2.9281,-0.0016179
-4.2452,2.7437
9.3043,-3.434
9.6896,-6.2428
11.188,13.819
15.965,-12.646
-3.686,-2.1678
23.248,-7.6658
13.886,7.58
6.379,0.45747
-7.0653,-13.637
12.284,6.1554
12.925,10.31
11.108,-9.9162
6.5981,-6.1126
-11.577,-12.633
-2.9726,-10.319
-2.0629,-0.031744
17.415,-16.59
-10.218,-13.066
-0.29513,-10.054
-23.551,-6.2575
20.269,-15.351
0.15079,6.6715
-9.1926,-3.1457
5.4177,-3.3273
22.864,-5.9151
-19.461,-3.0429
12.664,-0.12447
12.652,-0.13789
-6.7134,-12.456
6.0296,-10.485
14.679,4.7887
14.679,4.7887
-12.755,-3.1388
-16.212,-0.22536
-12.935,-6.4916
-8.9432,9.2421
-10.542,-10.142
15.512,12.567
12.477,-0.097577
-6.8512,-12.07
10.796,13.619
15.285,6.6456
-20.09,-6.2825
-8.3496,-18.371
21.41,-6.4328
13.054,4.3406
18.068,-0.61222
-2.4802,-11.548
8.0598,-11.447
-12.809,-1.2327
-19.365,9.0509
-3.8783,-2.1472
5.4985,10.92
-9.1361,-3.1705
10.648,-17.651
14.415,10.995
15.427,-1.2359
-5.4279,16.816
-0.27325,-0.13799
11.118,14.283
12.393,6.3405
-3.9147,2.5812
-4.0391,20.577
12.996,10.216
7.5152,15.909
12.384,-17.86
5.7676,-10.254
-0.32036,-10.086
3.2016,-12.159
6.4123,-16.236
-6.8099,-7.9149
-15.99,9.5392
-0.27663,-0.13677
20.247,-3.0294
-5.2535,12.935
-6.7396,-12.199
14.184,11.459
-11.169,-7.0864
9.4849,-0.30429
-2.9154,-11.23
17.997,9.5977
16.304,12.069
-1.9322,4.5947
6.4272,-5.885
13.476,-0.077494
4.6723,-0.45037
5.26,-3.5146
6.0747,-8.7649
19.459,-0.56604
18.873,-6.2008
-1.6034,-12.188
8.1961,-2.996
16.462,-9.5777
-15.58,8.436
18.973,-1.0098
9.5819,-3.179
-9.8152,-10.92
11.666,-12.774
-4.4953,-7.4881
-17.367,-5.586
14.009,-15.291
-11.909,-12.266
-9.9668,-6.4058
-9.862,-6.5204
19.727,-15.638
-17.237,-8.7852
14.207,10.809
16.799,6.5838
-4.3447,2.6884
-0.030576,-9.5392
-1.7612,13.423
10.751,-0.14458
-6.3833,1.0468
10.726,9.6639
-19.525,-0.092028
14.833,12.352
10.888,16.688
-12.941,5.1526
-19.505,-0.096748
7.528,1.1195
0.16205,0.088755
11.573,11.466
8.0235,-11.864
-9.3705,4.2057
-11.246,-7.1845
9.9593,0.25924
9.6875,-7.185
11.835,-4.2317
6.838,-10.684
-17.372,-4.1381
-4.4012,-14.65
-11.795,-7.6263
-7.211,-9.682
10.442,4.8591
3.1162,-11.921
-8.1873,-17.823
-3.5267,-14.38
6.3748,0.38904
11.758,-12.736
14.843,5.5869
12.959,16.274
15.867,-6.1909
-8.2623,-14.481
-2.3882,-10.465
16.798,-3.3942
-4.3817,2.7038
-0.2268,12.356
12.299,-0.013933
10.276,1.7339
9.0857,-14.226
-21.923,4.3303
18.938,-6.4238
9.1179,-3.176
6.7485,-0.68455
-4.2103,-14.68
6.5349,1.3293
18.561,-6.254
24.065,-9.0658
16.829,-3.4544
11.053,14.547
19.255,-9.908
-5.6205,-9.6106
12.798,-12.472
10.085,5.9478
15.589,12.487
10.035,0.31914
-6.7554,17.827
-4.7005,16.929
-4.6405,16.97
3.0428,-12.029
3.0551,-12.015
5.5816,1.0146
24.765,-7.7553
4.9871,-10.65
13.051,-0.16263
9.2614,-3.3628
7.2989,17.546
-11.631,8.3588
12.031,-4.3068
14.19,5.5706
-4.3885,2.6255
15.957,-12.158
2.1426,8.9327
12.954,-5.0796
4.1833,-1.2066
-16.989,11.498
-16.566,-4.2513
7.5786,-2.2509
19.085,-0.77773
3.1833,9.5297
12.005,9.0431
-5.8541,-4.136
-9.1629,-2.966
9.2112,0.58902
-9.1895,-3.0221
-19.376,-11.488
11.783,10.339
14.749,-3.151
-13.289,-5.8967
8.6559,0.90258
-12.762,-0.87899
-19.834,10.577
13,10.255
9.9874,-12.253
6.383,5.873
5.8038,-10.434
23.23,-5.7428
-13.749,-4.4714
16.123,12.538
10.89,5.0907
-6.0931,-6.5395
12.013,0.017543
-9.1579,-3.0279
-2.9522,0.0022373
0.54452,2.9783
0.51466,2.9747
12.581,-0.73395
6.4285,-12.24
-7.0989,-12.922
7.5119,-2.1311
4.2068,-4.3734
11.136,-11.554
18.788,-6.3537
11.491,13.841
-5.9692,-9.0159
-13.063,-6.3672
9.5881,-13.504
0.036864,-9.5224
2.913,-12.717
-12.115,-6.9496
-12.42,12.403
13.823,7.9438
12.571,-0.46309
11.911,9.2351
3.0973,-12.159
-15.905,-8.9732
-0.37726,-0.12616
4.8353,-2.6998
9.0054,-14.006
9.0122,16.431
11.632,0.22241
-13.201,-2.8477
-13.615,-3.2262
-16.755,-9.3522
-8.6589,-18.589
-17.639,11.235
21.252,-7.0001
4.3617,11.813
16.562,6.8054
12.261,8.8959
9.2601,0.026345
7.559,-2.555
-12.77,-0.91064
-3.6678,-5.1402
14.943,6.5548
-5.1719,16.668
12.838,-0.568
-2.9682,-11.13
9.4432,5.7311
-19.526,3.8154
-21.216,-1.5756
11.192,-1.391
4.1156,-3.017
17.115,-8.8722
12.25,-0.3129
-3.1502,-12.404
11.397,6.9219
16.455,-0.47017
11.08,-11.714
3.8787,-0.16185
15.45,-1.9535
-15.567,0.21807
19.552,0.17182
-8.0434,6.5792
13.958,-0.5639
-10.218,-17.254
-17.178,-0.24498
-3.3167,-11.506
17.304,-17.747
-11.306,-3.3614
-3.8123,-5.4839
9.5473,-15.315
1.1861,4.1716
-12.931,6.6605
-4.1535,2.6209
19.279,-15.625
6.6835,-1.8245
-6.0578,-9.4306
14.201,-12.534
-12.313,-3.6302
10.401,13.732
17.959,9.7608
4.5366,-2.3717
6.4984,-8.501
4.8232,-7.7917
-1.3388,6.2636
-5.7249,-12.43
-5.0149,3.6961
8.3498,7.3256
14.876,4.9115
-19.293,5.3159
-4.589,3.0376
6.8204,-11.046
9.1664,11.096
9.8189,12.083
16.493,11.618
12.245,11.609
21.411,-12.047
-10.042,2.3831
-5.8088,-12.331
6.9255,-11.108
-14.17,-9.2965
-9.6811,-6.197
-19.519,10.25
12.575,-0.12715
21.704,-6.0029
-9.8445,-14.391
3.7628,-3.2465
4.1073,-3.1835
13.197,9.5486
2.8851,1.7268
-8.1497,-17.668
19.425,-0.59722
-3.6902,-10.959
-12.716,-6.2898
-8.8033,-8.0112
7.4736,10.681
9.4433,0.052821
6.9036,13.65
9.8921,-0.15799
9.6014,0.1911
-4.8047,3.2814
8.1129,0.63869
11.311,-1.4397
16.379,-0.67312
11.738,14.532
10.764,4.4629
18.577,-6.2926
0.024403,-9.4759
13.704,16.161
12.224,-4.4319
1.1478,9.8317
-16.921,-10.646
20.613,-15.217
0.17264,12.217
16.837,9.9894
-12.005,7.2937
15.57,6.4611
-13.218,-3.6817
11.801,11.535
-3.3411,-3.1108
-6.449,-5.0335
8.4841,0.89359
-6.2615,-12.471
9.4782,0.0040624
-12.61,-11.373
-9.2929,-8.1149
-6.4557,17.127
15.467,0.91273
19.902,-11.973
8.5141,6.902
14.251,-3.0912
-10.531,-13.171
-7.1029,-15.222
3.154,-0.56281
11.642,13.874
16.071,6.0416
-11.15,-7.3482
-12.86,6.6043
14.978,-12.02
-16.048,-7.2946
-18.993,-0.29507
9.2556,-7.3738
9.3621,-7.358
-9.8365,-9.0293
9.2614,6.1107
-2.8129,6.1319
6.4019,12.434
16.011,9.7695
13.685,16.197
10.682,-17.173
-2.1337,-3.989
-10.068,-13.279
9.1795,-3.2447
9.5627,-6.8685
10.479,6.6519
13.02,9.3565
-3.0728,-12.873
18.367,-0.14729
12.798,-0.41196
2.682,4.7585
-12.502,-12.28
12.345,-0.31487
3.9927,11.292
9.3276,11.139
-3.451,-3.4468
-1.1724,7.3285
15.704,-3.2028
12.928,-4.7573
9.4232,5.2494
6.3782,12.966
8.9161,-7.1268
19.373,-10.752
-12.31,12.599
-20.221,6.1759
-20.924,-5.468
-11.669,-11.944
-4.2893,-0.74327
-15.558,11.722
-20.214,-5.7812
-8.1886,-18.789
-17.515,0.39655
-19.156,-0.049449
-9.1177,-14.167
12.757,-12.35
-20.933,6.5098
9.4046,-11.891
6.7253,-13.821
-17.51,7.2379
-9.6769,8.892
-16.1,-10.463
-16.948,-7.8816
-5.3322,0.16622
12.946,-3.3142
-5.8803,0.63666
-0.77877,12.634
15.151,-11.962
-3.7182,19.016
22.734,-7.3407
-7.1386,-15.274
6.0237,-6.2404
-0.81367,12.641
-12.789,-0.89154
-23.069,7.1274
-3.2504,7.3651
-3.3921,0.12826
-10.33,7.3226
20.278,-15.198
-8.5067,9.4017
-12.647,-1.5504
-12.107,12.66
-4.6281,17.102
12.132,-14.389
-1.5244,-10.711
-12.833,-6.2056
10.849,1.0145
10.836,4.8273
11.137,-10.697
-1.0149,6.1926
-13.176,-5.9703
-0.31821,-0.073139
9.5758,-3.5077
-12.057,12.65
-0.20652,6.0338
10.023,-8.3509
11.052,-3.1177
16.801,-8.1875
9.581,0.050264
11.618,-6.5344
-17.384,-4.8343
10.051,0.30621
0.12612,0.19013
-5.4137,0.26973
13.223,-4.5714
-4.8953,-5.9808
11.587,-12.734
-8.1293,-13.484
11.745,-12.812
-8.2318,16.787
-6.952,-5.9202
-7.8435,-14.267
17.228,-13.771
-13.562,-7.9871
10.546,8.1403
8.0681,11.753
-19.055,-11.596
-4.1362,-9.4035
11.514,10.012
-5.0119,-11.228
9.6158,0.071417
-13.76,-4.2152
-9.8728,8.0725
6.0744,-11.181
-1.388,6.2497
8.0814,0.54376
12.229,-4.4283
-3.4181,-12.651
1.2904,7.9378
8.3689,0.83807
10.065,6.2415
-12.493,6.8811
-6.5262,5.1374
-11.002,-7.0378
14.056,0.27641
-3.0105,-9.7246
18.853,-6.2259
-3.1439,-13.078
13.864,12.086
-4.3313,14.625
-15.601,-7.8543
12.263,-10.578
9.2813,-7.3517
14.26,5.6592
-4.2998,-9.8664
3.1226,-5.163
19.196,-9.2845
-7.428,-11.909
10.532,7.0943
-12.203,6.9763
-11.231,-12.621
-4.5445,16.28
15.622,6.5539
14.992,6.4564
-1.2527,6.3084
9.0766,11.61
16.206,12.35
0.24225,0.4399
3.3563,-4.9711
10.867,8.2055
5.8326,12.274
10.891,-9.8116
8.8679,16.471
-10.781,-13.068
8.6593,10.368
13.986,6.0491
-12.846,-1.0399
-12.634,-6.5308
10.838,8.0931
7.1356,-9.1941
-12.67,-6.4747
-10.034,-8.9917
-19.585,-11.184
-2.9063,12.469
-4.2924,14.634
11.046,15.297
10.384,7.0645
2.6291,9.3536
10.104,-0.39005
16.28,12.938
9.9563,6.3835
12.743,15.623
6.6894,-12.442
-13.048,-3.4089
6.4582,-12.61
-3.0579,13.002
-16.048,-0.31879
18.513,0.1839
14.382,-11.026
12.866,5.0771
10.242,10.615
6.0483,1.5704
-20.717,-5.3999
-7.181,-6.5205
-13.018,5.1319
-16.097,-6.3156
3.0849,-6.4914
-18.275,-10.329
14.149,5.5102
-12.869,-6.2826
-3.388,-3.3274
-13.919,11.067
-6.4561,4.4609
0.16265,0.039109
22.147,-9.483
-12.752,-2.7683
7.1073,-1.217
16.193,-0.73992
6.102,-12.585
6.4433,-6.0036
-3.8217,15.994
12.255,-17.365
6.8539,-2.0655
-12.235,-12.697
-18.908,-3.0243
-1.8984,4.0012
-19.015,6.2154
18.799,-6.2122
-20.211,-9.7677
-24.823,-8.2827
-11.28,-14.294
-0.19936,12.234
-19.89,4.0706
-17.027,11.771
-12.183,12.642
-10.391,1.1995
-5.3492,0.23583
-4.6138,-14.365
-14.975,10.036
-15.488,13.079
-12.243,12.587
-11.112,6.8587
-5.7309,0.53107
4.5923,-8.2961
-12.391,12.575
-1.776,-12.29
6.1031,-10.769
-14.786,10.932
-6.2459,17.575
-10.907,6.8888
-3.9498,7.8767
2.9772,-12.748
-6.3643,-6.2903
-4.0124,23.738
9.0331,-13.983
5.2362,-3.6176
-10.206,7.4662
-6.8039,24.39
-11.718,9.3207
-9.7365,7.7112
-9.9886,-9.5949
13.838,6.5576
3.1843,9.5196
-5.6782,-6.1648
-6.9591,8.5405
6.3647,-10.825
12.722,-0.45015
12.585,9.1507
9.0284,8.6018
10.081,-9.4713
-10.036,-13.292
2.7723,4.725
18.025,-10.791
-4.3467,2.396
-5.44,-18.918
-10.046,-9.0296
2.7881,4.7277
21.704,-6.003
-16.011,-10.118
5.4935,1.1836
16.009,-3.0399
12.571,-12.138
6.0263,0.88476
6.3748,12.267
11.363,-9.2627
9.5837,-9.3899
-3.5223,-10.96
9.6956,16.196
-4.7063,16.637
15.755,9.7598
5.8454,-2.7125
5.3419,-10.697
-7.1819,18.262
11.475,10.148
19.214,1.4593
3.9502,-0.9527
-10.535,-9.8533
6.5125,12.245
6.3769,12.458
-12.65,-1.7003
9.2708,0.024701
12.544,13.426
-7.9145,-5.3252
-2.6878,-11.13
7.9009,14.214
-0.94438,13.003
2.7092,8.5098
10.229,12.227
11.065,16.171
-13.135,-6.0319
0.80291,7.4482
-9.5849,-9.5644
12.322,13.287
-2.4984,16.216
15.749,12.479
16.233,1.1516
7.4803,15.986
6.4019,12.434
4.862,-9.5436
11.924,0.073366
13.2,-0.12568
16.608,7.5953
-12.213,-15.006
8.7012,-2.6498
3.171,9.519
-15.837,-10.282
1.6531,1.5805
12.786,-0.55358
13.536,6.64
-14.838,0.48488
22.551,-9.432
9.3682,18.024
10.651,4.1165
0.19676,0.3305
10.741,1.1007
-20.859,4.0183
22.626,-5.7643
15.618,-5.9108
14.759,11.009
12.244,-0.24902
12.286,-10.852
7.3505,16.053
-8.7991,-8.0317
12.423,15.671
-2.7441,-3.2731
-0.0367,12.461
18.516,0.26061
-12.811,-6.1392
7.8615,0.77111
-6.8609,8.3462
12.962,-1.2668
12.668,-4.6321
6.5286,6.0396
-6.9187,-8.0932
11.729,-2.7771
-3.9833,-9.3167
-3.4283,-3.3895
15.43,-1.8112
-4.8228,-9.04
-10.199,8.9359
14.29,10.661
10.857,6.7467
18.039,1.4066
-12.817,-6.139
12.291,-7.4283
-20.485,-13.307
-7.9812,16.851
-16.006,11.093
-8.1894,-18.79
-8.422,-19.01
-8.1913,-18.789
13.264,-4.5401
3.4742,6.5149
-6.4285,1.161
-20.485,-13.307
-12.163,12.644
21.211,-10.07
-12.359,12.589
-17.76,0.3794
-12.149,12.647
-6.8067,-6.2515
-9.0103,8.2485
-19.965,-5.7383
21.21,-10.07
-12.403,12.55
-21.932,-12.67
3.2046,-12.048
12.569,-12.107
-17.255,11.538
6.485,5.9641
-12.102,-12.101
-12.1,-12.104
12.85,-12.052
12.765,-9.9223
-12.262,12.597
23.962,-8.4072
23.962,-8.4072
-12.348,12.582
-12.524,12.512
-18.815,-3.269
12.535,6.4312
6.4754,5.9568
-21.932,-12.67
-20.366,-6.3627
4.0169,-12.417
-14.949,-3.7627
-9.7103,12.298
0.058426,-9.4117
15.564,5.3206
16.507,5.9394
7.358,4.6391
7.5984,-13.036
16.087,5.9581
14.588,5.7067
6.9993,-8.6061
-9.9002,-11.894
-9.9005,-11.894
16.044,6.0602
-13.952,13.049
-3.4869,12.807
-16.981,5.9051
-12.802,12.574
-6.8135,8.3584
-23.704,6.6669
-15.377,5.6908
-25.028,-7.8342
-16.903,-10.561
-20.355,-10.916
-0.50355,-0.095076
-19.716,-5.4577
-4.5169,-11.287
-18.503,-9.9672
8.794,-9.7636
-3.6311,-2.6896
-17.808,7.3476
12.899,6.3181
-13.587,-5.0482
-11.323,-14.201
6.1019,-6.6223
6.4066,-12.487
10.52,-3.5099
-11.495,7.4386
16.011,9.7696
-5.5342,11.871
16.566,8.5184
9.701,-3.1669
6.3917,12.44
11.305,-1.4894
-9.0655,-2.7432
-13.329,11.455
-11.038,-2.0589
7.456,14.044
16.831,11.374
9.8599,8.5764
-3.4933,-3.3668
9.2905,15.355
4.8772,-9.3474
-10.049,-1.7126
0.18303,0.33861
6.5468,0.58445
-10.967,-6.7655
6.4915,-12.512
-5.0923,-18.933
-1.363,12.502
-0.86154,8.6968
-5.6917,-6.015
7.2624,-15.605
-12.266,12.607
7.9097,-15.525
17.502,-1.7627
1.2234,3.6322
-4.2549,-9.1016
10.909,0.80419
-5.5073,-6.3302
0.014519,-9.48
-4.8832,-10.324
16.46,-3.2684
5.4528,10.918
-0.1765,12.239
-10.223,7.7025
-3.1569,22.655
-3.1441,24.415
0.0197,-9.4841
-6.8453,20.127
-6.3165,24.699
-6.3823,24.581
-10.274,7.5333
-6.6473,-18.793
-5.91,-18.963
-8.1546,-17.603
-4.7531,23.181
-3.1323,22.094
5.9028,14.373
-5.1418,23.508
-0.52549,21.622
-6.3503,24.613
-10.3,1.9644
-9.3473,8.8912
-0.26181,6.0251
-14.331,-0.13682
12.679,-5.8077
0.038311,-9.5257
-4.4503,24.134
-4.5955,24.1
-10.237,7.4495
-3.575,19.037
-3.1825,12.399
0.02632,-9.5224
-5.5091,-18.967
-6.8691,18.113
-5.0672,17.973
-12.501,9.697
-6.782,15.111
-6.8065,15.932
5.2978,10.858
-1.97,4.132
-12.476,12.56
-6.714,-18.777
13.361,-5.0451
-4.4616,-7.2385
10.707,-5.7231
5.5473,10.955
-3.7879,2.3336
-10.492,1.1656
-3.7595,11.551
-6.3676,24.736
-17.453,-8.6056
0.036566,-9.5379
-12.569,12.553
-2.2743,21.464
-3.6847,19.053
-0.48635,-0.093479
-1.3665,20.452
-6.4563,-18.642
-6.671,17.36
-4.3929,23.751
-6.8944,18.237
-5.4765,11.972
-5.6267,-19.041
-3.9903,16.972
0.017071,-9.4824
-4.1311,-7.6898
-1.542,-11.811
1.615,9.6659
-0.79928,8.5955
-6.3619,18.904
-6.4615,24.789
-6.3876,24.645
13.846,-4.2122
-5.3216,21.084
-14.541,-0.014954
-3.6515,19.063
-12.37,12.534
-4.0857,11.014
-6.7144,16.009
-13.766,11.536
-22.038,4.4374
-6.3311,24.838
4.1458,-11.379
0.033269,-9.5264
-17.442,-8.6133
-3.0829,12.591
0.96413,9.1209
-6.3935,24.817
-5.0042,22.869
12.908,-5.395
-6.2072,17.032
19.254,-16.6
-6.868,8.4054
-1.8995,4.1014
23.859,-5.7633
-10.602,12.521
19.486,1.5186
15.996,-18.071
-0.69232,12.719
-0.75198,8.8766
10.785,-4.7181
-4.3505,23.746
-12.562,9.6475
0.021473,-9.5045
-1.2222,-11.012
-1.2087,-10.964
-10.314,7.4578
-2.4422,16.241
-12.513,6.9057
12.8,9.2358
-1.3312,12.694
-1.3362,12.617
-0.68993,12.594
-8.9145,8.9794
-3.1261,12.261
0.20934,6.71
23.352,-6.2857
-4.4784,-11.071
-15.35,0.67525
17.018,-7.0748
5.4241,10.934
-24.142,-9.4078
-4.0651,17.721
-10.416,1.1326
10.683,8.9482
-10.198,2.3741
-12.671,-1.6956
0.97441,7.3534
-5.5345,16.154
0.010943,-9.5034
10.31,-9.0783
-3.4343,-4.9146
-13.023,12.486
-6.4867,16.273
-1.0148,-10.94
-11.917,-12.384
-1.7235,-10.819
-1.3785,6.2017
-22.885,-3.7674
-7.6665,21.388
-12.475,-11.914
0.75379,7.5411
-3.29,18.534
-2.77,6.0946
-13.401,-2.8848
12.3,-0.013943
4.9574,-3.6438
-10.786,12.475
-2.8201,-11.078
13.071,-4.9669
-4.2663,-10.998
-12.313,12.587
-12.781,6.506
0.014366,12.4
-0.79334,8.6045
-13.665,10.719
-0.068837,12.261
-10.677,12.525
-9.8844,12.8
-23.715,6.7547
-24.401,-9.9681
10.817,-5.764
-19.216,-2.947
-5.8101,-15.256
-18.964,-2.9473
3.0309,-6.4918
-15.456,5.496
-18.769,-2.6749
0.059568,12.25
-11.089,-11.886
-0.32095,-0.12997
-4.604,16.653
-0.4272,-0.094961
-11.638,9.2787
13.254,3.8443
-20.175,10.001
0.072811,12.35
-0.16113,12.19
0.045907,12.128
-4.697,0.56939
-0.24042,12.247
-12.523,12.483
0.083212,12.339
-5.263,21.088
0.095395,12.38
0.074376,12.35
-6.8331,-6.5289
-12.05,12.66
-3.0902,12.99
16.272,-10.926
-9.6707,7.8327
-12.49,-3.1704
15.964,-3.0318
16.453,5.8382
12.648,15.754
4.1068,11.392
-3.1372,-12.709
2.6522,-12.446
0.87682,7.6879
0.41683,0.25643
-9.8154,12.508
2.8679,-12.433
6.7574,-11.104
-3.1696,-11.83
6.5365,11.817
17.399,10.139
9.4419,11.134
-4.4501,2.9204
10.952,-10.856
-12.278,12.493
8.006,4.8143
17.539,10.203
15.362,6.6641
17.21,10.014
-10.507,-5.4908
-3.0524,12.971
-5.3366,3.6049
12.576,-0.15542
-2.6342,-11.278
-5.8746,-6.3416
-20.263,-6.0039
16.642,11.193
0.031627,-9.4639
0.8391,10.883
9.6805,6.3034
9.3708,9.5225
9.7192,18.528
10.208,16.182
7.543,14.473
11.732,9.1619
19.82,-9.685
-4.4431,13.743
-4.4651,13.732
12.491,-0.8248
15.441,-1.9254
-8.0889,5.7684
13.75,6.7267
-20.311,10.045
16.608,-8.6086
6.6015,-11.395
18.041,-1.6597
6.4572,-6.1287
6.4572,-6.1287
13.557,-3.901
13.806,6.4967
10.7,11.646
9.741,15.622
10.958,-3.6649
-3.7794,18.262
-6.1638,16.054
11.618,-6.6059
-12.433,9.2739
-1.1833,6.2945
-9.5465,12.702
11.989,6.1188
13.075,-3.586
6.1432,5.0363
6.243,12.682
-1.7308,18.892
-16.855,0.071486
9.3554,12.068
14.419,-11.711
-25.06,-7.3043
0.093214,12.497
10.696,-2.9578
-9.7205,12.86
-12.882,-6.2801
6.5633,-5.938
-23.578,6.7112
-0.25755,6.2419
-7.9137,7.4011
9.564,9.4178
9.5604,1.4042
-10.415,-14.981
-22.164,4.7758
-17.419,-4.3331
12.425,9.5381
1.8978,-0.090083
-15.17,-4.2133
12.763,-0.18614
10.085,11.119
7.6373,-11.869
8.2757,5.3227
-13.964,-8.7826
13.361,-5.0451
24.772,-6.1412
-2.0504,-4.0171
1.5594,9.3523
7.0225,14.237
9.4843,18.372
-14.331,10.939
-16.527,-0.25676
-0.41303,0.023715
-0.51988,-0.3635
10.434,0.24113
-0.15337,10.988
0.098578,0.24438
9.1859,12.229
-9.6883,-9.5502
0.87034,10.929
12.851,5.8152
-17.51,7.238
14.107,6.2027
-18.779,6.1445
8.0052,11.802
12.499,-10.077
-6.0121,-5.1685
-6.6221,-6.2781
-4.2639,-14.013
-18.721,-3.703
2.3686,6.6156
-12.988,7.173
-12.156,-12.704
13.69,-3.3902
4.8834,2.1767
-5.0384,-5.9408
12.647,-5.8906
3.2469,-6.5211
10.247,5.0974
-2.9957,6.3552
-5.9735,3.805
12.98,8.0282
-3.3209,12.317
-0.55216,-0.22135
16.427,-10.45
3.2019,-6.3377
3.8487,-0.36008
12.749,7.3029
0.38279,13.357
11.204,-3.1405
-0.24813,0.20485
-0.38595,-0.035866
5.9634,14.594
9.5872,-9.3862
18.426,-8.8178
-23.108,-5.8841
-19.975,-3.0747
-4.9155,-14.978
12.677,6.2536
-6.6069,15.739
6.7574,11.953
0.11611,12.486
5.1419,-9.0981
12.355,8.3666
-5.6093,-9.5828
-11.481,-3.748
-8.8754,8.2792
-1.6818,18.972
-12.338,-4.1487
6.9486,-1.0311
6.6386,-12.251
-2.8926,0.043057
-15.629,8.5554
-15.045,9.2363
-22.683,7.4328
-12.372,12.354
-16.335,9.478
-18.98,-4.7619
-22.143,-7.0989
-14.946,-3.1277
-10.662,12.428
-12.773,-0.89229
-15.488,13.079
-10.667,12.694
-21.961,-7.0358
-12.936,12.025
-14.911,10.535
-19.17,-3.0419
-17.911,-3.9058
-18.872,6.4198
-19.92,-3.4803
-18.967,-3.2824
-13.643,11.323
-12.477,12.361
-17.007,11.609
-19,6.2402
-10.197,12.793
-24.999,-8.7848
9.5453,-12.272
-19.637,-3.2277
-13.59,-7.9263
-9.347,8.7532
-9.5934,8.9174
-9.5353,8.9374
-15.06,-2.8856
-16.591,5.8117
-17.567,-0.40113
-17.56,-0.47975
-14.516,0.18986
-9.6486,12.706
14.574,-14.688
-15.833,9.046
5.1141,-11.517
-20.125,-5.8601
3.0405,-12.833
-15.449,5.6523
-24.412,-10.024
-24.422,-10.026
-14.541,-0.014998
-1.7469,3.6359
-17.257,-5.1699
-15.396,5.8652
-2.2766,5.3348
-12.732,-6.3391
-15.398,5.695
-22.227,7.5964
-18.439,4.3811
-12.325,9.3476
-23.023,-10.213
-20.925,-7.1718
-9.7358,-9.4399
-1.8651,3.8816
-1.916,4.0983
-14.115,5.3556
-13.305,6.9017
-15.27,5.3419
-9.563,12.351
-12.881,-5.1655
7.9995,-15.481
-13.702,-4.7899
6.1268,-12.531
-10.989,-10.046
-19.313,-3.0813
-17.472,-4.9486
-14.153,5.3743
-21.581,-9.0198
-21.858,-9.0092
-14.079,-9.6091
-13.183,-10.829
11.036,-17.402
-19.4,-12.307
-8.8062,-8.6697
-18.774,4.5427
-9.6015,12.509
-22.974,-5.5857
-18.285,-8.4521
-15.352,5.523
-9.5584,12.712
-6.6213,8.3276
14.107,-8.2935
17.244,9.1466
-20.463,7.8898
6.778,-11.239
17.714,9.0457
-11.106,-7.2038
-11.373,7.337
-12.849,6.5735
-15.139,0.39023
-14.458,5.9044
-22.71,-3.7719
-17.453,-8.6056
-7.6604,-9.4784
-16.202,-3.1601
-18.6,4.4678
-19.175,-12.334
-17.115,-7.7161
-22.93,-5.8565
-15.073,5.3782
-8.5342,8.7542
13.541,-11.478
-12.371,-5.033
13.963,-11.605
6.1866,-11.722
8.4356,-11.463
-20.364,-6.6781
-10.538,-11.445
9.1358,-13.985
14.274,-11.66
-6.7273,-6.2904
-7.3055,-6.5513
-21.492,-9.6983
-16.089,-6.3343
-7.0119,-5.9328
-17.451,-8.7418
-12.814,6.6733
-6.6123,8.32
16.335,5.9347
15.714,-9.4484
15.964,-9.3204
13.949,-11.82
8.7257,-10.325
13.205,-11.544
15.014,-13.015
15.62,-12.176
15.135,-12.996
-22.786,-9.5975
-20.952,-7.3143
21.046,-12.132
-9.8357,-14.702
-11.078,-14.728
-9.5286,12.646
-7.4776,18.388
-9.5375,12.485
11.094,-17.632
10.213,-17.798
-14.711,7.6498
-15.911,-9.5134
-14.43,7.9012
-14.399,7.937
-14.752,7.5248
-14.752,7.5248
-14.717,7.4912
12.236,-11.242
7.9613,-9.9585
5.988,-10.296
3.423,-6.6598
18.93,-0.50473
15.843,-11.726
-1.3645,6.17
-9.8033,-3.3265
23.535,-5.763
23.562,-5.7547
-4.6382,-7.1677
-8.976,7.5123
-6.8025,-5.9869
-21.325,-9.6376
-16.066,5.5156
2.3675,0.89356
-21.459,-9.8712
-20.285,-10.086
-21.316,-9.6568
-16.673,-9.7818
17.093,-10.859
8.9022,-7.3888
18.09,-16.349
18.65,-10.613
-6.1395,-18.828
8.9,-2.7312
-5.476,-6.3669
-5.6043,-6.344
-4.6882,-10.406
-3.6169,-2.792
1.6898,5.1415
-6.567,23.98
-6.0787,-14.93
-5.9966,-14.945
-5.7725,3.7862
-6.5462,18.883
6.7408,-8.2712
10.454,-8.6728
15.676,10.447
3.4752,-0.12939
18.665,-6.2564
13.398,9.5687
18.655,-6.2357
12.61,-4.61
18.736,-6.2435
18.636,0.84231
18.812,-15.79
16.602,12.334
-6.9845,17.997
-6.381,24.521
-4.997,23.547
24.438,-9.6957
-8.1125,6.8251
-5.3979,-14.736
-6.3168,24.699
-4.9851,-2.3975
-6.4516,24.971
-14.863,7.3013
12.698,6.3111
17.749,-6.6551
-0.1638,6.008
12.587,-4.7045
16.243,12.793
-0.21303,5.9768
18.777,-6.2391
15.138,-4.1169
17.97,0.083773
-4.455,-7.1879
18.909,-6.2244
18.84,-6.2164
0.017479,-9.5023
-6.4831,-18.691
14.473,-0.50247
13.496,-4.4374
-7.5663,5.8971
-4.0225,-12.921
-7.0845,14.905
-3.7815,24.017
-6.3646,24.814
-7.0527,16.429
-6.3893,-4.8175
-4.0667,-1.8911
-3.3554,0.037664
7.4487,0.74799
6.2765,-6.2321
13.071,16.083
18.59,1.6523
11.382,-6.0408
14.024,-0.32487
0.18633,6.3673
15.097,-3.9417
11.278,-6.2455
-6.2887,-18.623
15.94,12.587
15.969,-18.131
-6.2012,18.88
24.326,-8.1861
24.61,-8.1637
-6.6968,18.899
0.02801,-9.5191
-3.4028,21.94
-3.3866,24.565
-3.465,22.2
-3.1986,22.544
0.028557,-9.5078
-4.7612,3.0714
-6.9751,16.024
-6.868,24.549
-0.67078,9.9739
12.251,13.307
12.712,12.874
11.924,17.791
-2.1144,7.5992
18.473,-9.7088
16.828,1.3109
14.444,-0.66043
18.15,-1.1429
9.3291,-3.4868
14.705,-3.5577
15.799,-0.20395
-4.5133,-6.3089
-6.9126,14.849
-6.9001,-18.735
-6.7247,15.75
-5.6665,-5.0499
-3.2573,-3.2785
-5.6137,0.46226
-3.1252,22.066
-6.97,15.006
10.784,-5.8005
11.028,-4.0423
10.931,-6.2386
-3.6524,19.057
15.757,-3.4563
-1.146,7.8346
-3.6144,19.05
-3.7793,19.262
-6.639,17.54
-0.64907,10.031
14.336,-4.085
10.719,5.2445
-3.5285,18.871
9.2932,5.838
0.0251,-9.4737
3.2852,0.013436
-0.49113,6.2283
-5.4174,18.984
5.969,-1.4253
-0.58153,6.2304
-4.6986,0.085575
10.347,-6.8836
-2.2944,7.7161
6.5523,-0.33173
-6.8021,14.592
-1.7243,20.696
-7.4806,15.983
11.668,7.4916
12.919,9.8801
12.804,-0.082422
6.8585,-0.84812
0.032054,-9.5245
1.5277,1.4567
0.53515,3.2676
1.3373,1.3277
-3.3004,18.698
-1.6082,20.553
7.7303,14.8
-0.80823,8.5007
12.807,-0.079074
11.293,11.467
-1.2556,20.383
16.045,-3.0602
-0.55618,-0.20521
-0.63741,10.191
-2.193,7.7488
3.5468,3.1805
-0.81826,8.6063
-1.2988,20.338
1.0718,1.0792
-5.6944,12.021
-2.8948,-0.0095627
9.1493,18.008
-1.1311,8.0732
-5.4137,11.88
-5.4137,11.88
-5.1282,11.534
-4.8092,11.303
-4.9196,11.391
-4.9759,11.417
-0.53101,-0.084043
-0.5548,-0.17127
-1.1485,20.29
-0.6318,-0.14662
0.049563,6.5402
-4.7646,10.815
-4.0337,16.421
-5.4732,12.054
-5.4772,12.078
-5.4016,11.873
1.2942,7.6593
-5.5101,12.245
-5.4208,12.009
-0.48001,-0.04458
-0.52035,-0.16639
1.1858,4.1738
-0.31003,-0.13394
-5.4261,12.39
-0.11712,0.18415
-0.5136,-0.14442
5.4049,10.777
-3.5129,11.52
-3.4439,11.485
5.9139,14.339
-3.4949,11.572
-3.4707,11.679
-3.4669,11.77
5.481,10.947
0.16841,0.75627
-4.4154,10.465
-4.2665,10.342
0.76069,6.4987
-3.2582,12.369
1.438,9.0962
-4.3128,14.129
-3.7528,11.501
-0.13913,0.24679
-0.51417,8.9616
-1.395,12.418
-1.3221,12.445
0.80544,9.8226
-3.0311,12.425
-3.1532,12.256
-3.0875,12.661
1.5844,9.4916
5.9526,12.153
-3.0578,12.723
-2.8984,12.772
-1.428,12.714
-1.3216,12.691
-1.2246,12.677
0.091776,12.469
-1.3303,12.76
0.023469,12.344
-0.51055,-0.10036
-0.61824,12.541
0.01955,12.412
0.11634,12.485
0.12814,12.6
-12.216,-2.7757
-8.8041,9.1145
-10.181,7.5713
-9.9789,-8.5909
-11.738,-7.0723
-10.116,-9.1017
12.822,-13.927
13.8,4.3411
-8.727,7.5532
-7.453,18.251
-8.1443,-17.727
19.076,-9.5242
9.1432,-3.2806
0.0030717,6.4332
-1.1799,8.1
12.191,10.593
11.662,16.964
16.974,1.4962
-3.8553,19.215
6.6482,-0.71565
9.3285,5.8864
3.5467,3.1806
0.7858,8.2702
-3.2306,12.43
-0.32871,-0.076215
1.2281,9.821
-12.275,12.487
-0.072943,6.3775
0.14104,12.203
-12.256,12.609
16.062,-12.732
-6.8293,-12.788
13.875,5.6229
9.56,0.13846
-20.26,-5.8577
-6.5081,4.2216
-21.549,-10.97
17.987,9.8345
11.269,-10.91
15.099,5.9477
16.035,-9.2471
3.2603,-6.3934
18.982,-10.813
14.02,-8.8684
-8.6577,-14.895
24.078,-5.399
-6.1561,0.78476
-6.434,-12.03
-8.1576,5.6868
17.424,9.6785
14.428,10.89
15.222,10.549
5.6001,-6.558
-12.008,-5.1366
15.966,-18.136
0.015701,12.324
-16.623,0.35771
-7.7573,20.826
16.595,5.7395
-6.3992,15.168
1.4846,9.7845
-8.063,-14.667
-8.4284,-14.662
-1.5655,-12.077
-7.6692,21.808
19.381,1.629
-8.4282,-14.662
11.766,5.7966
0.096203,12.476
-4.6817,3.3081
-6.6832,17.513
-4.9623,22.97
-13.029,12.554
-23.457,6.8246
17.027,1.5402
-0.10889,6.0911
6.2655,-6.6956
0.94828,0.47296
-0.088911,12.333
9.517,9.5708
-15.259,-1.5734
-2.3546,0.2296
-4.1129,24.406
-9.5565,-3.6707
-13.814,6.1488
0.09791,12.391
0.3824,13.349
-3.6362,13.427
-9.9357,8.0652
-0.041697,12.35
0.41757,13.452
3.8487,-0.36008
-1.7109,3.9248
-12.109,-12.728
-10.181,7.5713
10.557,-3.6026
0.4157,13.448
0.39599,13.389
0.01457,12.389
10.492,6.9255
-10.286,-14.442
-10.977,-9.0349
-15.374,5.6227
-16.259,8.5054
-0.072947,6.3775
-7.668,21.869
-21.853,-12.758
17.754,-17.196
11.08,-11.386
6.2617,-8.5089
6.2617,-8.5088
16.268,-3.1617
0.022847,-9.5372
12.368,-17.783
12.368,-17.783
0.32675,6.8254
4.5662,-9.397
-12.377,10.312
-13.287,11.983
0.1064,12.496
-22.885,-3.7674
-22.885,-3.7674
-19.778,-0.065563
-0.86795,12.804
12.691,-15.115
15.797,6.7331
15.797,6.7332
-10.199,8.9359
-8.2129,-13.427
-8.2129,-13.427
12.099,11.747
12.092,11.751
0.088989,12.514
13.577,-12.434
21.863,-5.9834
-18.724,-10.822
-18.728,-10.821
-23.689,6.3837
-10.034,-8.9917
-6.787,23.565
4.6065,1.0601
4.6063,1.0601
4.6063,1.0601
4.6063,1.0601
9.3069,11.941
9.3069,11.941
-16.104,-10.909
-16.104,-10.909
-0.11641,-9.3213
-7.668,21.869
-17.152,0.26817
-16.536,0.15758
-16.488,0.077746
-16.488,0.074814
4.6001,-3.1515
10.423,-8.2341
10.423,-8.2341
-5.8746,-6.3416
-5.8746,-6.3416
-0.6852,6.1629
-9.9207,-8.6365
15.467,0.91273
-8.4669,-14.528
15.641,-10.674
15.641,-10.674
-10.491,1.1847
-3.3566,-3.3487
13.917,5.7096
13.917,5.7097
19.832,0.95395
19.832,0.95395
-15.085,5.5755
13.094,-10.431
13.094,-10.431
-9.2287,-13.593
-4.9662,-5.9442
-5.6527,-4.9501
14.449,0.45365
3.9777,-3.2559
-5.2663,-6.3216
19.087,-6.2128
19.087,-6.2128
3.1993,-6.3264
2.7725,9.4114
12.758,-0.75817
-12.448,12.485
0.49397,13.564
0.12926,12.55
2.543,8.4574
10.038,16.136
6.4958,12.693
9.1124,17.955
7.5019,0.81286
1.7769,9.0899
8.6365,11.508
-11.199,-5.8378
22.859,-5.0693
-12.283,12.561
-6.3739,-4.8327
9.2014,14.844
8.2185,0.83697
5.7948,-9.4835
8.4401,0.83973
9.3173,9.2019
12.095,16.044
15.311,-2.1833
-3.2919,12.475
4.2361,-4.3791
2.1684,1.1265
-2.0971,7.8137
9.9168,9.38
-9.7939,8.7289
0.48856,0.22811
2.6868,9.2959
11.517,7.2092
4.0067,0.092636
10.778,-15.04
0.022126,-9.4432
9.083,8.9519
0.081855,12.497
7.826,15.846
10.688,-4.5789
-7.4251,7.7007
-0.42145,-0.1739
-1.8171,13.626
0.012944,-9.5113
0.39772,13.4
6.4811,5.9488
10.64,-4.3266
15.065,4.9166
6.5235,5.4178
9.965,-6.3013
7.9838,15.64
13.882,4.3961
-4.8351,3.2766
-0.027368,12.403
0.58831,10.359
12.663,-4.6142
9.0919,0.81699
-25.481,-8.2061
10.541,16.074
-4.8365,4.2112
9.4868,13.18
11.67,7.1644
-7.1122,5.1418
-10.223,7.7051
6.4018,-6.1964
3.1831,9.4716
10.221,-2.2644
-8.5828,7.3209
13.687,-15.588
12.474,14.99
12.897,5.0143
-0.10791,0.2101
-6.8757,-6.0511
-12.865,-6.429
-4.5202,-14.041
-6.6248,-12.239
-13.147,-10.776
3.1046,8.9284
-12.785,-0.88764
2.7687,9.3697
8.2035,5.1192
6.574,5.9655
-12.757,-6.4433
6.8358,13.806
4.7975,-0.49489
9.6243,-13.562
9.2237,-8.9248
12.363,5.299
10.484,4.0817
-14.735,0.4995
-1.3569,6.2199
-6.4602,-4.9218
-13.494,-8.3547
10.402,4.0066
-10.524,8.3233
12.009,16.415
0.51704,3.0114
0.384,13.355
6.7217,9.8212
7.5982,-12.998
0.11046,12.479
7.5283,6.7254
2.6369,0.35445
-0.98876,6.2263
3.1271,9.4628
3.6891,0.31446
7.4013,14.199
6.2693,5.9514
3.9672,11.244
-13.494,12.634
12.332,-11.054
10.325,-6.2238
15.301,-1.9888
-10.096,-1.7176
-3.1149,-3.3833
0.68513,3.1895
-1.3578,6.3657
6.4152,-5.7726
-22.483,-9.773
9.7914,17.961
7.9241,1.2888
8.927,8.0421
0.047647,12.464
-10.708,7.7074
-2.8028,-3.3098
8.9788,-9.2615
0.089306,12.505
-2.6211,13.323
-13.394,-4.1582
-0.20384,0.26947
10.68,-3.6588
-1.375,6.6591
10.927,0.13316
7.243,-15.69
6.3776,12.935
-4.7975,3.1261
9.7884,15.746
12.292,15.931
8.6012,9.2918
-7.3308,18.115
11.008,0.77595
2.7251,9.3848
7.5202,10.073
11.334,17.379
-13.506,-8.4298
9.737,5.4859
9.4404,15.592
-1.4706,-11.86
-1.8237,13.462
7.1719,6.0367
10.81,4.7441
6.3982,12.962
11.304,-7.9069
-0.74296,-9.6966
-0.43411,0.26265
-11.185,5.2278
12.334,5.3339
2.7713,9.4519
6.1432,-2.2368
10.07,18.089
-0.11875,0.31676
-3.2151,0.089976
-12.496,12.543
-7.1949,-4.5941
-8.4088,7.3625
9.6535,9.0326
-22.972,-3.6737
-6.8295,-12.788
-5.971,-18.844
-12.892,-0.89245
12.425,-0.40197
-18.274,7.2524
-2.4379,16.259
-0.39155,8.7239
-6.2582,4.4434
-7.8469,-17.239
-14.391,-5.3059
3.6855,0.014414
0.04162,12.251
0.081387,12.376
-4.1258,2.6202
-7.2958,-11.144
-4.505,2.8934
0.070233,12.243
-14.824,9.1198
-6.8533,8.3983
-4.3202,-14.438
-17.84,4.1652
15.719,-3.7311
-15.887,9.1332
-10.589,-13.113
23.962,-8.4071
-0.7866,12.615
0.027667,-9.5218
0.057186,12.261
-0.74098,12.753
-3.3457,12.177
-9.8262,9.4891
-6.7392,-12.592
0.1329,12.554
3.2695,2.9232
-6.8057,17.736
-3.2464,12.026
7.4585,6.5888
11.901,16.569
9.0278,13.217
6.4837,12.427
9.3565,-6.8394
8.7879,15.223
0.042152,-9.5058
6.4112,-12.387
10.529,11.963
-6.6401,-14.903
11.031,0.07037
-3.0123,21.898
-19.807,-11.788
5.4523,10.917
-1.8088,3.7964
15.674,-3.2019
15.996,-18.071
-1.8476,20.918
16.269,-3.1617
12.794,-5.7873
-2.7637,21.777
-4.2511,-7.4742
-13.42,11.154
-12.816,6.5156
-0.69131,9.9813
-4.1719,11.138
-0.095853,12.288
3.0813,-11.989
2.4924,0.3551
3.0714,-11.922
-5.771,4.7674
-12.622,-1.7315
0.035648,-9.5046
-0.23178,-0.11483
0.10078,6.6969
-1.1292,-10.97
-1.1093,-11.003
-10.527,1.192
3.2667,9.5358
-4.9643,4.0459
4.6374,-8.469
16.494,12.038
-0.87932,13.039
-12.391,-12.199
-16.707,11.696
-1.6406,3.3278
-16.581,12.723
-11.495,7.4387
-3.7124,-5.4394
9.1601,-3.0928
-0.77743,8.9725
3.0308,-0.18248
3.1245,9.5149
-12.298,12.514
8.7543,16.19
6.7761,-8.3385
11.409,-9.1997
-6.426,-5.0063
-5.8551,11.16
6.8745,-0.71627
-10.199,8.936
11.642,13.874
-5.2199,19.064
6.7462,13.561
-0.92348,7.1586
10.408,8.097
12.429,4.6474
14.26,5.6594
-12.337,-12.523
6.6993,11.998
-0.4358,0.0091954
-0.3485,0.095848
-3.2387,12.204
-19.235,-0.049633
2.8609,9.4227
-0.068705,12.275
6.4687,-6.2144
4.6306,-10.957
14.744,11.081
7.9766,15.824
-8.5778,16.546
10.841,5.3115
10.713,17.763
6.391,12.972
15.702,6.3425
-3.3626,-4.8412
-6.7879,14.943
11.772,16.531
-1.2996,7.7443
13.666,9.2591
9.9371,15.86
12.046,8.3148
-0.20904,-0.080085
9.4628,13.204
-0.080958,6.0999
-5.9038,11.149
3.6594,3.3666
-10.252,2.2613
0.12826,0.32563
0.40573,13.434
2.8691,9.4476
-7.0099,-13.636
-12.596,-3.1942
7.8139,9.0922
-3.0672,-11.028
10.88,0.78765
-16.601,-7.4406
-18.339,10.52
-3.3044,13.209
13.728,-12.487
1.6293,7.7018
19.546,-0.53979
-3.5316,-4.9885
-2.4523,16.236
1.414,7.7086
-1.165,13.112
-17.155,-7.2748
9.2177,-2.8017
6.3751,12.964
-9.7814,-8.7105
-9.0769,7.4428
-3.4272,11.628
6.5364,11.817
10.22,7.1099
-4.3544,10.367
-0.23933,-0.20585
0.00027113,12.354
0.077965,12.253
0.10797,12.23
0.09656,12.408
-1.7835,13.517
-4.96,16.805
-0.64908,10.031
-7.7809,20.592
-4.8711,16.012
3.247,9.5298
0.054353,12.232
1.3412,7.9521
3.2432,9.5263
-5.6525,24.975
-0.23226,-0.2164
-4.4851,10.49
-1.0011,12.424
-10.322,-1.0989
-3.3653,12.919
0.14536,6.6734
-18.075,-8.5884
18.677,-5.9831
1.6059,9.6896
-11.205,-7.7249
-0.068302,12.27
-9.5259,12.741
16.428,0.8117
-6.1938,-11.074
10.844,-17.147
-7.6502,21.11
9.1509,12.662
-0.56944,-0.13012
4.406,10.366
-12.4,12.556
3.2454,-6.4798
-2.5318,7.7417
11.898,15.937
10.755,16.073
8.056,5.9889
8.6092,13.325
-3.9112,-3.6753
-7.6586,18.651
-10.483,-0.81856
6.4787,-12.302
9.0396,7.5442
0.14386,0.30884
-2.5783,-12.692
-0.11878,6.181
7.9726,14.243
0.036878,-9.4228
3.8944,-0.021254
-2.886,13.284
9.0524,-0.10024
2.9845,-0.086331
10.386,1.6565
-5.4837,12.251
-7.8638,5.2166
10.758,15.738
6.653,12.005
2.4709,-0.28936
7.6579,4.7297
5.2687,1.6849
-6.3831,-4.9754
9.68,18.182
6.3842,0.39037
8.0442,0.82682
3.9051,-0.79507
10.883,4.9317
-12.74,-10.905
11.332,7.8614
7.0998,0.56924
-10.771,-3.0148
8.8449,17.042
2.8999,0.52263
3.0621,0.6259
1.1269,3.4826
-3.7282,-2.081
7.9209,9.2142
13.619,-11.973
11.33,17.072
-1.8907,13.292
0.13922,12.572
0.3992,13.408
10.898,0.83198
9.1738,18.187
13.767,-12.629
7.6435,1.6097
-11.881,-2.5482
11.188,14.387
-6.457,-4.8809
17.613,-1.7692
-2.8107,-10.589
9.9552,11.399
0.11517,12.481
11.189,14.221
-1.5073,13.542
6.4954,-2.6534
0.14787,0.046429
1.5139,7.5981
-6.3513,-5.017
2.784,9.4345
-2.4693,-10.225
-5.9786,11.344
14.058,0.4151
8.269,6.893
15.528,0.22757
17.389,1.4315
-0.10741,11.036
3.9286,0.13625
0.13589,12.553
0.10627,12.46
3.4258,3.0277
12.118,5.2338
-12.645,-1.9439
-1.7505,13.445
0.54885,3.2228
6.3119,-6.4109
2.6839,6.7047
9.3378,9.5728
13.95,6.0726
-6.4029,15.784
8.983,6.5686
1.6296,9.5215
0.40506,13.433
-8.011,-5.1147
10.528,-3.4544
3.8994,-0.86803
9.3398,17.779
-17.678,11.271
8.152,5.71
-6.0038,10.743
10.572,17.962
12.526,-0.20331
-8.4952,9.3959
6.5807,11.88
12.654,5.3901
-5.1655,-5.8219
10.865,-7.8077
-4.479,3.6749
11.224,-9.3203
0.37447,13.324
-7.6002,-8.2256
10.365,1.8474
-4.1783,-5.5315
11.075,9.3534
11.807,-12.736
-5.6097,-6.1363
7.9961,5.8613
6.6116,-0.64101
6.5422,-6.0841
-6.5883,5.1401
9.6623,18.531
7.6149,9.0713
7.0012,6.9849
-14.761,0.78162
-0.11314,12.451
6.7265,12.085
6.5102,13.082
10.936,5.0086
-2.2629,-11.555
0.41837,13.454
8.1253,6.6758
-10.56,0.84556
11.724,17.679
-3.0391,-4.631
-10.304,5.2059
11.005,17.499
1.4589,9.6711
-0.067339,0.30673
-2.0584,7.774
9.1061,0.12379
5.2687,-0.6337
-8.1651,-2.1467
4.1984,-4.3939
7.1481,10.256
0.39213,13.382
13.008,16.196
6.1085,5.6509
-6.9756,5.1263
6.6639,-6.172
0.17309,0.16772
9.818,1.8142
-0.34679,-0.028829
10.991,17.363
7.2786,6.2291
9.8482,16.621
-0.039393,0.268
6.4697,-12.712
-5.9229,-4.8831
6.1813,12.336
17.327,2.1012
0.42231,13.448
0.49549,13.632
9.0193,16.466
-9.6556,12.734
7.5423,14.416
1.4529,9.8331
10.041,16.069
6.6522,6.0111
13.811,4.5135
6.3463,-5.9588
12.623,7.656
4.206,-4.2371
9.3557,8.7304
-18.977,-0.19291
-6.0036,-5.0874
-13.966,-2.8208
6.605,-6.069
7.5283,-9.6453
12.802,16.102
12.086,15.879
11.117,17.362
-7.0504,-5.884
7.5951,6.4731
6.372,12.316
0.4819,13.588
3.7503,0.010501
12.324,5.262
0.39912,8.4786
9.3017,9.4973
6.3541,5.7688
-0.20278,-0.094606
-0.34232,-0.11244
-16.902,11.041
-6.3155,-4.9987
2.5298,8.7635
0.12896,12.042
12.331,11.464
-12.409,12.428
10.673,1.6408
3.4051,2.9222
9.2102,15.298
6.1771,-6.5539
4.6591,0.53522
-2.1618,7.7171
3.8408,0.023868
-5.9243,-5.0779
6.7674,11.642
7.4247,7.6286
11.932,16.409
9.0322,16.598
9.4727,13.101
3.5677,8.8952
9.794,16.952
11.161,17.08
10.037,18.199
9.5825,0.466
-0.10871,0.16208
0.057512,12.353
12.365,16.173
9.5192,18.15
7.3842,7.5955
-0.04659,0.30793
11.282,13.975
8.1398,6.8669
0.061474,12.188
8.3239,0.83024
3.2311,2.7811
9.7808,1.7158
6.5316,5.6371
10.029,18.156
9.4988,9.3545
0.074875,12.253
8.853,5.3387
8.8253,-0.29846
13.108,5.3042
-3.0481,18.367
0.4157,13.445
0.93507,0.59678
-6.3944,15.308
0.093492,12.497
0.060354,12.319
-10.758,1.0833
12.149,7.5696
0.11295,12.511
6.3174,-12.055
0.11872,12.518
-16.737,-5.2517
9.1402,9.8653
11.475,0.27848
12.377,-12.171
6.4574,0.41194
-6.5297,4.4092
13.076,-9.3977
6.4858,0.51063
-10.731,-15.141
-12.129,-14.593
2.6552,-12.434
-10.315,-10.998
7.0219,10.127
-3.7124,-5.4392
