-11.647,-12.748
7.4019,-7.1968
3.1079,-17.376
6.0512,13.081
-7.5928,-11.728
0.011458,-12.906
15.324,-0.026693
16.254,1.0864
15.541,0.45798
7.646,8.1012
8.3529,-3.1219
-2.9882,-23.356
-2.9391,-5.7229
3.6646,-5.5198
-4.3698,-19.256
17.38,9.772
-5.9821,-18.455
-4.2373,-20.086
15.069,5.6027
0.64522,-17.362
-6.0016,-17.982
-2.3309,-19.051
0.45719,-9.3096
0.015542,-18.121
0.17813,-24.465
-0.13424,-24.423
-0.019111,-24.273
-10.064,-9.6461
5.9792,-6.4811
-0.34028,-12.56
0.37058,-24.106
-4.8165,-20.645
11.124,19.278
5.1891,10.438
-16.66,11.118
14.679,8.4712
3.5475,7.673
-6.4777,3.7887
-9.2809,12.557
-11.642,-12.803
-6.5335,-6.3996
-6.0665,-17.878
0.69609,-12.481
0.32836,-14.454
-1.4566,-15.888
0.26658,-18.089
-5.7121,2.7196
-7.0622,-18.608
0.18022,-17.722
0.18702,-24.416
0.0098757,-24.334
0.10863,-24.325
-0.87899,-17.332
5.3827,10.822
15.207,7.8985
4.6914,-0.49036
-1.3175,-24.751
-5.6276,6.985
0.076306,-24.257
5.7162,6.3737
-1.1202,-24.772
0.20376,-24.474
-18.019,11.601
7.4412,7.7684
12.019,-4.0125
-0.13932,-12.545
0.22173,-24.34
-2.5829,-19.539
11.82,19.265
-2.4113,-12.961
0.37072,12.585
17.517,-1.2246
6.808,-5.5831
10.142,19.7
9.7351,5.3237
-2.9449,2.3178
12.983,-0.29977
7.9294,18.595
6.0098,-15.959
10.243,0.10194
-5.6881,-11.03
-11.612,-12.783
0.52508,-16.194
9.9276,-0.063553
4.2327,4.814
-6.12,-17.862
-2.8828,-10.772
5.7014,-6.73
-3.7901,-19.551
-3.5849,-13.929
6.7483,0.21956
0.45443,-18.446
-0.017221,-24.444
-2.3997,-25.142
1.2441,-19.691
8.4008,-6.4673
-2.5207,-19.44
7.6743,-8.2172
-2.1455,0.66179
12.731,-0.060013
12.721,-0.13915
12.771,-0.27059
4.315,-8.2886
7.9047,-9.657
-0.86507,-16.997
5.2811,-6.2799
0.097686,-24.289
-11.645,2.9672
0.1252,-24.352
-7.2313,-1.1581
-11.542,-12.883
0.90786,-16.481
12.63,-3.5274
0.24341,-24.34
-0.31871,-16.191
5.6807,-15.886
1.213,1.5567
-0.78515,-17.586
-0.065666,-18.101
-2.8851,-19.328
-5.7062,-20.547
-0.24976,-24.462
-1.2584,-12.844
2.3241,6.4343
2.5807,20.443
2.3631,20.367
-11.903,-6.4196
5.1899,9.8658
9.8444,17.731
-2.5054,3.5683
15.241,-3.8089
-11.559,-12.843
5.6813,-6.8757
-9.4721,9.19
15.996,0.80066
15.234,0.11593
5.7117,-6.3375
0.046195,-24.449
0.03738,-24.346
0.19635,-24.478
-0.034435,-24.394
-0.072783,-12.549
0.20373,-24.478
12.255,2.6343
-0.12566,-12.527
-0.13832,-12.545
-0.18782,-12.618
8.5323,1.332
6.2144,9.7993
-0.24219,-12.564
5.7765,12.921
18.21,5.3607
-2.5741,6.3907
12.559,-3.4022
12.259,-3.3798
8.6049,-6.7466
8.8547,-0.42457
8.3797,-0.41954
-0.18725,-12.537
6.1899,-17.102
7.5314,-7.6342
4.5652,-17.382
0.24898,-24.359
-0.40027,-16.262
-0.51945,19.08
-0.20021,-6.2392
0.2062,-24.427
2.5629,15.697
1.2998,-19.707
9.3331,21.598
-1.4789,19.835
5.1582,-19.434
-6.5171,-6.4283
-3.1299,-13.413
4.6518,-2.7627
6.0789,-6.6455
0.062,-12.843
3.0288,6.449
5.1571,2.6748
3.2334,13.283
10.18,10.028
7.2492,9.9445
-0.57838,15.334
11.651,6.0793
9.4813,-17.109
-2.8395,2.4331
-3.1013,2.7579
-2.1084,0.59442
13.551,-10.256
15.257,7.7339
8.9631,-13.976
12.995,-0.1698
6.0436,-12.141
14.71,8.5848
7.3062,9.4154
9.8747,1.6508
10.673,-0.48897
10.007,0.26884
7.6229,-8.1986
7.5147,-8.0014
-0.18008,1.6787
-0.64279,-7.8667
0.031423,-12.861
11.944,6.0755
5.9481,-12.221
5.9187,-12.344
15.983,9.1621
8.8878,-3.6007
9.7163,-6.6229
11.682,-5.1358
5.8474,-19.377
-0.020471,-12.676
-5.6708,-18.48
5.7147,-19.356
-0.41206,-17.966
-1.1684,-10.139
18.305,-0.6129
16.209,-1.8866
3.0701,-17.37
5.467,10.055
3.675,-18.204
-0.1295,-15.615
7.3808,8.5067
11.558,-3.5148
11.576,-3.3796
10.797,-1.386
6.6804,11.802
10.576,-1.0827
-2.8128,-5.8662
9.9504,0.28578
0.49732,-7.9588
15.062,3.3301
16.617,-2.2067
16.387,-2.2011
-0.51002,-12.839
5.755,6.4471
0.039215,-16.322
0.48597,-19.07
0.96715,-16.377
6.2605,-5.6449
4.8283,-18.886
5.5126,-15.818
0.60133,-8.5305
0.53181,-8.8199
4.9813,-18.929
5.2817,-19.046
6.0369,-6.0965
0.21514,-24.273
5.7991,-12.39
-2.5395,-19.521
-5.8927,-3.4418
13.081,-4.5634
16.802,9.1414
15.403,7.5964
9.12,-3.8628
6.1439,-16.937
5.4562,-19.337
12.147,-4.2326
-2.9916,-19.351
0.11644,-24.25
-0.30948,-7.5223
-5.8114,-18.411
0.17891,-24.445
-1.2584,-3.4823
0.18693,-18.312
-3.4103,-19.214
-2.5153,6.8122
15.331,8.2741
0.8609,-15.832
9.0138,-2.7818
6.8406,-0.96467
10.442,0.28825
0.088542,-24.336
0.12019,-17.604
-5.9834,-18.293
0.81033,-17.167
5.412,-19.186
-1.5097,-4.0202
0.065378,-16.128
-0.10582,-24.444
-0.089434,-24.41
-4.4123,-20.59
-0.068038,-24.419
0.25202,-24.444
0.20421,-24.474
5.4384,22.905
-5.7925,0.55155
11.567,-4.4201
16.133,1.0054
16.658,1.6292
-11.538,9.5997
-1.2848,-13.067
0.022304,-12.539
0.23788,-16.596
-5.3355,9.8599
-0.19343,-12.54
7.353,9.0488
0.025913,-12.943
-5.5793,6.7293
6.2801,3.432
11.078,6.0516
9.3174,0.8682
-0.31313,-7.5262
15.257,6.42
1.3718,-16.53
-0.23347,-12.529
-0.81897,-4.2001
0.50853,-19.072
5.7148,6.4437
-0.81839,-24.674
0.15332,-24.42
0.18401,-24.446
5.7165,6.3861
0.20013,-24.482
-11.673,3.0398
-11.71,3.2454
7.2274,-8.101
-0.16894,-12.559
-0.1705,-12.545
-10.094,-9.4998
8.5318,1.3313
-0.0095163,-12.822
17.981,0.056463
17.981,0.056465
0.32617,-24.329
3.5503,1.2757
5.55,-19.316
0.055226,-15.938
-1.203,-24.727
0.20038,-24.483
9.8323,11.594
0.03337,-13.006
11.727,15.746
6.1674,-19.265
11.877,-2.7391
14.635,8.7379
-0.26383,17.574
4.834,-15.647
10.012,0.26164
10.109,0.25033
11.213,3.3258
-0.34707,-9.2561
10.552,-9.7061
-3.0844,-15.857
-3.0209,-1.4955
11.915,-2.8696
0.30706,-24.432
0.2752,-12.122
-5.2036,-3.2558
5.7297,6.3875
5.7223,6.4159
-6.3401,-6.2095
5.5238,12.02
-1.663,-14.206
7.3921,-0.13331
-1.6265,-24.933
2.7167,-0.3185
-11.667,3.105
-2.3132,6.3195
-7.0787,-18.643
10.667,16.877
5.7872,6.4233
16.322,2.1157
-11.643,-12.755
7.206,9.4961
2.0079,9.5115
2.0459,-17.997
10.244,-0.3205
16.662,-4.2041
0.3145,-7.1712
0.19126,-18.04
0.20675,-24.484
17.908,0.061532
10.842,16.447
8.7969,20.097
2.2541,6.679
0.35976,-12.755
-0.58504,9.9176
-4.4423,-10.175
-0.0046677,-12.869
0.39551,-12.658
-5.7585,12.114
0.2234,-24.396
10.619,-9.8569
15.061,5.6664
1.9252,14.16
-2.1278,-18.932
-6.0826,-6.6836
-4.2793,-23.929
6.1802,-16.708
-4.4854,-19.166
0.067473,-18.959
0.24123,12.579
-10.004,-9.5915
4.0367,22.444
16.375,1.5388
16.098,0.87948
12.932,-0.32275
4.5254,-16.135
3.6392,-18.797
0.002357,-24.338
0.35205,12.488
11.974,15.632
1.9921,20.306
16.939,1.8606
0.040433,12.955
11.7,-5.2018
-11.646,-12.801
4.6428,-0.46956
16.363,-1.9438
0.21163,-24.475
-13.695,6.3582
-2.0096,-12.131
-3.6257,-6.4328
-11.614,-12.639
-4.3352,-10.403
7.418,14.315
-3.7239,6.3632
5.5735,-19.279
12.722,0.16244
-10.778,-0.17786
-2.9316,-8.5237
-5.7901,-12.818
0.071475,-12.584
15.357,8.6186
0.3157,-24.069
7.6652,22.257
7.6655,22.257
-5.5935,13.461
-0.36346,-6.9569
-1.1889,-4.0222
-6.2902,-7.0425
-3.966,-13.797
0.14953,-24.457
7.2282,24.782
-11.257,3.0653
13.859,-4.6132
11.985,19.41
10.911,16.28
7.8726,22.184
1.0127,-19.161
11.681,6.133
-11.823,-6.2042
6.0251,9.8785
11.346,20.219
15.953,0.79622
11.528,6.2495
10.102,1.5454
6.0227,12.942
17.121,-2.2264
7.5046,11.237
-4.1001,-17.742
-4.7918,-20.662
6.1498,-1.0117
0.053327,-12.872
1.0686,-19.113
4.5589,-17.582
-2.2806,-23.34
-3.38,-25.282
1.4574,-19.262
10.048,15.531
9.6874,19.607
-11.867,2.6819
0.2163,-24.463
8.5506,1.3112
-11.693,2.9191
-11.7,2.8586
-3.2586,17.644
8.4383,-5.059
6.2316,-17.145
7.3433,9.2437
6.0227,12.867
8.8464,1.0858
10.652,12.298
12.502,-3.1206
12.004,-4.9359
0.37848,-6.882
10.735,-1.0224
12.551,-3.6665
12.839,-4.4625
5.9236,11.646
-3.6107,-0.58865
-2.2178,-6.1657
-5.6,-1.6803
9.9819,8.0307
-1.7584,-0.15025
-8.0936,-11.897
15.954,2.3322
2.1877,16.233
-16.394,6.6847
10.971,14.129
12.819,-0.65964
-3.1963,-15.94
11.975,6.6027
7.048,9.9747
10.399,-0.6101
5.8413,6.469
8.3337,-9.4321
-5.6801,-12.792
0.52376,-23.389
9.4001,-7.4457
-0.52671,-8.3458
5.996,-12.193
-2.5482,-19.1
8.7546,-10.647
0.29342,1.8746
7.688,1.2825
10.409,-0.018076
7.0748,9.5987
10.497,0.30804
15.346,5.5907
6.173,12.982
1.3038,-9.7215
0.18,1.2339
-1.9807,19.486
-0.64001,-7.8447
5.9788,-6.2185
8.7306,2.632
0.1386,-12.405
3.1125,-18.802
-3.589,-25.271
5.7127,6.3461
-11.666,2.8979
7.3157,1.8323
7.0034,1.1177
12.554,-3.4078
6.0518,-6.2932
-6.5644,3.8015
-0.89146,-4.7555
8.3657,1.7568
-1.732,-18.655
0.083036,-24.331
10.661,19.001
2.4528,16.361
5.8815,-6.3966
8.151,-2.1374
14.596,-1.2044
-7.7603,-11.899
14.83,-0.36861
10.058,19.514
4.5214,21.465
15.291,-0.30863
-4.6203,-4.855
-11.619,2.8346
10.131,10.191
10.442,0.68524
10.054,-0.38591
-1.1593,-10.142
6.6339,-8.0271
0.020901,-12.969
-11.849,-0.18675
-6.9646,-16.444
8.6208,-3.6792
9.4647,-0.46663
10.957,-8.7592
4.7529,-2.4341
-5.9707,-18.27
-6.7417,-17.137
-1.0666,-4.4189
5.7936,-6.518
0.18871,-12.366
0.51481,-19.068
5.7152,6.3769
-3.047,-19.466
-3.8292,-19.964
5.6969,6.3313
-10.08,-9.6392
8.8969,1.653
5.9697,12.818
-9.0061,6.4584
-6.3736,3.9483
0.20932,14.431
-1.0478,15.142
-0.34549,-12.744
6.2446,12.612
-2.6838,-18.225
8.4575,1.1942
15.336,7.2369
5.6244,-19.274
-0.41539,-7.5831
5.5523,-19.351
0.22089,-24.47
-11.951,3.9759
6.3553,11.66
12.32,-3.4723
-0.15498,-12.527
-0.27868,-12.512
5.9201,12.781
4.8189,-2.7629
0.93257,15.588
6.1738,12.77
-0.16272,15.182
-2.15,19.43
-11.658,-12.761
0.24545,3.2193
5.5048,-19.082
-2.74,-22.67
10.673,-1.7267
2.5318,9.991
4.9924,-19.154
6.6176,-17.323
5.5507,-19.297
6.4837,-16.798
-6.8374,-16.762
8.8731,-0.47663
9.1761,-2.7016
8.6557,-3.7828
0.099138,-24.271
-17.555,3.656
9.3582,11.796
2.6024,10.286
9.8381,5.9249
-11.638,-12.758
-11.626,-12.787
0.40528,-12.054
-5.8637,-18.419
-0.63388,-17.53
16.845,-3.7709
5.4028,23.16
5.7745,-6.0143
10.799,-8.6785
3.8759,-8.1966
6.4279,-16.737
-7.5056,8.4186
-0.39593,-12.751
-8.2659,-12.65
8.9553,-3.4886
-0.30742,-12.65
-0.019631,-24.36
-2.8226,2.8268
6.1033,-7.2084
-1.3377,-23.736
5.8692,-1.7442
-0.22369,-12.387
-4.0076,-12.172
-3.9849,-12.354
0.19966,-24.477
0.62626,-23.532
0.031138,-13.147
0.072322,-12.943
-6.2805,-17.367
8.4618,-7.0576
7.5997,-7.5612
0.1844,-12.215
6.2649,-16.673
1.4178,-9.7641
13.559,0.42953
0.76734,4.048
1.5093,0.12343
-6.5776,3.9303
4.8232,10.608
-11.647,-12.711
15.408,8.5402
10.227,0.1423
14.644,-0.68717
11.77,19.3
-11.72,5.0419
0.14617,-24.47
-2.5188,-24.576
-2.9552,-16.332
5.4955,-19.275
-1.0065,-12.689
6.0958,-3.3478
17.033,9.1876
10.224,6.4408
10.154,6.1603
11.394,18.816
11.111,18.649
-1.9087,-6.2953
1.593,6.645
-2.7616,19.555
-17.998,11.609
-18.047,11.61
1.8928,-15.812
9.2787,-2.9487
10.847,-2.9422
7.397,14.391
12.012,19.393
-0.050391,2.1918
-2.722,-19.401
0.87609,-16.425
11.588,6.2066
11.542,-3.9798
-3.3613,-11.939
7.3603,-1.6155
9.6938,5.0394
11.99,19.419
11.23,18.293
4.8722,-2.3124
8.5163,18.427
6.7341,10.095
8.5275,21.995
2.4718,20.59
7.0488,24.741
-14.067,-2.1076
-16.016,-1.6697
9.0599,-3.7147
5.7027,-2.3546
8.6913,-13.586
6.0638,-1.1225
6.2186,-0.6486
-2.8433,-5.5827
5.1789,10.237
-7.6498,3.5695
14.239,-6.8228
13.564,-6.967
-0.33883,-12.511
13.739,-9.9601
-0.14026,-12.325
9.2328,-16.243
11.578,5.9429
10.509,19.361
5.405,-13.844
10.199,19.836
10.527,19.56
11.294,10.451
5.7138,6.3558
0.28203,-12.788
-5.4188,-18.332
11.765,6.3243
11.724,6.2901
5.2583,-6.2117
5.6444,-1.9369
8.8801,1.0312
15.067,3.2432
2.6293,6.4063
2.9342,20.36
4.323,12.278
-12.521,6.1411
-3.1122,-19.185
-3.3694,-19.22
-6.2985,-17.975
13.873,-6.5352
-5.9731,-15.866
-3.4525,-13.348
6.3438,-9.8039
10.575,3.498
-1.3403,-8.5012
5.7099,-1.8412
8.8953,19.946
11.602,19.373
10.978,18.22
7.8768,22.186
6.0041,13.013
5.4931,23.064
2.411,20.469
5.9942,-19.317
-2.6643,2.7478
-0.093173,-6.696
7.5475,22.059
-4.4962,-19.311
-6.7845,-18.535
11.764,6.3233
7.5054,1.5286
6.0056,12.965
4.6953,2.682
15.097,-3.797
5.6807,-1.3419
11.822,-0.17426
-1.5884,-18.69
17.955,-0.32881
10.104,-10.719
0.016935,-24.256
4.5701,10.889
0.88314,4.1494
7.497,3.2865
9.4791,5.9145
6.1029,12.938
9.9835,19.599
3.6388,-8.4851
15.564,0.52807
3.1421,4.528
7.6788,1.3417
2.1928,-15.908
0.39484,-17.404
9.1555,12.74
0.84549,-19.659
9.2358,-4.2375
-5.7273,-6.0871
-0.19817,-18.011
9.3046,4.9485
0.98222,4.1159
-5.5657,-10.901
4.7721,-15.588
-0.18598,12.624
14.12,8.3951
-3.0969,-12.02
-16.453,1.8101
-1.8395,6.1637
0.046829,-12.445
-5.9254,-10.497
0.56598,-23.973
11.845,19.362
9.6741,9.4221
-10.082,-9.4372
4.3329,-4.4285
-2.305,0.53804
-8.0897,-4.3355
-11.45,-12.905
-4.434,-19.216
0.12039,-12.823
-5.7752,2.9321
4.573,13.829
9.7532,9.8291
-0.17995,12.74
-6.2931,3.5064
5.9301,-19.352
-2.7155,-10.721
9.5412,5.8274
-11.647,-12.711
6.1054,6.567
8.095,-9.285
12.302,7.3912
6.5123,11.615
-0.056832,-12.841
-3.1683,3.3193
-0.25223,-17.45
-11.859,2.5048
0.4094,-9.1167
-13.855,5.9572
10.467,0.15203
18.184,5.3923
7.0281,24.875
8.7491,-9.1933
0.29724,-24.101
7.6445,-6.712
12.304,-4.7739
0.26971,-24.401
0.4684,-12.653
17.528,9.8981
-8.4238,0.13043
5.7114,6.3561
17.027,9.212
11.281,20.583
-3.5136,-0.60879
-5.1925,-20.602
3.8152,16.032
-2.5741,-16.724
0.21574,-24.46
-0.19087,-12.537
-2.928,-16.001
3.3885,-0.60545
0.1852,-18.732
10.815,16.253
-2.9341,-10.22
-3.646,-13.065
-0.79808,-24.519
2.4855,20.234
-5.8098,-12.477
9.3085,-6.4415
-13.471,6.879
2.402,-4.9621
-3.2177,-13.324
-2.6926,-13.013
-4.8487,-10.054
8.8471,-3.6709
9.1586,16.989
-8.2377,-13.557
16.297,1.1593
-3.1393,1.7174
-3.3948,2.478
16.402,2.2374
-0.70984,-13.493
0.9468,15.539
-5.3918,-18.184
4.9606,-1.8492
9.1559,17.415
-2.5799,17.602
-3.5271,2.2288
-1.8842,6.5521
-8.1998,-4.2817
10.067,-8.3599
5.243,-4.8041
11.762,6.4097
12.03,6.3336
12.039,6.5773
0.029489,-12.08
5.0081,13.401
5.5042,-19.384
5.1977,22.41
2.0544,20.349
2.0499,-15.869
6.3193,-0.35783
7.0029,24.803
0.1964,-24.21
5.9466,-1.4494
-11.636,-12.79
-3.0918,-10.955
5.1882,-18.935
12.032,0.3808
-5.9994,-25.268
10.892,19.25
8.3485,22.064
5.7128,6.3533
5.7129,6.4554
-11.802,-0.23733
3.5698,-17.834
7.4046,7.9042
-21.028,7.4883
10.058,19.514
11.071,12.053
-2.754,3.5892
-5.9736,-13.474
15.076,0.074252
0.086102,-24.274
5.8926,-6.0174
15.221,8.1538
-0.45694,17.828
-17.034,5.7189
-6.343,-16.834
8.5295,22.069
0.25568,-24.382
12.937,0.19654
-4.0236,17.817
0.071728,-12.721
-0.69524,-0.40077
12.32,7.2313
-0.375,-10.623
10.261,0.24083
11.492,-4.3201
12.028,-2.9
8.8466,1.6622
5.3644,-0.71525
6.007,-15.218
-5.7371,-6.1201
-0.327,-5.0412
-0.024891,-24.389
-2.1876,18.645
14.992,-3.6035
9.7232,0.52232
18.682,3.6728
9.3479,-4.5361
4.6711,1.1257
2.1888,0.058573
8.9373,2.1465
0.2571,12.486
12.151,6.2622
5.3541,-6.0716
-4.0681,17.147
9.1816,17.347
9.3052,-0.55283
8.5517,-4.5069
-1.3989,-8.8655
7.594,1.4266
-11.704,4.9898
12.539,-0.80888
12.121,6.3295
1.5604,1.7023
-2.2796,6.8035
5.8807,-1.4244
6.4912,11.709
-5.9486,-15.963
-3.8541,-19.786
-6.1068,-18.475
0.18807,-24.337
8.5248,-5.825
18.326,-1.6332
0.20987,-24.469
-8.128,-4.3053
5.7188,6.4831
13.162,3.958
10.34,0.17715
-0.082853,-14.997
3.4355,-4.8534
-2.3927,6.3546
-3.3277,6.242
-1.2352,15.467
-13.741,7.0045
0.19672,-12.475
8.8339,-0.54999
-5.671,3.2103
-0.40613,-7.1885
2.4372,3.6326
-2.4916,3.5888
9.553,9.3333
-0.035453,2.2004
9.0151,-8.2716
11.523,6.4037
-13.789,6.7251
-17.084,5.0934
10.007,10.045
-2.6256,-19.504
10.817,5.8167
7.5409,-17.603
-4.8455,6.5701
10.277,0.7496
-3.2367,-9.2921
1.3694,19.64
-6.0344,-25.229
0.20972,-24.455
2.8954,18.06
5.4813,-19.372
9.4445,-7.3199
9.4486,-7.2394
-1.5381,-23.67
0.30568,-24.152
0.24495,-16.781
3.6237,-5.5792
-5.7512,-6.1695
0.33969,-24.317
12.675,0.33084
5.3689,-11.68
-2.8703,18.9
16.237,1.1902
-3.7235,-14.72
-9.0357,6.3831
5.3602,11.888
8.3381,-3.7673
8.5073,-3.9598
-10.165,12.578
-12.812,4.686
-3.5525,-25.418
9.8284,18.764
-2.8019,-19.373
-3.2641,-25.362
3.1528,-11.401
0.77189,12.593
14.123,-1.3058
-1.4258,-14.465
15.091,3.1414
-13.87,6.449
7.7267,-6.4904
0.57025,-11.998
0.22842,-24.461
-1.9554,-0.19344
12.913,-0.30271
12.887,-0.17751
16.121,2.1494
15.947,9.2073
8.9923,-6.4542
-11.051,4.8124
6.2464,12.826
-13.539,10.423
-3.2598,-25.314
7.2738,9.4813
4.0812,22.227
6.53,11.496
8.5898,24.032
0.12143,-12.402
12.842,-7.1275
-2.865,-12.014
13.145,-7.0342
0.21035,-12.485
12.215,-5.8328
16.392,1.3543
16.231,1.1224
18.045,5.5097
8.6994,21.583
7.0239,21.287
-2.6497,-19.319
18.288,4.6406
-9.5302,9.1366
10.098,20.045
16.36,1.4108
-4.9814,1.5725
-2.075,-15.774
7.2521,10.008
-17.593,10.917
-0.014962,-12.836
0.23128,-12.88
8.1439,-9.5528
4.412,-0.41053
-0.023294,12.816
14.389,9.6456
16.528,1.2695
2.1913,0.097657
9.0558,-2.8364
5.2818,-18.879
8.6901,-2.2273
10.103,-16.916
-2.9876,-12.891
1.5928,-15.847
-4.0623,-13.935
6.3622,-18.339
11.832,1.5175
-4.1389,-4.7481
5.3471,-6.4558
-6.2137,-7.0029
-3.5764,1.7578
-6.2739,-7.0381
-5.8011,-6.1836
14.427,9.5631
-1.8105,-12.192
8.2934,-8.7633
-2.6939,2.3151
5.8607,-6.31
8.6441,22.034
15.361,6.5695
5.6424,-3.0129
6.517,-15.761
6.1834,12.939
0.51069,-8.4679
6.1487,0.048004
7.5198,11.211
11.413,19.252
9.1247,1.7968
0.027247,-15.849
12.458,2.6122
-5.7685,2.9079
-3.217,-19.419
0.18063,-24.329
10.134,18.188
7.467,-7.2287
3.9552,-4.847
10.809,22.152
2.0459,19.94
-2.1133,-13.153
10.709,-3.1251
-2.7998,-10.824
-6.3242,-3.2204
-5.7917,0.55633
9.7189,9.7042
12.356,3.367
-3.0447,-24.635
-10.153,12.51
-2.2668,18.455
9.1265,-2.8837
11.075,17.63
0.3275,12.705
11.322,-2.9664
-0.84577,-17.074
-5.7858,-13.118
2.8225,-0.35042
0.22795,-24.379
6.9391,-3.5994
18.072,-1.2647
4.1464,-7.8804
5.6494,21.88
7.4243,22.296
6.8389,-14.088
12.061,-6.0308
2.7215,-19.253
-8.9205,-6.5056
-2.975,-9.6134
6.9789,24.955
-6.2676,-18.035
-5.7899,-12.843
8.9116,23.399
-2.4355,-19.57
11.851,6.4702
13.596,-4.8478
10.944,19.101
2.215,1.4818
15.335,0.52978
8.6325,18.11
9.1254,17
-11.098,6.5171
0.60153,-17.358
5.6863,6.2883
-3.5732,-19.397
2.5571,20.382
-3.3776,-25.347
-16.09,11.051
7.5633,20.085
-3.0251,-1.2078
7.4255,13.961
7.6535,11.106
-1.7795,5.4688
16.832,-3.9052
-3.1091,9.5232
-0.22369,-6.339
10.675,16.694
11.888,6.1306
-11.931,2.4298
10.693,16.712
7.7441,-0.52403
12.456,2.5428
-4.3532,-6.0024
15.972,-1.2213
15.151,3.0617
-6.7315,3.4471
-21.006,9.2052
15.047,5.6521
10.358,1.4779
11.795,-5.2721
-14.159,10.574
-6.2846,-1.1163
9.3389,16.954
12.276,2.0709
-3.0529,-11.281
2.6312,-4.0837
4.5858,-12.154
2.375,20.487
5.2813,-13.668
-2.9406,-19.085
11.801,11.604
-6.3542,-25.351
7.6788,21.803
-2.7827,-5.7675
-17.099,-2.2917
-15.057,12.825
10.181,19.699
9.4736,-2.3327
-3.93,-14.118
15.187,-3.8283
-6.5248,-17.203
15.4,5.6325
9.5464,-4.0344
-5.893,-13.163
-1.4863,-12.995
4.5506,-12.169
9.1398,-17.348
-11.843,-10.013
6.7773,-5.5031
-6.3503,-7.0951
10.319,-8.3706
13.054,-10.612
-0.2607,19.063
-0.51789,-24.528
3.2506,18.523
1.6957,16.444
8.3465,18.549
7.5943,22.262
14.761,-1.2997
-2.4793,3.569
-4.9971,11.403
16.114,0.70451
-4.7706,12.593
12.324,-0.92432
3.2721,18.68
-6.1866,-17.998
2.2982,9.0537
6.387,11.088
11.777,6.1398
1.4549,-19.261
5.9704,12.883
15.864,-1.228
7.5398,9.3596
-0.10075,12.744
11.332,18.976
5.171,10.367
4.4513,10.757
-6.8981,17.552
6.346,-0.39719
-5.6115,-1.36
5.5718,-19.22
0.118,-24.286
10.171,22.502
-13.535,4.8267
-2.1568,18.515
-5.7546,-0.86114
0.090003,-24.291
10.19,1.7214
-1.9112,-3.9673
18.616,-0.54729
-4.1992,5.0367
7.785,-5.9307
0.10156,-12.525
-4.2523,-23.961
9.992,10.617
12.742,-0.28941
10.117,-5.1129
-2.3485,6.5815
-2.6221,-10.172
10.895,18.9
10.425,19.369
-6.0209,-13.033
0.64399,-9.4883
11.82,1.4989
-1.8042,5.5399
-8.0379,-6.6412
5.7415,-7.073
-2.8386,-10.155
13.518,-1.2375
-4.3632,-13.281
0.22383,-24.482
7.582,13.829
8.5274,-0.58525
1.8526,20.182
-3.3834,-12.351
5.6923,-19.041
0.11049,-12.028
4.3315,-15.216
-0.8075,-12.638
5.5554,-19.281
-2.4912,-12.138
1.0905,4.1047
5.1563,-19.431
-3.8883,2.5293
-5.4713,9.9796
3.2887,17.992
2.7383,18.211
9.7155,9.4471
1.4171,-9.7247
7.5891,-8.4478
6.4132,0.24753
10.977,16.3
-18.067,5.1489
-1.4602,11.126
7.5523,-15.123
6.3421,-17.076
5.8089,-0.60059
5.7039,6.4789
16.297,9.7367
3.486,-5.2479
-13.561,6.1889
-15.021,9.5912
6.9956,22.225
0.46965,-11.98
0.59443,17.152
3.4434,15.426
7.2078,-14.092
-0.84889,17.111
-2.5608,2.2278
-2.8009,2.5405
0.18348,12.463
3.1937,-0.40246
-2.5447,-19.1
5.8997,-18.22
1.555,-15.685
-0.49386,17.847
12.187,4.8649
5.5337,-19.196
2.8896,6.5276
-17.995,11.592
7.5469,-0.14091
12.928,-7.0924
-0.33157,12.717
6.2754,-16.849
4.3754,-4.4178
10.821,-9.0015
-3.8473,-3.4384
7.8226,1.4456
3.4145,18.871
11.045,6.293
-0.88227,15.529
14.466,-3.7081
6.0169,-7.1102
2.5159,-18.796
3.5296,17.846
11.815,0.51582
1.0317,-18.861
11.425,18.492
12.627,-5.7486
7.0106,14.428
-5.9953,6.0284
-0.15607,18.913
8.8538,-13.981
9.3861,0.69334
1.5368,-9.7827
4.4986,-17.444
9.2877,1.3764
8.8165,6.1776
-0.91303,19.346
-6.5668,-6.299
0.32279,-8.5676
6.0897,-18.425
10.859,12.149
6.3558,11.066
4.298,6.9532
3.3033,-18.834
18.625,3.8751
15.413,8.762
16.079,9.2563
10.268,-5.2592
15.563,8.9876
-7.9745,-16.626
10.434,-7.7114
5.9996,11.679
11.707,-3.7743
6.0089,12.9
6.0178,12.772
-9.1114,12.628
5.7155,6.4108
5.3307,-13.705
2.9988,15.642
0.92737,-9.6709
4.7559,-17.629
0.045159,-12.562
2.8653,15.733
-3.5378,7.6046
-7.092,-3.251
-0.20045,-6.0735
-7.5538,6.0928
-17.537,4.478
3.33,11.815
12.102,1.926
0.41948,-12.69
7.5465,22.06
-2.1241,-0.30932
6.5955,-3.0719
10.167,10.889
9.6468,17.582
11.837,2.5038
0.23262,12.633
6.0159,-12.522
3.1457,-11.053
8.916,-3.8783
2.6442,15.062
-12.131,2.9646
-1.1431,-14.167
-1.337,-13.057
12.181,6.4125
0.15024,-24.449
-5.772,-18.2
12.001,19.394
11.99,19.419
0.59847,17.099
10.11,20.034
7.0191,-20.755
8.8968,1.6534
8.8968,1.6535
0.19542,-3.1263
7.5095,-8.1263
-1.6419,-12.002
1.1265,-8.9949
3.1942,-18.683
5.7202,-6.2731
-1.2166,19.723
-2.9291,-10.285
-2.6953,-7.5371
-7.5749,-15.45
1.0263,-19.168
17.613,9.9994
17.981,-2.5225
-3.1846,-15.603
10.232,1.8398
-1.8838,-18.709
-3.5817,6.3746
14.471,-6.6509
11.919,-9.2796
11.778,2.4463
14.2,-1.1211
6.1923,12.951
0.33534,-12.132
15.358,5.7242
6.1006,-6.4803
11.904,-5.032
8.5986,-3.8131
9.8495,9.0587
-10.533,-13.194
10.482,-3.5172
10.228,-3.4552
6.0887,12.909
0.1986,-7.3674
-7.9894,-0.80384
-11.657,-12.753
11.974,5.9353
12.071,6.2013
-0.12664,-12.911
6.022,12.788
-0.95631,18.379
-6.8728,-16.503
6.8587,-5.3482
-3.8561,-23.921
14.983,-3.8443
-3.66,-24.261
-1.5966,-18.692
5.828,6.3416
-6.6655,-16.674
-2.0265,-3.8698
13.461,4.8103
7.5974,3.3385
-9.1201,0.042615
12.192,-4.7299
9.7689,23.145
7.3298,-4.2676
5.6495,6.2347
-3.4739,-13.165
-4.2782,4.713
-0.40655,8.7767
-1.0262,19.225
6.0174,-15.952
-4.2637,5.0461
7.0666,20.63
7.4022,-1.3524
-11.994,2.4066
-13.726,6.3401
-0.06236,-12.843
3.5226,7.5815
11.588,4.1461
9.803,10.688
0.77257,3.9812
8.2749,7.3613
12.086,-2.9024
0.26502,-18.516
0.34213,3.3006
-1.3805,11.457
8.6153,-0.053252
7.255,-14.337
10.105,-6.843
7.6625,-5.5634
5.5027,0.10667
10.308,5.9991
5.6238,-1.9614
9.3623,21.569
-1.4639,4.6058
9.3962,11.092
4.9538,8.0605
2.3366,20.619
7.7384,3.155
0.053804,-16.086
-5.2192,-19.319
10.101,-16.871
17.293,9.5136
12.867,3.0292
18.221,5.36
4.1551,-18.814
-7.2231,-1.0571
-7.5211,-1.3543
-4.1853,6.0751
-3.9556,6.3162
-2.5596,5.0635
-0.051078,-12.491
11.994,6.4015
15.816,-1.0682
-3.0478,-10.027
7.0263,9.36
-0.65776,15.393
2.7598,-4.9089
8.9109,5.6968
12.1,6.3639
-4.1148,19.277
10.376,-2.8656
0.43609,-14.281
-1.9409,-0.1994
12.431,2.471
10.738,16.813
6.1593,24.009
1.1757,9.7793
6.0598,23.882
0.73875,-15.58
2.029,20.256
17.655,-0.87463
9.4228,-6.6725
7.8982,24.729
11.02,6.3752
-14.323,12.013
1.8841,9.5406
11.505,6.5205
7.8927,-2.881
5.8382,-6.4139
-0.47685,-12.897
-5.9381,-12.637
0.38658,13.011
4.5238,-18.88
-7.874,-0.90402
-0.31466,14.477
-0.76879,-8.0951
-4.5672,-14.635
-0.17461,-12.958
6.2247,-0.73635
11.904,6.5019
7.6758,-7.5669
-17.371,4.8311
1.057,15.769
-6.1122,-15.438
5.5579,-7.122
-6.903,-16.577
3.3519,16.249
10.922,-2.472
6.147,-19.038
11.994,6.8567
-0.48689,13.626
5.8546,23.003
5.5976,10.05
-17.693,3.2859
15.825,9.8336
4.0358,-8.0772
-5.1256,-19.429
5.5771,11.952
-3.5785,-0.60489
-7.4233,-4.8462
0.079445,12.51
-10.571,-6.5763
-1.8925,11.987
9.6219,9.4897
-0.51605,-9.735
8.8841,-14.02
-8.8467,-12.872
2.0008,14.247
7.4995,1.5699
-14.29,8.6704
-7.1451,-11.859
0.33279,12.429
5.286,-13.32
2.3557,3.621
-0.30127,0.18018
8.6135,23.899
-7.4028,-1.655
0.28296,-12.753
-0.69176,-8.8495
2.5973,9.363
0.73098,-8.8846
0.15029,-12.425
10.48,7.8209
-0.34235,17.627
-11.808,-6.2063
-2.642,-7.3946
-0.53736,-7.7464
1.7425,-9.6767
13.081,-4.5634
-14.624,9.8551
-2.8804,9.823
-5.3062,11.507
-4.6648,8.8154
13.58,-5.1542
-2.8592,2.5978
-11.649,-12.839
8.765,-0.56763
5.208,10.946
14.856,-0.44452
-1.1937,15.466
8.0936,5.3032
-4.7443,8.7216
10.782,15.925
7.8751,24.637
-0.51332,19.092
-8.3538,-0.50564
4.3287,1.0433
12.358,-2.8934
5.2813,-6.4845
10.596,-1.8898
-2.7329,-12.063
12.035,6.7964
10.117,0.22816
1.5058,-3.2157
2.4833,7.0954
3.4924,7.5991
5.9006,-16.585
7.9839,1.1464
3.5401,-3.9203
4.7154,13.523
-10.5,12.166
10.012,10.09
3.4066,3.7753
7.5765,-4.134
-5.9833,-0.17937
0.12502,-7.7281
18.273,-0.95585
8.8919,4.8726
7.4828,-1.4094
-0.075779,-9.7539
-2.2099,-14.884
-0.53392,-10.449
7.5032,6.2058
16.117,1.4968
13.254,-3.9436
0.22154,-24.482
5.8141,-15.469
-5.8154,-1.5004
-3.2601,6.2109
-13.171,9.5202
-1.6003,15.615
1.7754,5.483
-0.15859,-24.329
2.7154,8.8801
7.3812,6.7718
-3.1865,9.7858
-2.6029,6.0498
6.6916,6.215
12.642,-4.4872
1.4239,15.641
7.3559,6.8412
-7.1589,-11.875
-0.30541,-12.808
12.142,-4.2262
-1.766,6.0658
15.235,-0.16884
16.341,1.18
-3.0612,12.696
-2.2572,8.9947
3.7505,-11.865
-9.022,-2.9736
-1.2315,-9.766
-4.1081,5.1229
-1.5904,-0.16333
2.9647,7.2893
0.197,-24.215
-11.891,-0.24584
3.8473,16.028
-6.5085,2.1742
-10.17,12.547
9.4215,-7.5141
4.3294,-4.2432
-5.9157,-15.803
5.812,11.55
-4.35,-24.127
-4.8052,-4.3749
0.22173,-24.48
-6.6642,3.1677
2.8615,9.4644
5.7771,-0.41631
15.534,-2.039
9.7668,6.1138
0.19984,12.618
-4.4119,0.92614
3.5851,16.126
10.594,7.9145
13.153,-10.612
-4.1691,15.932
-4.7952,8.6135
0.18428,-12.459
11.759,6.0313
2.6166,9.0678
-1.9982,0.66829
7.5138,-7.9478
-8.7715,-9.6035
9.4897,-7.3947
2.5477,6.5248
11.066,10.021
15.042,0.12446
-2.9276,19.227
2.0722,9.7007
-17.631,3.8418
-16.676,0.69611
-14.509,-2.4185
4.2708,-8.2365
-1.5293,4.785
-11.685,-12.729
13.157,15.144
-5.7693,-21.936
16.23,2.3139
-9.8498,12.029
1.4534,6.5586
-3.7113,11.203
-4.7495,11.531
5.8603,-9.6642
5.1473,0.60578
7.0859,-1.8626
-21.004,7.4894
-2.7108,-18.544
6.0142,13.079
-6.4481,-6.5619
6.0668,19.977
11.027,-8.3901
8.7241,-5.4866
10.211,19.813
6.3984,-0.033071
5.6286,-6.3194
7.2151,10.493
6.8792,2.2058
9.5424,-7.5424
3.3886,3.8231
3.3621,3.8561
4.4977,-6.1596
-3.9093,-13.961
-4.0085,17.212
5.594,0.17658
-11.564,-12.82
10.578,10.835
8.2985,7.2857
-16.316,-1.6437
10.149,-3.825
-0.10747,8.9619
10.56,7.7098
15.68,8.6274
5.9051,-0.84542
-6.9723,-18.604
-2.8331,16.349
18.045,-1.1781
6.1373,-0.2865
9.4897,-0.35933
8.1906,1.4118
2.4446,-4.0602
6.003,12.801
-4.5411,9.3178
8.2131,-2.4
-9.0518,-2.7667
-8.0063,-16.614
2.2035,1.1751
10.295,-2.9957
6.3774,6.2246
-14.057,10.546
8.8762,-4.7301
-5.4232,12.731
-18.044,5.1016
-2.5987,3.6661
-2.6812,3.5377
5.7108,12.883
5.6001,3.1182
16.591,-0.58787
-4.3822,-18.902
11.881,6.5888
5.9234,12.916
2.6263,-0.23169
-17.42,4.7425
-5.7045,-21.275
0.013127,-12.394
-7.7981,-6.7311
11.09,12.057
-4.3865,5.1358
7.3162,21.258
6.168,1.0544
-1.1745,-3.8074
-6.9703,-11.74
-7.9056,-6.7043
14.7,8.4626
11.288,10.269
8.5097,-3.5084
-9.6698,-4.3394
15.792,0.88362
5.9369,-9.636
5.9581,12.811
-23.675,4.2966
-6.0943,-13.225
11.733,5.4834
4.5139,-17.51
-2.7261,-10.686
-5.8607,-12.589
-11.793,5.1672
9.6147,17.275
-14.041,6.4639
-3.23,1.8802
6.1463,22.423
-6.8379,7.2507
-5.427,11.653
2.5848,9.9875
11.723,6.1558
-6.0469,-6.107
12.314,-6.0204
0.34483,-24.393
-5.6313,6.8675
7.5103,-1.22
10.228,7.9628
-4.3591,19.181
5.6948,-6.1444
6.4998,11.21
2.1932,-0.049756
-3.6709,-13.371
0.70962,3.8494
9.7638,-4.8758
-8.4891,-0.87845
-0.36449,-12.658
12.183,7.3225
16.522,1.4592
-3.0214,-16.168
-0.27345,14.412
2.6444,8.8507
-0.057684,-3.0231
-4.8041,-3.5026
-0.10436,-0.41213
17.963,0.080955
-7.8306,-6.6511
10.562,-2.7261
9.0005,-13.98
-17.18,-2.2914
10.712,12.283
11.933,6.1778
14.84,0.050451
5.7144,6.3639
-8.4,1.0902
-2.7471,-14.44
9.0542,-7.4186
9.5604,-3.9728
5.1009,-13.83
-13.712,6.0753
5.8352,13.116
-11.649,-12.814
7.9506,-14.729
15.34,-0.71234
-5.7721,13.03
-18.018,4.8442
-2.8493,-4.0379
-10.533,-13.194
5.9379,-6.144
-11.962,-6.2109
0.37127,-12.108
6.7815,-2.9348
-3.6691,18.122
9.5884,-4.0638
12.178,7.0754
-5.6423,0.57783
-11.582,-12.826
-4.7911,-14.412
4.3327,-6.2989
-6.0929,-6.0245
9.63,9.4198
12.904,-0.3892
5.1457,10.536
10.792,-11.212
6.3159,-0.3816
-11.647,-12.823
14.828,-6.8928
5.7498,-6.5785
5.765,0.093614
-6.7183,-15.691
12.615,2.2119
-6.1948,-0.9998
14.66,-1.8086
3.3351,3.669
-1.2483,-8.3463
5.7527,21.867
17.42,9.2026
-14.951,-3.2446
3.3196,15.658
-1.5679,-9.5729
-6.535,-2.5016
0.15445,12.862
5.6172,-0.090903
3.8462,-4.6194
-8.6921,-9.3996
-0.6282,-3.179
2.661,20.377
-3.8999,-24.277
11.948,11.707
-11.631,-12.801
4.1749,-1.9381
18.034,-1.2162
1.1731,15.357
4.2032,1.4623
-5.3651,-25.614
11.93,6.6228
-0.076138,-12.861
18.178,-1.5153
12.353,6.3029
1.7818,5.3888
7.6209,-8.1541
7.7061,-8.5051
5.2213,-19.43
-1.6014,-14.392
0.36672,-3.1227
-11.671,-12.771
0.060947,14.153
11.492,-4.4973
-7.1596,6.414
14.83,0.18287
3.2123,0.14046
-16.8,3.4545
3.2596,18.295
0.2544,-12.357
-0.18835,-12.748
-6.3945,-12.853
8.2165,9.5661
-3.2997,-16.267
-13.721,9.1265
5.1183,0.62834
5.9951,-6.962
-3.3657,6.4524
10.66,-0.11691
-11.812,-6.637
-2.0705,-12.128
9.6399,9.5099
11.891,11.727
-3.7476,-9.9175
17.933,-1.3882
16.653,0.97237
5.9403,12.911
-5.8396,-12.717
-3.3363,-12.204
-7.8433,6.8863
5.5842,0.25072
9.3138,-4.0564
-6.5803,-6.3086
9.2957,6.142
8.8591,-15.957
3.4586,3.7252
0.68871,-23.542
9.2941,-17.139
-4.7773,-12.407
11.637,-5.4844
7.3687,7.7945
1.0207,-9.3153
7.1557,10.092
16.094,1.0308
16.054,0.45198
15.099,0.11306
12.02,11.378
3.5482,16.146
0.27756,12.45
-7.526,-4.6608
0.25844,12.734
-4.3568,13.492
0.20083,-12.55
8.8703,22.124
8.2933,-16.019
11.954,6.4948
5.9283,13.092
1.97,13.75
10.399,-0.19332
-5.9687,-13.034
-4.2945,18.323
-2.6785,-0.77872
8.2573,-6.9714
10.203,0.092119
11.054,16.729
-14.012,6.0855
3.9021,22.282
-0.047621,12.874
4.1216,21.933
3.6833,16.081
7.5117,-1.7767
10.284,5.808
8.2665,-3.2908
-1.9265,-11.95
-2.9891,-8.5781
-5.5298,-20.832
10.958,12.253
3.4216,13
-5.5696,-25.546
-6.849,17.535
-0.15737,12.665
9.3499,-16.636
6.0179,-9.3733
4.7419,-2.068
8.648,-4.4225
-11.284,0.05327
2.5353,-4.9149
2.5239,-0.22474
2.6377,8.6094
-0.14819,-12.325
0.29227,-24.435
13.521,-10.193
0.44177,4.4438
0.11437,12.371
-12.098,-0.39964
-12.348,11.012
12.122,-3.1499
-13.406,10.218
10.448,19.598
-11.759,-6.1324
14.496,-3.7059
10.931,12.178
1.2312,-1.3594
2.1495,13.714
-5.0209,-0.8477
-4.6969,9.6194
-5.5135,-2.3155
11.937,6.5808
-6.2822,-6.9839
14.729,-1.9949
0.16187,12.609
1.0088,15.709
9.5004,0.45629
16.484,1.4772
11.871,1.506
-6.6398,-11.568
1.8656,5.4539
-2.8755,-19.345
-0.04125,-12.529
0.14673,12.441
11.857,-5.0784
-8.5332,-9.3114
-1.7476,8.7558
2.8665,2.8492
1.2706,-1.2528
11.848,2.7297
8.9783,3.9455
2.1806,7.5073
10.246,-0.57079
-0.11514,12.69
-0.042534,12.58
-0.21559,12.837
13.502,3.008
5.9047,19.968
5.706,-18.292
-2.427,-16.586
8.5688,-5.2925
-6.094,-5.8689
2.3258,12.939
-2.0622,15.798
-17.915,11.696
5.656,-18.764
-1.1831,-24.788
-2.0942,-6.2703
7.1669,6.521
8.9099,-0.5604
14.258,-1.2644
3.0137,18.123
-2.6966,-9.9755
6.1015,12.984
-10.608,-4.5141
-7.4121,-23.049
-4.0145,-8.1316
-4.5228,-4.9063
-4.8438,-14.441
0.62995,12.839
0.16072,-15.631
6.1316,-18.73
-18.021,11.626
12.024,19.409
7.1025,-14.148
0.53506,-8.0468
-6.2352,-16.291
1.1743,9.5068
8.4387,-0.55359
-2.0788,-0.29027
-2.8995,9.3445
9.5791,17.55
-19.482,11.694
2.4894,0.5947
0.24449,-12.34
6.0066,12.934
-5.5841,6.9785
-3.5173,8.1914
-3.0461,9.3042
12.123,19.712
11.688,1.5675
7.4881,-9.1296
-3.6443,-6.4077
-1.5175,-10.327
6.8361,1.2487
-9.099,-6.2406
-7.893,-22.208
-9.6176,12.019
3.2672,15.657
-1.8287,15.761
0.1816,-0.16426
12.576,-4.6818
11.61,-7.4944
17.411,-1.7033
-6.6398,-16.683
13.884,-4.493
-6.7786,-1.2303
-4.1939,11.461
4.5868,-12.147
-7.2488,-3.2568
13.916,8.435
2.0155,18.554
10.509,12.448
4.7451,-6.3049
7.2243,-3.1309
-6.3752,-0.19012
-2.6034,-8.3664
0.23454,-7.7585
0.61599,-8.493
-11.568,-12.862
8.9998,11.316
-7.3655,-8.3168
-3.8501,0.23412
-7.8997,-6.6376
9.0517,0.87483
-9.2813,-2.9398
7.6062,-14.904
-6.6084,4.1663
1.4506,0.10648
-8.1564,-0.64151
-6.3694,-1.3441
3.3685,14.403
-6.038,-5.9766
9.7244,16.713
10.869,3.2059
6.0068,-6.0637
12.262,10.721
5.5326,-0.10887
2.5973,9.6371
3.2789,-11.832
-2.9858,15.908
4.8286,10.437
5.7119,-6.8479
14.65,-2.0999
5.7208,-6.1386
-11.604,0.037689
-14.264,8.8989
6.8662,24.881
14.649,-2.0991
14.638,-6.9386
-3.9731,19.267
-9.1368,12.676
8.9041,4.9686
-2.3309,5.3485
6.4948,0.010258
-1.9083,-0.24213
5.0314,-17.592
8.9695,-0.52599
11.872,-2.9245
2.2714,18.484
-7.8229,6.3317
-2.9531,9.4494
-9.0652,-3.2093
-4.1308,19.073
14.843,5.8584
-15.607,-2.6031
4.5451,12.149
-4.7117,12.561
-4.0546,17.82
0.16561,-12.416
13.615,9.5943
0.14102,-5.1548
-6.5485,11.073
5.7109,6.427
-2.4069,6.2274
-6.3887,-6.9515
8.6765,5.1013
10.545,-5.2769
0.21415,17.367
3.2694,-0.31182
9.7773,5.8975
0.45181,-12.067
-24.021,4.9693
5.5059,-6.3306
12.227,-7.2097
-17.693,3.2859
15.258,7.4868
14.84,0.11679
8.4652,-4.4627
12.009,-2.5633
5.0979,0.57452
-5.9363,4.2194
5.7536,-13.569
1.5361,-19.799
6.0431,12.959
2.7888,-0.35546
9.3476,-17.054
9.3505,6.3621
10.222,0.22515
-9.6733,-13.668
0.29061,-12.808
4.1816,-2.6525
2.6049,6.5413
4.9115,-15.896
-6.5295,6.029
-7.9804,14.355
9.2439,-16.469
2.9547,12.816
16.427,-0.3842
6.1755,-6.008
9.4484,4.8118
-1.071,-3.1809
-6.6207,-6.3686
5.5978,0.22368
16.222,2.1651
-20.466,7.5505
-5.5637,-2.5021
5.9409,12.839
-0.36869,9.9095
5.6606,-6.71
18.462,2.429
12.122,19.712
-11.131,4.7655
0.22715,12.474
-6.4639,-6.336
12.35,-0.82257
-14.386,8.3036
10.965,-8.3629
-0.34234,14.478
-6.6928,2.7528
3.3287,12.768
7.1327,10.776
-11.778,-6.0984
15.229,-0.39901
-2.7917,17.955
0.020139,-12.799
5.713,6.3728
-8.2252,-4.663
6.9943,24.711
-5.1483,-0.7536
16.936,-0.80963
-1.5011,-9.2781
2.6322,-10.369
5.4405,-19.118
3.0139,16.399
2.2149e-05,-9.5179
9.9378,17.543
4.6231,4.4429
6.2094,-18.89
2.6687,8.4715
1.263,19.017
10.495,17.475
-7.9973,-6.7694
-1.424,-8.5287
-6.6755,6.3811
-17.567,3.3941
-11.52,-12.853
9.4153,5.8613
-1.2967,-8.0686
2.6016,-0.18524
-4.6688,-4.6218
-11.354,-12.86
11.465,7.3532
-11.906,-6.3178
-2.6426,6.6017
12.426,2.5294
6.6487,-4.0947
-0.03201,12.655
1.5501,16.344
10.062,6.0833
-7.8259,-6.71
-0.32157,13.022
-6.4469,3.9716
-6.4131,3.0276
5.6116,10.01
7.8396,9.848
4.8272,-15.304
4.3538,-4.4518
-10.873,6.5724
14.899,-0.69596
-11.627,-12.808
10.337,10.387
-3.1754,-19.161
6.4764,6.1634
2.3103,1.2721
11.601,19.215
5.7821,3.218
15.286,-0.35107
4.4707,12.881
0.22046,12.609
3.292,-11.738
2.1396,14.17
1.9501,14.247
10.392,-5.2622
12.407,2.4717
0.67329,15.815
-5.9667,5.19
6.0395,-16.707
-9.3087,-13.864
-5.0158,-2.9489
17.765,-0.24155
0.18554,-24.27
0.27636,-24.389
12.071,6.2765
-8.1439,4.3386
1.3142,15.93
-2.9543,0.51043
-2.685,6.8355
5.9892,12.923
4.0863,-4.0731
-0.19309,-12.498
5.3421,-13.337
13.442,4.8826
-6.0424,-13.011
7.6499,-14.791
5.1777,11.218
0.22692,-24.469
-11.412,4.0827
-0.039625,-15.914
13.671,9.0826
-11.698,-12.702
-0.093381,12.955
-17.848,-2.4435
6.1322,-0.68413
4.3025,-3.7905
17.793,5.9147
11.663,15.695
4.1022,-4.5617
2.3613,7.441
13.426,-7.0226
0.71025,14.93
8.7866,-10.743
4.1982,-8.3132
1.4006,8.4437
13.126,-4.5403
5.9728,-9.687
-6.4705,3.6564
4.2245,-3.1041
-17.622,3.3926
-0.20568,12.754
-1.896,-6.3996
14.098,-6.5507
1.6566,15.733
-0.46731,-12.718
12.986,3.1753
-7.235,-15.814
-4.0769,10.445
5.3644,-6.4755
-5.9703,-20.726
5.9718,-9.5662
10.509,-10.957
0.92276,15.636
11.113,3.2265
5.7176,6.352
9.0301,-6.3922
2.5444,-10.24
4.5177,-5.8593
1.6284,16.304
-17.581,3.2357
2.7567,-0.22049
9.7216,-6.7212
15.234,8.1553
-0.73346,7.7788
-7.5725,13.625
-5.5525,7.0991
-7.0017,-11.784
-5.0602,-20.297
-0.072435,-12.547
7.5828,-6.5177
-0.65946,-3.1
10.079,0.31536
-11.804,-0.20711
1.1435,16.186
-11.29,-0.054319
12.31,-6.1451
3.0005,3.0781
-11.351,-0.038763
-20.201,9.066
-3.4981,2.0334
-11.856,-0.22465
-4.5061,13.563
2.2481,9.369
7.3768,3.0866
4.0422,16.001
11.817,11.615
11.73,11.668
0.88001,18.595
12.16,6.938
-0.15426,0.061372
0.31018,17.849
0.063356,-0.025977
-4.5743,-14.139
-2.6692,-10.037
-2.0124,8.5203
-11.646,-12.801
9.4436,-7.3711
4.4773,1.2297
1.7184,15.508
10.946,18.297
13.502,-10.221
-6.8827,-3.9001
-19.313,4.9129
-4.0271,-4.1513
-1.7734,5.4546
13.652,9.3941
4.7878,10.75
9.2269,-0.39356
7.3483,8.3359
-2.6934,17.867
4.0522,-5.1808
-14.137,5.8429
-6.1838,-18.276
-4.3691,-1.281
-0.6702,-7.5022
-1.2481,-3.8621
-14.271,8.9062
-14.307,11.563
1.4254,15.639
0.10766,-12.45
6.9379,24.756
11.519,4.428
-11.76,-0.0778
-10.431,-0.10149
-2.0368,-0.33439
-6.3921,-6.3584
-3.4382,-25.166
-2.071,8.6739
8.3162,-15.499
13.819,9.4333
-0.32556,-9.5511
14.004,-3.9502
-14.306,10.051
-18.066,11.626
11.466,3.2955
-5.4774,-2.4146
-4.4996,13.554
-17.978,11.595
5.6676,6.2396
-22.417,0.16274
2.5871,9.8704
-0.056771,-12.827
5.5889,3.1308
7.0379,6.5075
-1.0459,-3.2146
-7.396,-4.0103
13.256,-10.475
-5.8595,-12.955
-6.4382,-6.1548
-1.2233,-4.2763
-2.2251,8.6155
-13.256,9.9804
-6.4101,-6.2116
13.874,8.4281
6.7022,1.2687
-7.2303,-14.556
-4.2564,-1.1534
-6.0002,12.36
-7.9835,-6.6783
-11.633,-12.779
10.132,10.49
5.6942,6.3292
-2.3542,-8.5593
-11.605,-12.756
1.1698,16.588
0.49503,18.219
-7.3919,-8.5331
14.648,9.1116
-5.9833,-3.2084
16.266,1.1213
3.1358,0.038747
3.8386,0.085177
-0.49407,19.196
2.5291,-0.17237
6.1011,-18.488
2.2517,-9.7826
-20.225,9.0594
7.8678,11.541
-11.549,2.9256
0.30862,-0.34816
1.9646,1.8531
2.0665,-0.0082402
-7.2892,-1.3338
-6.3894,-0.20144
-0.03717,12.88
12.846,-7.1359
2.8687,-0.23017
8.5497,1.215
6.0546,12.888
-5.0976,10.005
14.818,-3.6185
5.8192,12.976
0.99947,15.743
6.2484,-0.28067
5.2744,0.80807
13.435,-6.915
-7.9104,-2.8432
-1.1975,19.562
15.077,-0.14368
5.8344,-6.4465
17.666,3.0914
4.2338,-18.873
17.792,0.0040572
-17.688,3.151
-6.5812,-6.1427
-1.9309,-3.8164
10.129,0.21519
3.3917,-15.885
0.34452,12.536
0.35317,12.576
14.292,-3.6555
-3.6043,-5.7141
2.6517,4.1829
2.6515,4.1832
-3.9819,-13.293
-3.0862,-9.9984
7.622,-9.7537
-11.53,-12.967
6.167,-6.9347
8.2669,9.5953
0.14941,12.551
8.274,7.5125
-0.72194,15.451
11.381,4.4524
13.11,-10.575
18.126,-1.4133
12.563,2.6157
0.65124,4.3329
-4.1693,5.0388
-11.116,-4.8082
8.8661,-3.7559
-6.0045,-18.505
0.26404,-24.399
3.1785,-0.48621
-15.984,11.069
-6.6548,-6.2326
-2.7772,-10.273
6.4597,12.549
-0.52782,8.6332
-14.115,8.2032
-2.6246,17.711
-0.0044726,13.227
-0.67386,7.7067
3.1176,0.00078388
9.8375,23.247
0.97765,15.62
-6.2764,16.026
12.777,0.10236
4.6682,-2.045
17.69,3.081
-7.5913,-6.6864
-5.5881,0.60705
6.027,13.03
-1.8078,-18.903
-2.6385,17.696
2.3191,16.406
-10.41,12.151
3.8692,-4.8171
7.9066,13.086
4.4747,-8.3915
-6.704,2.8082
-6.9423,4.2984
17.895,-0.092411
12.393,2.7084
-11.683,-12.723
0.065608,-0.24786
5.1242,10.578
-5.593,4.1151
-2.6347,-4.9501
2.4539,6.3854
3.5618,-4.2556
-2.6939,0.52612
16.955,9.1716
-0.79438,-3.0453
11.825,6.0296
0.057552,-12.716
3.0632,12.205
-2.943,-0.90778
6.9289,-6.5294
5.0447,2.7098
5.0234,2.8032
2.6737,-10.251
0.64067,-12.57
12.264,-7.1804
10.369,0.12454
10.343,0.18654
16.463,-0.9546
-2.7997,-10.824
6.0955,13.08
13.572,-10.126
2.4633,-0.21718
10.067,11.994
-21.667,9.6448
-3.0255,16.026
7.03,-20.736
0.36828,12.896
-2.8804,-16.085
7.2357,11.729
-0.40031,12.56
5.7121,-6.3372
0.1385,-12.788
-7.0424,8.3782
-8.4775,9.9901
3.1938,15.513
9.9047,-2.406
-11.915,-6.3938
6.0093,-6.8511
-6.0015,-0.50052
2.6144,9.8034
-9.9617,-3.9762
7.5429,-9.8751
-6.6226,-11.587
7.6099,2.2383
7.4175,-9.1508
12.289,-4.8589
-3.6515,2.5643
-6.8196,-6.4513
3.007,-9.5922
14.603,9.2938
-3.904,9.2309
5.2355,2.8675
13.235,3.9066
9.0708,12.849
6.9679,6.5235
13.988,-4.4485
-9.4359,-3.4107
2.9516,19
2.361,-0.11591
-23.74,3.3514
-0.0075589,12.285
-8.9168,9.1491
11.939,-2.7682
18.55,-0.5838
12.433,6.3826
-2.2128,-0.41607
0.93892,18.795
6.4036,0.1057
-8.3568,5.3628
9.5745,10.898
-1.795,-0.20228
3.3507,18.837
-0.038551,14.021
14.55,8.7219
-0.24451,-3.1308
7.454,-14.337
-3.4741,6.4113
6.1491,10.346
-2.2779,8.7938
10.692,16.297
-13.895,9.0601
-13.87,9.1248
-6.8521,-6.3971
-6.813,-6.3542
-8.2028,11.826
7.7009,0.55599
6.4129,-4.1487
-3.3707,6.5603
-7.2636,-1.2683
-10.208,12.571
-7.3317,-23.068
-9.8367,-3.5293
2.8614,9.225
2.3305,-0.11074
5.4521,-6.1988
-19.056,6.8629
-3.4904,0.16717
-7.0857,-2.733
0.048215,-24.313
-2.9251,-9.4896
6.7738,1.5485
6.6264,13.96
-18.217,11.721
3.0541,12.799
-3.5724,-8.4312
-9.1404,-12.557
-6.4351,6.1147
-6.6694,-6.2476
0.15155,-12.442
3.1449,12.923
-3.0518,3.4333
7.1352,-3.6235
-7.928,4.8737
-11.417,-12.859
2.9817,-9.7662
0.78876,16.926
-3.0128,0.3124
-9.164,-3.0304
-3.6118,-6.4913
10.023,0.20041
0.019105,-11.833
-2.7154,2.4862
-0.6346,0.85196
14.977,-3.8302
0.00075882,12.575
-6.4383,-6.22
2.0063,1.8346
-14.663,9.6825
-14.046,10.047
-4.7216,1.3937
6.1732,-6.0093
14.553,-3.7297
0.13513,-0.026869
-6.1058,-6.4129
8.842,4.0333
13.611,-7.9126
0.093482,12.625
-0.068058,-3.1727
7.8132,-9.9724
3.1714,-5.2759
2.1321,19.412
-3.1509,-15.553
5.0942,-8.6911
-4.8132,-14.931
5.8068,12.365
-7.5891,3.8226
3.1309,12.567
-7.8713,-6.623
-6.2277,-12.025
-3.8352,19.109
-5.1577,-4.0748
5.4602,-6.5268
-1.893,12.189
-0.049574,12.614
-5.9024,-12.07
-5.7366,-12.006
0.24855,-9.2005
18.183,-1.1106
0.15131,-24.335
12.934,2.7856
-5.4315,17.219
5.5768,2.2358
2.4385,9.5849
-3.1997,9.749
-0.10835,-0.035366
-11.455,-12.855
0.01503,-0.11586
-8.9826,-3.283
-14.225,8.4727
-7.354,2.8061
-6.7109,4.6615
-6.6842,3.2141
-10.569,-6.5647
0.28801,-12.556
-0.16673,16.9
-2.8848,-4.066
12.5,6.4544
-6.5416,4.3757
-3.4032,6.4865
-5.9947,9.9309
0.94216,9.4624
8.932,3.9786
-6.4175,6.235
0.4442,12.668
-5.955,-12.612
7.5251,8.2562
-4.7675,-8.2343
-2.0458,6.4092
18.099,5.4791
-0.57517,-12.545
-4.3221,4.3263
14.906,-1.2098
-4.6715,-8.0281
1.2038,0.21024
5.8048,-6.689
-14.4,11.588
-4.9627,-14.326
2.3806,-0.15019
18.039,0.20547
0.31107,0.11225
2.5424,-4.045
9.4456,-0.015649
-4.0192,-9.236
-0.99606,15.499
17.886,0.024095
-4.5692,-3.0772
2.2373,6.411
-6.3808,-2.5692
-10.43,-7.4469
11.811,11.505
-3.7691,-7.447
-6.8818,7.6251
2.7062,4.1566
-5.6543,-12.832
1.5071,0.15361
3.1279,-5.1987
-0.13726,12.58
-0.08756,12.941
-0.37287,1.4751
3.4767,16.191
6.0313,6.4892
-11.925,-9.8468
14.946,9.9603
7.1761,-4.144
1.9942,-10.062
6.0706,-9.6478
0.25426,-24.333
0.27748,12.524
12.66,2.848
11.646,-5.0518
-2.2004,-3.9816
-2.2764,-3.9464
0.49773,12.821
-5.2191,11.599
18.403,-1.986
3.4825,-3.9511
-3.2707,3.2746
-6.5115,-6.9064
2.3048,-4.2254
-5.5452,10.335
-5.9739,4.4951
-5.5039,13.829
-4.2191,6.1423
-2.4372,8.6359
1.4147,0.13426
-9.3063,-2.8872
0.13354,16.856
5.9096,12.913
0.82274,13.249
-6.0497,-3.1424
9.6765,9.5456
2.0825,19.008
13.24,0.66611
-9.8817,-3.362
-22.321,7.4912
0.71343,-7.5752
11.8,11.628
-22.118,2.722
10.831,9.7664
-9.1791,-12.91
3.3122,6.7089
5.4483,-6.8065
2.8786,15.705
2.5323,0.049277
-10.055,-4.9731
-7.6997,5.8159
12.226,10.762
-7.9662,3.0154
10.993,-8.47
6.8501,-5.4
10.8,15.808
-1.1833,5.3695
6.2587,-0.18577
-7.5471,8.2395
-2.7493,3.4705
11.919,-9.2794
10.266,0.1551
-6.9357,0.21557
0.6741,15.742
8.5642,5.1487
2.7555,-5.2314
-7.6462,-12.02
8.4675,0.98621
-5.8886,-12.635
0.071299,-12.768
2.5915,9.9476
2.4963,10.032
5.9067,-6.0329
-7.799,4.3935
-13.877,-2.0084
-5.6215,14.652
4.2697,17.617
-1.0194,1.6224
-1.0387,-10.031
-8.0958,11.727
5.7567,-6.4228
-0.66162,1.2416
2.6179,9.9687
-3.7055,6.5303
3.5899,13.06
5.5174,12.096
6.2126,13.015
6.1992,12.761
-11.769,-0.15621
0.14827,-12.783
-7.6494,4.3607
-20.411,11.212
-0.031342,12.57
1.5116,-0.038244
-12.557,-0.010581
-10.977,6.7417
-3.2492,0.25142
-4.7208,0.43326
-6.4541,14.794
1.2791,9.4265
6.34,-0.12103
-2.977,-25.266
-7.8451,-22.252
-2.0959,-12.188
5.6754,-6.8987
5.6811,6.285
-0.015949,-24.303
0.92294,-15.768
17.937,-0.17019
-6.0108,-18.374
-6.3057,-17.444
12.291,-4.4347
8.4247,-14.179
-0.003944,-24.342
8.3923,-4.5093
8.2483,-15.852
5.6298,-19.401
-11.588,-12.792
-0.31771,-7.5313
-2.716,-10.713
5.725,6.4163
-8.3776,3.1016
5.7182,6.3557
-23.834,3.9414
7.3121,-0.072109
8.9653,22.14
9.3948,-0.2928
12.08,1.7321
16.16,8.0995
-23.827,3.8744
-11.416,-12.858
0.21748,-24.483
-17.976,-2.3477
2.3688,1.6012
-11.587,-12.761
17.778,0.036568
-11.595,-12.848
-11.387,-12.871
-5.3219,-25.638
-13.814,9.0641
15.336,-2.13
-12.012,4.3355
-11.514,-12.775
-8.4407,9.0129
-2.6374,-0.55288
7.2929,-2.5817
-11.702,-0.13083
6.0117,-9.6563
-4.2166,17.439
-1.8459,-0.148
-5.2344,-25.546
-11.822,-0.20286
2.8272,8.149
-4.3542,0.24821
2.7136,9.2005
-5.2613,4.7993
8.2702,24.881
-3.505,-12.343
-5.9875,-0.34316
-5.67,7.0224
5.7188,6.3965
-3.7656,0.24168
-2.4024,-1.6406
4.9353,2.7355
13.331,-4.8843
5.7513,3.2122
-8.3588,0.14562
-6.0976,-6.4613
2.0322,-4.1823
17.835,-0.006977
-0.17365,-12.418
-5.2233,9.1037
-2.4741,12.639
4.1663,-12.005
-0.15277,-3.0722
3.0577,12.636
-1.8283,-6.3409
-5.5009,4.5754
5.6601,-6.2818
-11.631,-12.785
5.79,-7.0475
-10.539,-7.5853
-9.3684,-3.0055
-9.8745,-3.3525
-1.7727,-0.10714
-19.368,5.1048
-8.0268,4.3389
-3.4408,6.3676
-3.8721,-12.034
-8.718,-0.27798
9.3245,-7.4838
-2.3011,6.1038
-8.1291,-2.2072
-1.9597,0.72134
-1.7734,3.6911
3.7423,15.996
-15.413,10.163
-3.4736,-8.6628
9.6798,5.0036
2.5488,9.9734
3.1734,3.7815
0.012524,-0.19393
-3.2414,-8.1992
14.957,10.251
4.3216,-4.316
-6.5182,9.0237
-6.8822,-15.571
5.4764,-6.4981
-14.841,9.4664
4.7747,4.1981
4.8615,2.9864
-11.865,-0.25269
-0.11453,12.423
9.586,9.517
-11.623,9.8987
-2.7595,-8.0499
-4.2131,9.8552
-6.4095,14.752
6.1467,-0.17583
-2.0735,12.142
11.981,-9.302
-0.05198,12.622
1.0972,6.8695
-6.3569,-18.19
-8.7424,-9.3246
-4.1987,9.7822
-2.0587,-0.2833
-8.7346,-9.2922
5.9786,-6.488
0.42497,-12.171
-21.61,7.4245
-15.63,10.275
-2.197,12.591
-6.6769,8.9224
-19.746,9.8651
5.1791,9.9204
-11.051,5.0194
-2.5209,6.5337
6.1342,12.842
8.105,-5.9275
-3.6957,-12.294
11.802,-9.664
-20.269,9.1624
-3.1679,-9.9294
7.6618,13.967
8.8004,-4.7648
-0.30577,4.4865
-3.8175,5.8529
-8.2391,10.153
-0.73572,-12.721
5.039,-0.69333
6.052,-6.3522
-3.4827,-8.6744
-6.2512,6.0943
0.58215,-9.0437
4.2436,1.478
-11.785,-6.3969
1.5053,0.16419
-3.9722,-17.825
-4.2572,-7.0238
-3.2309,9.5916
4.2855,0.71787
-5.0813,-18.148
3.3132,0.73488
0.090461,9.0298
11.794,-9.6945
0.072518,-0.098395
-14.576,10.176
10.848,-1.2016
0.12974,0.081051
10.46,-10.234
-3.2748,-19.211
-11.627,-12.775
-3.0964,-19.145
-2.3946,0.75831
5.4554,-13.828
2.1558,-18.999
12.25,4.7452
-23.709,3.0413
-3.1688,-6.4633
0.11313,-24.294
-4.9296,-25.607
-11.654,-12.745
5.7155,6.3926
7.7603,2.1891
2.9219,-18.871
-3.1458,-25.327
-3.327,-25.027
-11.344,-12.816
5.7208,6.3667
-9.2963,-2.9245
-1.4113,-24.882
0.15483,13.901
6.0042,-9.7187
-2.6656,-19.329
7.4698,24.868
-11.471,-12.778
-17.905,-2.4732
-3.0671,-16.111
12.164,13.302
11.703,19.305
5.358,-6.4844
-1.1743,-3.8074
-11.63,-12.779
8.5587,20.279
-6.1514,-25.319
-11.647,-12.784
6.6618,-6.9083
1.5324,8.0757
-18.069,11.657
3.3343,3.1111
-15.342,-3.7981
5.7248,-9.2833
0.23548,12.915
-0.58472,13.995
-5.1431,11.388
3.3502,3.877
5.81,-6.3804
-11.758,-0.14877
1.8713,16.938
3.0094,-0.2336
-11.927,2.4691
6.9279,-6.6235
-11.756,-0.14748
12.66,2.8517
-0.64908,-7.7446
-6.3126,11.749
0.22282,12.752
9.4523,-14.161
-5.3436,11.467
-5.4984,14.694
7.4834,14.138
2.4919,6.3467
-4.0716,0.31115
-5.1468,12.921
-14.263,8.945
13.267,4.0223
-4.7921,-3.51
-3.6859,-6.515
9.6575,16.762
0.12602,12.859
6.8389,9.9798
-7.6546,-1.9383
8.8131,-6.2379
-6.0975,13.469
-5.8365,14.566
-2.5077,-19.44
-2.6442,8.9259
2.9252,14.868
-10.452,-5.1411
-8.604,1.383
-5.452,12.999
-22.33,9.1434
-18.05,6.4775
-0.74922,15.513
-0.2372,12.663
2.5658,-4.3135
-19.105,4.1612
9.276,4.6496
1.9886,14.129
-12.507,10.941
12.895,3.0854
6.2566,10.797
-5.944,16.106
-5.621,14.653
9.5563,5.7717
-0.15828,12.487
0.27887,12.18
12.21,4.8631
14.657,-6.9664
-4.6674,-3.6531
-18.089,11.657
-0.36942,-7.4218
-11.452,-0.069835
-7.4324,3.0889
-0.79318,7.5202
-8.9856,-12.863
7.797,3.184
-1.484,11.152
-3.5388,1.953
-8.9398,13.274
-8.4267,9.3259
18.106,0.11485
9.6265,0.26621
2.6032,9.8328
3.5186,15.873
-7.6853,4.5713
8.4974,5.0837
-6.1799,16.139
2.2644,-4.2519
3.4166,11.766
3.1657,0.14932
-21.876,1.8696
7.6615,14.031
-6.4047,-6.5998
-6.4801,6.2004
-15.314,-3.591
-3.6748,-0.6181
-2.9311,0.48633
-9.2918,-2.8443
0.034611,8.5898
-4.4672,0.25944
-3.7871,-6.2633
1.443,0.11615
-6.0927,9.3573
0.097395,-3.1057
-11.404,-12.812
5.7697,12.705
-4.9347,6.5763
3.473,15.643
-6.4048,-6.5996
17.713,9.9929
0.067344,-18.959
-12.81,6.8042
-0.34767,-24.521
17.937,-0.17019
17.981,0.056196
17.937,-0.17019
-3.2368,0.40437
-11.94,-0.046108
7.0152,-20.777
0.067663,-18.959
-4.491,-25.564
6.4151,0.24771
-1.5691,-24.959
-5.8637,-18.419
-4.5442,-25.25
-6.6226,-6.3926
-6.2257,-12.524
-2.1132,-13.153
6.4145,0.24864
-2.8515,-25.21
4.5589,-17.582
-7.9446,-5.5242
9.4553,-14.137
0.049816,-24.336
-9.2164,-3.0266
13.145,-7.0342
13.146,-7.0339
9.5242,-14.113
8.8007,-3.6612
-4.1617,-23.978
7.3092,1.8329
7.3147,1.8336
-1.5032,-24.925
-1.5777,-24.992
0.2776,-16.106
-1.6924,6.7819
-9.216,-3.0871
4.5593,-17.581
-0.053336,-12.7
0.0014744,-5.8122
9.0215,-13.894
-7.3225,-23.113
6.0431,24.251
3.3712,3.8901
10.9,3.2571
-11.376,0.051589
10.465,-1.6071
8.3112,4.6328
2.9379,4.5307
2.2224,6.4402
8.7242,-5.4866
8.7245,-5.4866
8.2048,4.584
-3.9758,-19.975
-19.467,9.4635
-1.5439,-13.271
-2.978,-25.29
-15.316,-3.5171
-0.015914,-24.447
-0.1624,-12.555
0.79272,-18.345
0.24961,-7.7858
1.505,-9.8047
-4.8796,18.971
-1.7737,-13.747
-2.7971,-1.1696
0.35199,-7.4544
8.7978,5.84
3.4189,-0.63339
5.5058,-19.34
4.235,12.27
-0.064865,-11.994
5.4325,-6.1562
3.6454,2.0538
-0.52867,-4.7961
-11.919,2.4482
-11.514,-12.741
4.27,17.617
-17.893,4.8433
7.5814,20.102
-2.9562,-0.59758
-5.7948,14.515
-0.090052,16.373
-6.4961,-6.1878
-4.2533,-17.622
5.8529,-6.3437
-3.1704,16.919
12.517,2.647
-4.0192,8.1376
0.35695,-2.9484
-0.33833,12.822
9.5472,5.976
0.031548,3.1943
-9.0027,13.268
-3.1377,9.5174
4.7349,-8.4571
-0.32567,-4.9587
-10.073,-6.3815
-22.247,7.4156
-20.222,4.4256
3.1531,3.179
17.298,-2.2981
-5.7922,-22.249
0.073844,-12.68
3.0149,12.661
-15.662,10.269
0.24993,-0.089225
-8.2062,9.0391
11.299,17.904
11.37,18.862
-3.0017,-1.7589
2.6303,19.252
-16.156,11.068
-23.694,3.0113
-11.606,-12.788
7.2427,21.64
12.001,19.394
11.499,18.797
9.8269,18.653
10.204,19.441
10.31,19.209
-11.623,-12.786
-12.231,3.2199
-11.68,2.851
2.8511,-9.5349
8.7379,20.42
7.4407,22.049
-14.952,12.792
10.276,19.608
2.023,20.342
10.33,19.3
-11.655,-12.801
-11.646,-12.811
-11.911,-0.26993
-6.0167,-18.565
-5.8117,0.56302
1.9792,19.959
11.515,19.152
11.43,19.082
-11.611,-12.752
7.4967,24.672
-20.927,7.4976
11.865,19.37
-11.864,2.5405
10.736,16.641
7.0803,24.911
-1.7401,-23.324
-13.988,4.5005
11.527,15.759
-16.367,11.142
-11.657,-12.749
-3.9834,-24.996
-11.71,3.403
-2.8552,0.3677
-6.1925,-0.87104
-12.058,6.6565
-16.015,11.048
2.6925,-0.11758
-11.644,-12.785
-20.198,5.3519
10.125,19.663
-4.336,-10.399
2.2518,20.447
-3.725,-25.026
6.0065,22.82
7.5193,24.745
-4.7611,18.741
4.173,22.451
-12.282,3.3355
10.825,16.015
11.477,19.319
10.636,16.987
-18.031,5.0223
-11.701,2.7208
-13.114,9.7861
11.551,18.628
-6.3046,-1.1099
-11.971,2.5456
-22.036,9.3643
-20.111,4.4982
9.6562,17.649
9.8352,19.11
10.084,19.295
-3.1231,0.82826
13.137,15.175
-6.0116,-18.472
7.5832,24.73
-2.4816,-24.822
-18.743,3.2603
-13.599,6.0511
-4.9355,-19.546
18.617,-0.47946
10.278,19.797
0.17118,-5.1243
5.2117,22.083
-4.3361,-10.401
-20.88,7.826
-20.445,5.4761
10.02,19.688
10.11,20.034
-11.245,4.5709
-13.719,6.798
15.564,0.52807
-15.309,-3.6718
-11.664,-12.766
10.398,-0.61009
-3.0566,-23.391
7.9761,9.5513
12.943,0.31824
-22.708,8.5187
-20.588,4.5774
-11.747,5.62
8.4847,20.415
0.52376,-23.389
10.817,22.136
-12.816,4.697
-12.674,4.6315
-11.587,-12.774
-12.393,10.968
-3.2689,-14.702
0.33379,12.958
-22.502,7.6307
-22.462,7.5299
-22.7,7.9126
-11.597,-12.858
-21.021,7.3333
-17.64,3.4624
9.4641,0.69683
-2.8278,-1.1627
-7.4115,-22.819
10.384,7.7713
-16.247,11.108
5.579,-19.291
-13.786,9.156
-9.2073,-6.5155
-10.978,7.2876
-11.658,-12.811
-5.7188,-18.455
-18.9,4.6783
-14.368,8.1906
11.326,19.185
3.6837,7.4353
-0.042817,-0.10065
-5.6948,-21.51
-13.586,6.4896
-12.863,4.8534
12.46,-7.3864
-12.22,3.2796
-14.666,-2.4563
0.42931,-11.973
13.793,17.435
13.264,-10.464
-19.064,4.7144
6.7159,24.832
-13.721,-1.9173
-5.059,-18.011
-0.0078135,12.285
-1.2481,-3.8621
-2.9249,-23.407
-8.4929,1.1428
-3.2274,0.20328
-3.2495,-0.91484
-4.3534,-25.524
-11.948,-6.4164
-22.351,-0.0053688
-20.125,4.5015
-5.4896,-18.434
-23.636,2.855
-3.0101,-23.411
-5.8449,-25.354
0.15799,-24.468
5.9077,-19.403
-12.044,6.6107
-2.4275,-19.41
9.5979,1.4418
-3.475,-19.2
0.10007,3.1884
-0.13416,-12.519
-4.9152,-18.217
-23.359,2.0365
10.281,-7.9363
-2.7553,17.803
-14.258,9.0076
-3.9755,17.434
-11.834,-0.25882
-12.079,6.0351
0.27035,-24.379
-23.145,1.6999
-23.698,2.942
-23.428,2.1641
2.9719,1.5646
-23.714,3.0785
-1.6189,-24.954
-23.076,1.8236
13.189,15.1
-22.888,1.6526
-23.041,1.7629
5.9326,3.2264
-5.4144,-25.628
-20.218,9.1223
13.232,4.1279
-11.644,-12.785
-4.5025,-13.482
0.22009,12.706
5.2577,-6.5071
4.1546,5.0655
-20.333,11.259
5.4949,11.866
-9.3814,-13.033
-19.217,4.8479
-10.036,12.427
-6.4297,-23.345
-9.0125,-12.859
12.079,-5.9037
-4.714,6.4377
-5.6129,12.96
10.819,8.6786
-0.094686,12.587
1.6927,0.1202
7.371,-2.4901
-5.8777,-22.652
-11.339,-0.053253
9.0732,6.455
11.665,4.0607
10.883,8.9111
3.243,-4.2727
-20.302,9.1789
-2.1505,-7.7335
0.2854,12.636
-7.3137,3.6862
16.357,8.5379
2.3323,-15.933
8.7188,13.074
5.9234,24.146
-23.565,2.5248
-5.2231,5.3601
0.086679,12.676
-9.3457,10.055
-6.5954,9.3792
-2.9913,15.898
2.7124,12.844
13.997,9.7049
-17.645,10.886
-17.598,10.871
-2.5177,5.278
0.50664,12.656
-7.0938,-4.5303
6.0589,12.802
0.32053,-24.362
12.03,6.7245
5.9131,-6.748
3.5175,18.442
6.0469,0.8467
6.0469,0.8467
-2.7553,2.5172
1.4544,6.5574
0.089803,12.813
-4.8371,12.663
-12.59,4.3976
6.7749,24.67
-13.836,6.6293
4.5325,2.7474
-5.8751,-12.514
-11.882,-0.23646
-6.2533,-25.298
-3.7002,6.81
-3.6872,1.5599
-8.8897,13.222
-8.5479,13.652
0.38941,19.105
-5.8326,-12.955
-0.17882,12.736
5.7095,-0.6843
0.19323,-18.041
-22.226,0.18442
-11.614,-0.013994
-6.4759,-24.447
-11.787,-6.402
2.8643,-4.044
0.16854,-24.475
-11.756,-0.028833
-14.659,-2.4691
0.22416,12.725
-7.5137,6.8809
12.141,-5.9633
-3.112,-20.023
6.8859,-13.564
0.4888,13.003
-8.4236,-0.46271
9.1987,-5.0217
0.082478,12.28
0.25638,12.62
10.694,-3.1943
-11.245,0.11677
0.43057,-3.251
-2.8551,0.36767
11.53,-4.2269
-8.1135,11.703
-19.972,7.6938
-5.7137,14.541
-9.0689,9.7532
-1.283,-17.224
-5.8025,-12.826
-4.3817,19.222
-0.51113,17.671
-12.348,9.6261
-17.734,-1.0722
-9.051,12.921
-0.24561,12.871
10.316,-3.4171
-23.594,2.4979
1.9082,5.0882
5.6298,-19.401
1.0471,6.8164
-3.0011,-16.23
-4.39,13.677
8.0162,-5.3726
-8.6787,-4.4598
0.42358,-3.0257
7.0614,2.1177
0.10085,-12.528
-17.226,5.0732
-0.17537,-12.347
10.269,-10.577
-4.1292,0.40737
-8.8894,9.6037
-5.8423,-6.0184
18.366,-2.2134
1.3559,5.1638
-8.9347,3.3518
-13.929,-2.0787
-2.8176,-8.829
4.349,12.556
-20.993,6.3951
-2.5968,19.599
11.919,6.2777
0.020497,3.1889
-0.016762,3.2256
2.5687,10.065
-22.207,-0.17547
-3.6977,2.5932
-9.0167,12.678
-4.9286,17.713
-14.312,12.459
2.4573,6.3875
14.942,10.255
6.0984,-18.829
5.7034,-18.797
9.1323,1.8765
6.0522,12.844
-13.974,5.9693
-5.3132,12.882
-22.438,0.2067
0.31981,3.2256
1.6621,9.6433
8.9388,-0.54213
-3.9928,-8.2957
-11.591,-12.855
0.27558,19.08
-8.4944,-9.4559
-5.5323,6.9549
8.9174,2.4906
2.3111,1.7888
-0.0013337,-12.769
-0.054863,-12.805
0.21526,-24.484
-2.9139,-25.29
-2.4299,-19.356
5.5066,-19.344
5.6508,-19.331
5.4637,-19.382
-11.53,-12.981
-11.444,-12.942
-3.1458,-25.327
-5.4944,-25.382
5.5103,-19.357
-3.2711,-16.161
-2.4253,-15.813
-3.4452,-19.292
-6.0007,-12.072
0.15244,-15.335
5.1744,-19.553
0.012473,-12.814
-3.2619,-16.123
-3.9364,-24.196
0.068066,-24.329
-3.2842,-19.484
-5.0384,-24.098
5.3415,-19.468
9.4813,-7.2298
2.7583,-17.066
-0.21911,-12.449
-11.648,-12.804
-11.636,-12.806
-11.637,-12.802
2.1647,-16.037
-0.91612,-12.659
-4.007,-14.481
-3.8869,-14.357
-6.1713,-23.402
-5.5461,-25.523
9.2886,-17.347
0.12341,-12.743
4.0008,-7.4626
7.3401,-13.804
-1.7891,-10.446
-0.19884,-12.53
5.9492,-19.385
5.9422,-19.381
-6.0116,-18.472
-11.574,-12.762
4.5254,-15.065
-0.21961,-12.567
-14.001,-2.134
-11.794,-6.8761
-0.16158,-12.555
0.24048,-24.465
-10.078,-9.5654
-2.7399,-22.669
6.5,-17.544
5.9674,-15.824
-10.105,-9.4205
-11.631,-12.773
-11.648,-12.767
5.9129,-6.67
-3.0915,-14.829
-0.12854,-12.532
-6.5606,-23.186
-7.7676,-11.64
13.625,-10.09
-6.5398,-11.572
6.7225,-7.6759
7.4672,-8.2442
-2.2575,-13.094
-3.167,-11.715
5.8307,-6.728
3.6162,-16.017
4.0271,-16.219
-8.3651,-9.7277
-9.7486,-13.641
0.18202,-12.605
0.17744,-12.693
-11.833,-6.5841
10.508,-10.667
-6.3814,-23.759
5.4794,-19.267
-5.6556,-12.898
-0.10651,-12.54
-6.3115,-25.082
-15.447,-3.0539
15.009,8.3892
16.841,-3.7902
0.2643,-24.418
6.4606,-8.0074
16.066,-1.9518
5.7665,-6.6372
-11.672,-6.5355
-7.5731,-11.853
-4.3895,-8.8504
6.4424,-16.802
-1.8237,-12.19
-4.336,-10.4
4.7986,-8.3015
-2.3805,-12.105
0.21093,-12.619
8.2825,-16.286
-0.18738,-9.6766
5.702,-18.658
-0.05131,-12.541
-11.658,-12.818
7.4469,-2.2452
-8.7025,-9.535
5.8554,-1.0278
-0.33373,-5.1424
6.7811,-5.6791
8.6926,-14.11
6.1638,-6.2592
4.6556,-6.2351
5.8817,-0.91323
4.7146,-0.5224
5.3438,-0.49302
6.0848,-15.973
-4.4435,-10.243
-6.435,-6.6874
-4.3186,-10.331
-6.6777,-11.972
-15.444,-2.9527
9.0744,3.9409
11.819,6.4661
11.567,6.2378
5.7373,-1.3582
9.3912,5.3166
7.5677,-2.7877
9.4981,-2.1707
8.5055,-2.2478
9.953,-1.9438
8.4058,-15.492
5.9328,-15.721
15.374,6.1279
12.25,-5.8472
12.182,-7.0792
-6.269,-25.259
1.6695,-3.4088
-6.4812,-24.127
-2.7551,-10.085
-5.7226,-12.647
9.3819,-15.267
-2.6594,-8.7287
6.632,-19.454
6.7535,-19.555
6.9361,-18.221
6.9362,-18.221
6.8291,-18.382
9.8136,4.7057
8.5555,5.0006
-3.8482,-5.7901
0.055511,3.2705
11.418,6.4108
5.8201,1.9839
-11.433,-0.31227
-8.958,-6.3291
9.7098,-0.12242
9.7051,-0.13757
1.4552,-3.1818
-11.671,-12.717
-6.7517,-6.5372
5.9559,-15.827
-1.11,-8.7188
-10.618,-0.37109
4.882,-15.642
1.0948,-8.4457
6.0446,-15.847
0.22434,-8.6136
11.709,18.611
6.0452,12.847
15.846,0.63919
13.05,8.6637
-11.804,2.9681
-5.2669,-4.5759
11.249,18.146
7.5311,6.1589
-2.9767,-1.6322
3.7805,-0.42805
-11.851,-0.2593
10.766,18.666
8.9625,-0.53103
8.9323,-0.49062
-2.5555,-8.2166
0.44056,-3.0073
2.073,6.5048
3.4012,7.4104
10.143,7.977
-11.52,9.7013
9.9682,10.525
6.0738,13.232
10.007,10.633
-3.1292,0.30273
9.9422,10.048
6.2513,12.822
16.29,1.1812
13.365,0.42483
-0.25296,6.084
10.536,19.13
10.361,19.658
8.2661,2.4014
-11.806,-0.31706
8.6964,-0.35926
10.204,19.441
0.12012,-6.9454
9.8177,19.108
5.7104,-14.063
6.0945,12.89
10.218,7.9522
-11.829,-0.20886
-12.22,3.3571
11.703,11.522
-11.856,-0.2358
10.237,10.548
9.4567,10.672
6.2028,13.053
-6.276,-1.038
9.9602,10.014
-2.0355,0.81999
7.9342,20.445
-11.77,3.7124
6.0247,9.626
-3.1872,0.53798
-5.8378,-5.9986
6.9781,9.3153
-14.565,1.8011
11.926,19.441
10.187,19.705
0.0029705,3.1878
-13.541,-1.5374
2.8144,-0.35723
2.2555,0.97759
-7.4683,4.6858
3.0052,3.1107
9.1623,12.659
6.4806,11.233
8.3883,24.955
5.3921,9.7913
-11.295,0.024086
9.3144,10.803
8.1705,24.837
-11.927,3.9436
9.4035,11.052
12.78,0.47626
9.0057,17.639
7.6083,1.3934
6.9962,1.3059
9.2223,17.271
6.9889,21.351
7.837,22.211
10.836,22.198
7.8472,21.711
7.4775,21.546
10.681,22.267
1.4817,0.14442
11.321,15.907
9.8792,18.418
-16.673,-2.1508
1.8673,14.201
2.7029,16.213
4.1663,13.693
-16.014,-0.55387
5.7828,19.92
5.6703,11.349
-1.1832,5.5085
0.73916,12.517
-1.7096,-0.092642
-2.422,3.2637
5.9777,12.882
10.971,14.258
-16.845,3.2116
-11.305,4.3888
-13.788,6.0404
-6.2874,-3.1606
2.0227,0.091495
5.7189,6.373
7.5194,22.108
-14.536,1.9011
-11.956,6.6783
-12.269,4.7141
6.022,24.002
7.4649,24.742
9.0824,11.24
-16.847,1.2428
7.4756,24.704
7.8451,24.645
-13.096,6.8557
-17.105,-2.2941
-10.811,5.3393
-8.6792,3.1784
7.2712,24.811
-6.6221,3.1306
7.2608,24.769
-11.547,9.7288
-11.917,-0.19722
10.233,15.65
-4.4018,-2.8309
-12.203,-0.18256
-1.954,19.481
0.66361,12.698
-15.904,-1.6624
-5.5725,7.049
-17.102,3.2832
5.5546,23.071
-12.064,2.3743
-5.5824,10.404
0.53454,14.618
0.031519,12.574
-5.5657,6.9813
2.2063,20.094
-11.556,9.7772
-15.362,7.5495
-10.902,11.213
6.9973,24.768
5.4245,23.102
-2.17,12.674
-20.023,4.4109
0.044533,12.553
3.0918,15.499
3.9788,22.396
1.0525,18.656
-2.6592,19.589
-17.119,-2.2567
-15.968,-1.494
-11.575,0.036602
-20.149,4.4124
4.0546,22.582
-10.811,11.303
-16.075,7.0351
1.9132,1.8715
-1.3665,11.075
-17.116,1.5325
-18.018,4.7909
-18.018,4.7909
-18.122,4.3273
-18.275,3.9297
-18.174,4.1568
-18.129,4.1792
-3.9163,19.302
-2.1713,19.392
3.6343,22.219
-2.7592,19.607
-17.732,2.8605
-18.608,3.7306
-14.315,10.608
-18.089,5.0042
-18.064,4.9345
-18.063,4.8913
-17.36,6.386
-18.18,5.1061
-18.092,4.9826
-4.106,19.265
-2.9827,19.504
-14.398,11.589
-2.6693,17.777
-18.083,5.1322
-8.905,12.89
-3.1358,19.434
-14.348,11.999
-20.596,5.5658
-20.639,5.645
-14.948,12.798
-20.595,5.7317
-20.612,5.6888
-20.644,5.8186
-6.2996,14.605
-16.426,11.055
-19.175,3.7654
-19.113,3.5402
-14.369,12.448
-20.947,6.6395
-19.798,7.4828
-17.809,10.321
-20.245,5.316
-9.2339,12.987
-22.122,4.7614
-22.425,7.2922
-22.409,7.3244
-20.058,7.7255
-21.033,7.5806
-21.128,6.429
-20.627,9.4927
-19.998,7.8093
-18.486,10.312
-20.697,9.5824
-20.827,9.0062
-22.415,7.6585
-22.504,7.6252
-22.559,7.6145
-22.513,0.26148
-22.53,7.719
-22.915,1.0241
-4.8847,18.99
-23.795,3.7699
-22.713,0.77547
-22.464,0.19096
-22.053,-0.10734
-4.1888,-12.053
-11.657,-12.814
-11.62,-12.78
5.9625,-6.4332
4.978,-8.5024
6.0264,-6.6955
9.3044,3.7015
3.0219,8.9559
-11.689,-12.716
-0.23591,6.0145
18.367,-1.6136
15.173,7.9659
-7.6646,-1.6034
-16.423,1.5602
-16.855,0.83639
3.8364,13.73
-4.9854,9.7649
5.6477,10.437
7.9484,24.726
3.2098,-0.12569
-1.1744,11.019
-11.576,0.036641
-19.628,5.1969
-20.964,6.6068
-4.2732,17.528
-19.909,8.5365
-3.823,-24.57
-15.817,0.88451
-24.03,4.9602
-4.4691,-25.542
9.2055,-3.2431
14.777,-3.5954
2.3283,4.4544
-5.7692,5.9259
1.7767,-15.936
-1.9555,-7.9106
5.6206,-16.896
16.408,-0.57825
7.2613,-2.5871
3.3388,3.8554
10.903,6.0599
0.21305,3.3816
6.3306,-0.15892
8.9153,-3.3143
12.131,-5.3855
10.27,0.1963
5.7099,6.336
15.431,8.3226
-7.3675,-4.8857
16.415,-0.25148
6.3511,12.97
11.95,6.3407
-6.2923,-0.85184
-8.1385,-6.6093
12.776,0.28521
-22.953,1.0549
-5.5523,-15.233
6.2436,0.57697
5.3853,-6.5346
-16.094,3.5125
-20.241,8.5563
12.502,-3.1205
12.479,-3.6602
5.398,19.226
13.788,17.442
7.5695,9.4294
12.479,-3.6599
-6.1521,8.4594
-22.477,0.23207
1.4408,0.12482
11.727,15.746
9.9907,20.298
-5.1788,-20.636
0.20029,-24.481
5.5697,10.519
-16.506,6.0136
-6.6262,0.23802
-8.765,-0.16174
-23.63,2.9043
0.13627,12.683
-2.2614,-12.818
-1.7154,19.131
11.79,19.272
-6.1355,-5.8675
3.0022,-9.4886
-22.343,1.6087
-22.206,-0.18039
-18.252,10.48
-11.63,-12.793
-23.797,3.6096
-22.192,-0.17901
-0.014712,3.221
-11.646,-12.728
10.741,-8.7123
-11.62,-12.78
-12.322,5.5005
-22.188,-0.17919
-22.203,-0.19007
-22.351,-0.015552
-11.613,5.7323
11.567,-4.4201
7.6246,-8.363
-0.16078,-12.558
0.01959,-12.961
-15.817,0.88451
13.783,17.457
5.5372,-19.289
14.68,0.16447
3.029,6.4489
2.2541,6.678
2.2541,6.6781
2.7067,18.225
4.5806,21.547
4.5867,-12.147
4.5864,-12.147
-17.681,3.8391
6.091,3.4058
-4.35,-24.127
-4.2722,-19.357
-22.441,0.1538
0.4293,-11.974
0.42884,-11.974
-0.18822,-12.748
-22.617,8.7616
14.258,-1.2644
11.519,4.428
11.519,4.4281
-11.404,-12.812
13.884,-4.4931
13.884,-4.4929
-0.49407,19.196
-0.4941,19.196
-21.704,0.63666
10.39,-2.9374
12.458,2.6122
0.46969,-11.98
0.46967,-11.98
5.692,-19.376
5.9787,-6.4879
11.345,18.221
-1.9291,13.132
-1.9291,13.132
-1.9289,13.132
-1.9291,13.132
-0.17746,12.645
-0.17746,12.645
-0.67025,-7.5024
-0.6702,-7.5022
-12.347,6.4883
13.783,17.457
-6.5247,-17.203
-6.8374,-16.762
-6.903,-16.577
-6.903,-16.577
-6.0342,-5.9892
3.6616,7.6392
3.6616,7.6392
16.357,8.5374
16.357,8.5378
-12.281,-0.3864
6.0297,-6.4678
-1.1834,5.3694
12.642,-4.4872
11.681,6.133
11.682,6.1329
-11.624,-12.76
1.5107,0.17324
2.3285,4.8876
2.3284,4.8882
7.8481,9.1653
7.8481,9.1653
6.1593,-17.281
10.218,5.4625
10.218,5.4626
13.596,-4.8478
-1.071,-3.1809
-6.0984,-3.2713
5.5112,10.368
-1.8214,-3.8641
10.438,15.839
11.82,1.4988
11.812,1.5037
0.018917,3.2112
-19.759,10.067
-2.442,5.4291
-3.4337,-25.211
-22.188,-0.20772
-22.285,0.0061322
-18.138,6.4138
-7.2152,9.6923
-6.0057,13.717
-1.1034,11.402
-5.5321,9.0218
-19.218,6.8322
-0.23481,12.539
-9.4344,-9.3832
10.29,0.24447
-5.924,-22.2
-9.7466,-6.586
-2.298,15.933
-9.0798,-0.0251
6.7559,-3.8553
-7.6106,5.3228
-5.1221,9.9585
3.3118,11.566
-0.23294,12.849
-20.908,6.7157
-5.9958,-6.4665
-11.669,-12.704
-16.022,-1.0109
0.10023,13.02
-11.607,-12.805
-11.272,0.015347
-19.561,10.318
-5.4762,9.2828
-7.0746,6.1917
5.194,2.8061
-13.507,10.531
-5.4155,10.179
-21.647,0.79959
-5.6917,14.697
-11.898,5.7858
-14.626,-2.4375
-2.8031,19.459
-21.675,9.6946
8.6021,20.209
-22.201,-0.19062
-9.3483,-3.1655
-11.857,6.1548
2.6246,4.2641
-5.898,3.388
-6.2902,-0.1308
-5.5261,14.485
2.4423,9.0815
1.4262,0.099834
-23.172,2.6891
-12.074,-0.057115
-3.753,0.1819
-7.8681,4.3998
-0.43685,-18.527
-0.02208,12.646
-4.4851,-1.9283
-0.92691,15.058
-5.1911,9.4371
-11.077,0.0086286
-11.606,-12.788
0.0049384,-0.17592
-17.964,11.612
-3.1402,-0.072073
-11.538,-12.725
14.197,-9.3691
3.2241,13.381
-0.33209,4.4145
-4.3668,-1.3151
-6.1071,-6.6855
-9.1594,-13.832
7.0916,1.9466
8.328,7.3419
11.798,-5.3261
-18.182,6.46
-11.417,-12.858
-20.055,10.007
-6.0399,5.5765
-11.501,0.060226
-11.69,2.0587
-5.9426,14.567
-5.5542,3.9826
7.3415,7.6813
1.7468,5.5565
2.0671,3.5693
-11.703,-0.04683
-8.9698,-12.8
-11.638,-0.36735
-10.57,-4.4096
8.748,-13.824
-11.727,-0.087808
-11.51,-12.752
3.6183,12.445
-13.906,10.348
-22.207,-0.17069
-8.1393,12.017
10.434,-1.6389
-22.447,0.29243
-7.5013,7.9631
-11.805,-0.22388
-11.959,-0.16531
-17.834,11.191
-6.9861,6.3995
-3.0222,15.914
-16.153,4.7388
-20.414,11.168
-5.266,-20.742
10.21,4.9258
1.8841,9.5407
0.0012375,12.714
0.0075165,3.149
2.6522,0.43407
-14.777,9.1295
-11.949,-0.28898
6.5247,-2.602
14.879,0.026608
-8.7484,9.5918
-8.0126,6.7997
-4.5145,11.306
-22.396,0.061791
-11.626,-12.744
3.2518,0.33933
12.056,6.6766
-22.035,0.28996
-21.266,9.7759
5.4255,-6.5194
-11.782,-0.0018978
-12.172,4.9678
-12.809,-0.66849
-13.99,10.971
17.129,-2.2394
-5.629,15.96
1.4756,0.153
-4.8534,12.676
3.3586,13.094
-0.35497,12.654
-11.713,3.4736
-8.9581,9.2479
-19.932,9.9682
-3.0601,9.5551
-5.1933,10.975
6.8337,-2.8803
-5.9788,3.0177
-5.4006,13.072
-14.812,-2.1848
-21.655,9.6536
-9.161,-0.13365
-2.6306,-0.48352
-5.5759,16.062
17.08,9.0984
10.322,15.698
-5.6308,6.9854
-11.868,2.4613
2.6756,3.539
-19.875,10.047
-5.5654,4.008
-6.6826,10.366
-4.6173,-1.4788
2.1843,1.0373
-3.3121,-25.36
-10.031,-4.7277
-11.611,-12.716
-3.2976,10.038
1.1516,-9.6874
14.777,-3.5951
-11.879,2.6935
-6.1255,-18.689
-6.9614,3.7808
2.0812,-19.133
-12.366,10.974
-22.039,4.6588
-7.4404,-1.2267
18.496,2.3946
-8.4484,-9.5306
-11.06,0.036287
-23.778,3.1655
-22.844,0.86408
3.2793,0.45171
9.9393,6.8439
1.8618,0.067138
-23.816,3.3125
-0.12394,-12.774
-15.328,-3.6911
6.1568,0.026313
2.9991,-9.6293
-10.563,5.8866
0.13784,-12.817
5.326,-6.4045
7.3144,1.8329
-23.827,3.8744
5.2953,21.963
-23.386,2.0477
-22.692,8.5671
-20.991,6.3616
-11.538,-12.83
18.48,2.2467
-22.377,0.042586
-11.483,0.052789
10.902,16.192
-21.157,6.09
-6.6391,10.324
3.2677,13.127
-2.7976,15.906
-4.6755,15.657
4.906,10.372
-2.6664,16.027
1.7978,20.054
5.8358,-6.5985
1.637,14.158
12.63,4.9503
-13.202,10.698
7.3806,22.323
-1.7095,-18.767
-16.156,11.068
-11.635,-12.74
-2.3396,3.642
12.943,0.31824
5.6395,22.95
2.7067,18.225
-5.8136,0.56881
7.1382,22.356
11.088,16.15
-3.2996,-16.032
-11.977,-6.4271
-16.996,-2.2648
-19.003,3.6002
-23.378,3.2388
-6.6839,-6.4296
-11.734,-0.20791
-5.9862,-3.4805
-7.9828,-0.81088
-0.35823,-12.75
10.309,22.458
-3.1294,19.625
-16.556,1.7031
-12.711,4.7256
-12.697,4.7596
-11.639,-12.802
-17.946,11.626
-4.203,-7.0301
-9.1331,-3.235
12.652,2.773
-22.434,9.1729
0.16935,-12.778
0.006103,-24.286
-11.586,-12.605
-3.867,-24.419
-11.514,-12.741
1.2939,0.21837
-2.4643,-0.61476
-20.671,4.571
-5.5229,-2.6097
-18.503,11.815
-5.6161,-20.219
-1.7961,12.255
2.1647,6.599
7.3678,14.263
-10.344,-4.863
-16.286,6.9347
3.024,3.4245
-11.408,-12.812
0.6741,15.742
-12.318,6.4994
-4.4282,14.02
-12.727,0.26304
-5.951,6.5646
1.096,3.9577
3.171,3.7876
14.329,-9.3798
-4.7181,13.311
-4.3235,19.216
-4.4705,19.238
-21.115,6.2444
-2.8502,-16.08
-19.755,10.13
-22.07,3.2965
4.276,-0.36701
7.1311,-4.2107
12.506,6.4731
-5.4682,14.596
-12.008,2.4475
-5.1093,4.3231
-5.5031,10.546
-6.4503,14.78
10.173,6.0504
-0.058028,-0.067684
-15.405,7.4373
3.0619,12.475
-12.247,-0.16135
6.023,13.051
-4.6657,12.645
-0.17508,14.13
-3.2714,19.574
-1.2266,15.273
-12.003,-0.087426
-16.224,7.0185
-11.714,-0.10182
-11.653,-12.821
-9.0131,13.299
-22.197,-0.19936
-19.855,10.043
18.499,1.8292
4.3304,-8.9777
-3.3785,15.808
-1.6936,4.8283
-8.8186,9.2652
-5.7719,-12.813
0.55099,-23.922
-19.362,8.7642
5.9671,-6.3477
-18.882,5.0634
6.0027,12.77
-0.055028,-0.14041
-12.402,10.973
-19.013,5.0687
-22.332,9.1115
-6.0714,-15.743
-6.8283,-3.7556
-6.4427,14.857
7.124,-5.5006
-11.637,-12.778
-20.701,5.9205
-5.6129,12.96
-6.8053,8.8193
-19.011,3.5579
-11.642,0.14299
-22.932,1.0243
-23.311,1.8159
-23.882,3.5207
-22.312,1.6646
-21.554,9.798
-14.139,8.5081
-17.105,-2.2941
6.2467,0.58021
-14.128,8.7906
-17.993,11.621
-23.776,3.1926
-17.864,6.5891
-18.004,11.637
11.538,19.107
-11.567,0.19301
-19.145,3.7654
-23.655,4.2048
-6.4772,-7.0606
-20.131,9.9869
-17.627,3.3332
-3.3095,-12.984
10.953,12.167
-19.948,8.7852
2.9551,-5.1541
-23.606,2.8381
-6.2679,-25.319
0.3726,12.562
12.896,3.5066
0.20512,-12.208
13.783,17.42
-0.38038,12.724
-3.1818,19.57
-15.263,12.805
-3.1937,-25.343
0.12406,3.2676
-15.57,-1.9041
-0.71778,7.777
-3.3158,9.7758
-6.2283,5.8356
-3.0038,16.216
1.4988,-0.99163
-11.475,3.9888
5.3306,-13.425
-0.46187,-4.9138
-5.979,5.9321
-8.9529,13.322
6.0026,12.977
-12.094,0.0098619
-3.707,13.728
0.16086,17.602
-6.6455,6.2074
-21.071,9.7857
-8.1788,4.1195
-5.1192,-1.806
-8.2339,9.0214
-19.073,3.7243
-10.672,-0.43662
0.063041,12.797
-5.3933,12.969
-5.0471,-1.0315
-5.845,2.9705
-8.4991,9.7427
-10.435,-4.4989
-6.3416,11.738
-3.9655,11.287
-7.5888,5.7088
-6.9149,-2.8366
-0.62815,1.2694
5.3801,-6.5332
-6.2541,-0.27332
-6.6638,0.28601
-8.9441,-9.2193
-7.5317,8.2116
-11.559,-0.16481
-10.858,11.293
-14.877,9.5304
5.8323,6.4317
-2.6337,16.117
10.151,-3.425
-5.3461,9.8809
-21.73,9.4753
-22.279,-0.037807
-22.201,-0.18922
-8.8305,9.2386
-9.1669,9.3902
11.551,-4.3905
-7.8666,6.9176
-4.5084,-11.657
0.093093,14.426
-10.779,-4.2453
2.7499,12.844
-9.0296,0.099762
0.37407,12.604
-22.445,0.25173
0.053466,14.405
-21.679,9.8049
-0.031648,1.8921
-8.3581,10.156
-18.834,5.1341
-10.382,-4.4271
-19.854,9.9765
-9.9622,-4.2513
-10.643,12.298
5.3335,11.735
-7.3191,7.7324
4.9213,12.222
7.2952,11.31
-17.829,-1.0236
-7.6717,6.0415
-22.335,0.020143
-22.521,0.23879
-11.609,-0.016083
-4.9279,4.5124
-3.0009,-15.87
-21.526,9.7885
-15.142,7.8865
-6.8763,-2.1705
-16.845,5.9028
-0.36139,12.682
2.2418,7.3974
-14.049,6.4061
-7.4705,7.3519
-20.053,7.8753
-22.196,-0.2002
-11.546,-6.0997
-11.959,2.3802
-6.0153,-3.167
-1.7809,11.226
-0.006945,-24.181
-8.1927,6.8119
-16.238,7.0841
-7.4767,7.4416
-0.44185,14.691
-11.595,-12.849
-5.6671,12.963
1.5692,4.8172
-5.934,-6.0873
17.112,9.0888
-4.3598,-2.5453
13.2,8.6473
-22.212,-0.15042
-10.493,5.9439
-8.963,9.2677
-4.0997,-2.8854
0.42921,12.936
5.7881,3.218
0.46034,0.084125
-6.1194,5.6596
-0.93424,19.356
4.2845,1.1988
-8.6383,-0.17563
-11.571,0.04001
-3.1739,16.074
-2.1717,10.239
-7.168,-23.076
-22.053,1.9443
-4.9306,13.619
-6.0161,14.489
-0.66722,0.81596
-11.076,-4.8831
-22.19,-0.17976
-9.1154,9.3083
-11.588,-12.684
3.8062,13.201
-4.8712,-1.044
1.9659,-4.0683
-6.0905,8.7166
-20.33,7.873
-9.131,13.124
-16.042,-0.63263
-6.2741,5.3752
-5.2023,4.1831
-10.427,-4.4231
-6.1227,-6.0652
-5.661,12.141
-22.202,-0.19511
6.2448,12.994
-11.081,-0.0019097
-7.9237,-1.0481
2.3955,9.9266
-8.9795,12.752
-8.1963,6.6789
-4.9877,17.635
-5.3243,10.937
-7.8866,6.8993
-4.9001,12.801
-9.1324,13.08
-8.6582,-9.4066
-11.646,-0.063644
-6.2799,14.433
7.8541,11.45
-22.185,-0.19696
-22.19,-0.19313
-1.8351,11.943
-6.4843,-24.525
-2.1899,12.772
-20.318,8.611
-6.6984,9.7716
-10.837,-0.093749
2.6305,9.254
3.5088,1.9592
2.5121,10.053
-9.4407,-6.5966
-3.596,10.339
0.10874,-12.741
-7.818,-4.1869
2.1033,-15.831
4.5525,-5.5682
-1.5879,-0.060545
9.1383,12.794
2.7593,12.681
-0.34756,12.76
2.1214,-4.8569
-6.726,9.8449
-6.2535,13.577
-22.19,-0.1927
-6.7056,6.2941
2.1409,3.668
-19.785,5.1276
-0.33878,12.511
-11.54,0.011352
-3.6799,15.876
-3.4225,17.735
0.066549,-24.311
-10.426,-4.4259
-18.406,6.4438
-23.622,2.725
10.603,12.361
-3.7423,-24.81
-2.1511,10.172
-11.156,-0.0035282
-1.9774,12.6
3.9322,1.7988
-0.032856,13.982
-15.955,-1.2023
-6.9119,6.2589
-7.4601,-4.8188
-5.5164,12.705
-6.3523,11.702
2.871,12.365
-2.7164,12.492
-0.49999,14.738
-17.948,6.5299
-2.0836,11.856
-5.5584,9.7744
-1.5251,11.184
-6.9482,4.9113
-5.629,6.9955
-23.248,1.6996
2.5758,12.352
-6.4119,9.0841
-3.0195,12.507
-9.2852,13.143
0.065268,14.565
-6.2679,8.4811
-23.421,2.0912
-10.219,-4.2428
-11.481,-0.029492
-7.8393,6.9232
-8.2021,3.4975
-6.5293,10.848
-2.7734,12.944
-23.359,2.0213
-7.8804,3.0336
-7.9146,-3.3465
-7.8865,-5.252
-12.659,10.113
-22.191,-0.20318
-11.14,0.004893
-16.15,3.441
-22.3,0.052725
-23.238,1.727
-11.657,-12.814
2.4218,10.079
-22.256,0.015019
-6.3448,-7.0609
-22.198,0.096406
2.9603,-2.0431
-0.11557,12.749
-0.15929,12.671
8.1066,-15.337
3.7627,10.943
1.0292,-3.841
9.0596,-3.6131
-2.4357,8.8299
12.676,-6.479
13.167,-7.1722
-11.373,-12.766
8.9535,-6.1382
-6.0165,12.399
1.2939,0.21837
