-6.1509,-0.17726
-20.669,3.0363
-8.7638,-10.687
-2.5046,18.496
-13.635,-4.3327
-17.124,-4.5611
6.7614,-19.093
5.0368,-19.223
6.1011,-19.437
-3.2542,18.551
-15.492,0.50429
-2.0288,-13.89
-13.18,0.97592
-5.2412,20.178
-15.724,-10.549
-19.177,12.246
-9.5583,-7.3665
-16.185,-10.675
-15.201,6.7085
-11.571,-11.006
-10.198,-7.5059
-10.875,-7.8874
-6.8944,-15.28
-10.972,-8.146
0.48503,-16.825
-0.162,-16.291
0.021507,-15.191
-5.2491,20.175
-18.365,-0.2239
-9.8646,-10.81
-0.97797,-15.778
-16.047,-10.714
16.661,-11.105
0.41835,14.678
16.694,0.43894
-16.478,10.476
-5.1239,10.587
11.953,10.44
8.0394,-2.2173
-8.7995,-0.021923
-14.604,-0.62214
-10.12,-7.5612
-2.538,-9.1757
-8.8216,-15.011
-18.065,-6.3949
-10.92,-8.229
4.5369,-0.89614
-7.3934,-7.6251
-10.496,-8.7328
0.62547,-15.756
2.8301,-14.109
0.17485,-13.641
-15.555,-10.576
-0.81625,13.432
-16.344,5.601
-2.2867,-6.4177
-0.23059,-15.996
5.3676,-5.1553
0.2469,-14.818
5.5136,-10.878
-0.23487,-16.027
0.16615,-17.486
15.912,4.8981
-3.7022,19.528
-15.593,5.1299
-9.1277,-11.542
-1.0167,-13.152
-16.071,-12.714
14.665,-11.638
-8.0739,-14.032
11.684,10.289
13.536,-12.372
-17.727,-1.7336
17.026,-11.094
-7.3506,11.039
2.3092,4.5607
5.6394,-19.242
8.0281,-19.977
-7.4001,-16.252
-14.212,6.0901
-8.3203,-2.7984
-8.8279,-0.0033673
-13.548,-12.504
-13.363,5.6801
-6.206,6.6865
-10.266,-8.0343
-4.6779,-13.068
-18.039,-0.009178
-15.213,-11.913
-7.3444,-10.702
-12.034,5.3928
-14.981,-13.408
0.0833,-17.391
-0.0068395,-15.465
-12.82,-15.904
-20.444,4.9744
-15.644,-12.024
-21.081,2.979
2.677,7.5167
5.4638,-20.64
5.4654,-20.661
5.4634,-20.512
-18.564,-0.27221
-14.461,-1.367
-14.979,-11.013
-9.1774,10.429
0.71213,-15.789
13.761,-7.6263
0.81924,-15.452
0.17763,0.10669
-17.205,-4.47
-11.277,-10.83
-14.672,5.0523
-0.95086,-13.006
-14.205,-11.989
-8.3446,-13.581
5.3988,-5.4042
-15.76,-10.427
-10.995,-8.13
-15.432,-12.346
-14.819,-9.697
-0.056412,-17.16
-9.5786,-12.091
-2.1794,7.8023
11.557,-3.1547
11.796,-2.8575
-5.2198,20.16
0.16628,15.66
18.529,-9.9644
1.1525,4.6658
3.9597,-19.751
-8.3409,-2.8366
-19.924,1.9532
8.0229,6.0136
5.2669,-18.771
6.1476,-19.439
-18.509,2.2857
0.013665,-17.544
-16.212,-12.993
0.12706,-17.824
0.10087,-17.483
-8.5705,-12.207
0.1319,-17.7
-2.7092,10.652
-8.6683,-12.135
-9.0948,-11.581
-10.353,-10.645
-11.079,6.6876
0.55128,14.691
-9.8634,-10.82
3.3995,17.377
-3.9076,16.188
-0.33587,17.141
-14.606,5.0791
-15.08,5.0907
-20.779,4.6198
-11.218,5.5213
-10.492,5.2752
-9.2306,-11.404
-7.0752,-13.187
-20.938,3.4065
-5.5335,-15.792
0.39634,-14.233
-14.725,-11.774
4.7389,-5.2469
-1.6528,-4.983
0.067992,-15.373
-0.33838,17.073
-12.988,-15.42
20.787,-10.712
5.4106,-5.1858
-11.316,-13.866
-15.281,-0.69033
-9.9171,-15.125
-15.423,-0.40161
-19.284,0.15392
-17.901,-6.277
-5.6606,10.646
10.395,-19.011
5.1021,18.007
2.7292,8.1821
-3.05,16.193
13.013,8.8378
-8.9147,14.22
-16.737,-7.571
2.7178,4.5883
2.192,3.9783
2.5849,7.5688
11.005,-17.328
-16.419,5.715
-13.671,-6.6396
5.4482,-19.535
0.3305,-7.8298
-13.182,8.389
-2.9912,16.222
-14.366,8.6737
-14.665,6.1762
-14.07,7.1674
-21.141,3.13
-20.921,2.7948
-0.099431,3.093
2.2807,-10.89
-16.626,-4.9485
-7.9355,13.28
-0.44064,-8.2574
-1.2677,-8.5955
-19.421,11.14
-19.622,10.589
-20.706,3.96
-16.929,4.7465
-11.794,-9.5342
-13.06,-10.062
-15.568,-9.9889
-13.394,-14.651
-15.765,-11.097
-2.9001,-8.7572
14.995,-12.151
9.9087,-17.429
-9.0147,-10.527
0.23945,14.789
-6.0428,-15.804
-10.913,-10.655
-3.2451,18.1
-14.35,4.6805
-14.346,4.6864
-14.082,5.1178
-1.9771,15.232
-13.118,4.5522
-13.11,4.1136
-14.175,6.184
2.4662,-11.076
8.8431,-18.464
9.1005,-16.503
10.106,-17.507
-10.564,-11.957
3.8871,-6.7544
-14.859,-12.077
-12.722,-15.867
-11.933,-11.574
-16.978,-1.6526
-10.968,-13.139
-8.5429,-13.526
1.5038,-12.153
1.8188,-11.958
-10.885,-13.199
-10.964,-13.396
-18.167,-1.7039
-0.25867,-15.145
-1.3174,-8.3507
-15.927,-10.763
-1.2335,-3.4066
-16.44,5.3575
-18.686,10.844
-21.559,6.8489
-20.383,9.4096
-6.983,-16.629
-13.046,-14.387
-16.345,5.2288
-15.658,-10.768
0.18006,-15.004
2.6707,-10.751
-10.374,-9.3185
0.65194,-15.828
-4.4191,-0.68436
-15.715,-12.806
-12.941,-10.718
5.3999,10.624
-19.424,10.58
-13.464,-11.921
-20.832,6.9353
-12.714,5.4594
-15.407,6.621
0.38785,-13.792
-15.599,-10.213
-10.191,-7.4955
-11.256,-12.472
-11.624,-14.899
-4.6273,-0.60195
-14.187,-12.531
0.068019,-17.444
0.18773,-17.219
-16.246,-10.894
0.20276,-17.07
1.7366,-14.899
0.29543,-17.13
21.542,-5.3612
16.253,-6.5696
-16.656,5.287
5.0948,-19.312
5.0633,-19.408
0.046421,-0.091083
-8.5732,-15.413
-7.7888,-7.1784
-14.109,-13.773
5.9608,13.528
-9.2113,-11.421
-3.2579,16.974
-14.262,-11.649
5.2716,-5.1505
10.594,-16.404
-8.1019,13.084
-13.693,7.0372
2.6272,-10.731
-21.572,6.1516
-13.367,-11.956
-9.0874,-9.8683
-4.9183,-0.48337
-12.751,-15.944
4.9087,-6.9729
-0.047332,-17.354
0.37298,-15.668
0.7111,-15.791
5.5259,-10.836
0.10552,-17.815
13.579,-7.8718
13.578,-8.0795
-18.714,-0.25251
-9.7333,-10.906
-9.382,-11.248
-5.2394,20.163
-11.079,6.6876
-12.302,-12.35
14.249,-13.85
14.249,-13.85
2.0244,-14.192
1.3314,-1.025
-12.223,-11.709
-11.948,-11.863
-0.27067,-16.006
0.10395,-17.815
2.671,6.9962
-14.686,-11.679
18.999,-4.4735
-5.6322,-15.903
-14.192,5.0503
-13.3,8.4181
-10.251,6.0969
-8.9476,-14.734
-14.07,7.1674
-14.202,6.941
-7.945,13.255
-4.2496,-13.01
-21.754,4.8512
-17.375,-4.4356
0.03555,2.0063
-13.987,5.1615
1.3513,-15.642
-5.4748,-15.252
-0.21884,-0.35093
4.6874,-7.1674
4.8168,-7.0811
-14.245,-0.62129
0.046035,15.739
-13.491,-9.7886
-10.869,4.7985
-0.1352,-16.029
4.1456,-9.5229
13.572,-7.852
1.0439,14.636
-7.4705,-7.5337
16.256,-9.9465
3.6734,-6.3443
5.4731,-20.297
-6.8354,0.62146
-2.8722,16.085
-1.4695,4.5682
-17.643,-6.575
-13.618,5.5614
-9.8088,14.74
3.214,-10.665
-15.44,-12.278
0.11029,-17.827
13.971,-13.921
16.62,-6.758
19.273,-11.129
-3.7234,6.1585
-16.8,-6.3704
7.5954,15.391
-1.5883,-8.4646
-17.77,-4.3503
-16.208,-5.612
6.6208,8.5605
0.30834,-14.617
-21.79,4.6497
-15.283,6.636
13.278,10.309
-10.888,-8.2587
-13.142,3.7735
-0.78654,-12.739
-6.8888,-15.365
-14.758,-9.8135
-12.872,-15.939
10.961,9.001
-20.548,1.8231
21.75,-4.9906
5.6208,-19.579
5.0562,-19.17
5.1271,-19.141
0.6818,-12.141
-11.417,-14.962
2.8192,-14.052
11.681,10.214
21.771,-5.0304
12.095,-2.7414
6.2787,-19.072
6.6838,-4.0075
-17.192,4.1379
-7.6193,-0.58737
-2.1119,-6.4927
9.3912,-17.202
0.15934,-17.781
16.716,-5.2982
-6.0575,-10.619
-14.114,0.45592
-7.5747,1.1962
-3.6508,-13.021
-3.5984,15.548
7.6787,15.496
-11.803,-12.046
5.4494,-20.703
5.1241,1.3344
1.1751,-10.646
-4.862,-10.435
-16.895,-6.0294
-19.319,10.867
0.14854,-15.472
20.905,-9.7066
20.905,-9.7068
8.3891,7.5264
3.8442,-11.221
-4.4225,0.48234
-6.7017,0.97153
-6.6392,-10.683
0.11601,-17.491
21.408,-6.1759
13.506,-7.9818
-16.521,5.4222
17.807,-12.042
16.603,-6.6678
20.742,-9.9621
-12.679,-15.945
-6.7256,11.912
-5.3755,20.051
-0.10721,15.32
17.499,-12.062
5.2049,-18.805
-7.1278,12.843
-14.541,8.678
-0.14534,17.025
8.9122,-16.176
4.6084,19.035
-13.339,-9.9598
-15.409,-11.167
-5.4911,8.269
-15.651,-7.0449
-12.428,-15.788
-5.4525,-15.811
-2.2666,-13.54
0.18005,-15.135
-12.633,-15.955
11.621,-4.327
18.574,-8.6087
14.027,-7.2796
0.27357,-15.522
-11.084,6.6964
13.547,-7.8531
13.547,-7.7701
6.3103,-4.2752
-17.035,1.1757
-7.0624,-13.183
-3.2635,16.963
-0.21608,15.778
-11.261,6.5146
10.849,-3.5598
-14.127,5.1386
-16.594,4.9723
4.0115,-10.792
-13.427,5.6802
-15.29,5.0847
-16.588,5.2914
-0.10304,15.205
-0.023887,16.902
-10.219,3.882
-6.0446,-0.20818
-0.0023081,8.242
8.1551,-8.2493
-13.184,-3.9515
5.4495,-20.747
-2.1429,14.952
10.361,0.20021
15.348,-8.7951
6.4738,-19.214
-18.162,-4.2908
-5.0823,12.173
-2.8153,15.916
-13.406,5.8615
-10.811,7.1177
-21.115,3.0141
-4.9537,-10.727
-1.124,-14.283
-18.639,-1.7116
1.7267,-10.872
0.10412,-7.9756
-10.796,-7.9026
-21.029,2.8723
5.0236,-5.1915
-10.706,5.7693
-14.391,5.8164
-2.5574,16.033
-14.896,6.3054
-6.0082,-5.2907
-1.5938,16.986
-5.4564,-15.02
-4.3831,-0.75459
5.0806,-6.382
2.3027,-10.891
-18.87,-0.9771
-8.9731,4.8331
-6.487,-8.1561
-11.728,-14.806
-0.82771,-15.791
5.4305,-11.002
13.625,-7.721
-10.756,6.9494
-10.558,5.3205
-14.616,5.0715
-18.283,-0.15363
6.9921,15.342
-4.9459,0.70671
-11.085,6.9571
-11.953,-12.31
1.9192,-14.359
15.898,-11.447
3.3597,6.2479
-17.919,-1.7034
-5.7774,-5.3036
8.4366,-19.364
-13.479,-4.5299
9.1194,-20.645
17.119,-11.115
5.4732,-20.154
7.5057,-19.238
-0.62447,0.065295
14.937,-6.7303
2.6722,7.9842
-14.785,8.7231
-12.683,5.6542
-2.9085,-8.7541
-18.986,0.13022
-14.257,-11.683
7.6939,0.43264
-6.9832,-8.325
-19.483,9.3305
-16.072,5.1287
-21.544,5.2995
-15.358,-0.42485
-10.191,-7.4923
-8.5023,-7.4172
-5.0292,-0.48227
-19.041,-0.88331
-6.1408,-8.4168
-12.736,-15.867
4.7977,-7.1138
-13.78,-14.406
-13.934,-12.821
5.4186,-10.933
-5.2611,20.199
-11.172,7.0655
-0.011777,16.593
-1.6711,6.2803
6.6814,15.305
5.6555,18.904
10.73,8.5118
-10.571,-10.518
6.7224,14.714
-13.764,-10.624
-10.687,5.8852
-21.465,6.2715
-11.669,-15.369
2.5448,-10.72
-13.91,-14.259
0.72835,-16.007
18.343,-6.5003
-0.68325,15.461
-15.115,5.0917
-8.746,-12.039
-9.0007,-11.733
0.075196,16.36
-15.787,-1.1913
0.53909,12.955
0.29341,10.461
13.302,10.236
5.1342,-5.6726
-6.6649,0.64205
-5.8533,5.2739
-10.792,-13.409
-0.91663,-11.059
-18.388,2.761
-0.54618,13.411
-10.87,-14.554
-6.027,-15.801
-12.23,-14.996
-7.4858,-16.1
-7.6544,-7.9684
-11.179,5.6295
-19.495,7.1091
-19.576,9.2912
0.13656,-15.089
10.31,0.43042
0.35966,6.9239
-0.094215,13.491
-7.3894,10.388
-6.7215,0.62265
-8.709,-0.0094954
-5.3111,-15.409
-9.2065,-8.1417
-15.141,-10.982
-9.4979,14.475
21.563,-4.8777
-18.138,0.090975
-21.593,5.1078
-18.479,2.3001
-7.4431,-15.922
10.65,5.7559
-10.49,-10.556
-13.4,-4.323
-19.425,9.9982
-10.684,-10.556
-0.76842,-16.219
2.2633,4.3263
-20.88,3.64
-2.0567,-14.315
-16.374,1.6462
-8.0524,-10.946
-8.8511,-9.5901
-8.9195,-9.5466
0.12095,-17.741
-2.0589,-13.914
-14.936,-11.69
-13.725,-11.561
-10.018,-8.2577
-21.71,4.7323
-20.851,4.9147
-5.1161,-14.826
-6.9646,-15.757
-5.0007,-13.793
5.0662,-19.52
-5.2914,5.1662
3.2738,-9.7758
7.146,15.276
0.51376,14.923
-6.6505,0.75139
-19.322,10.888
-14.141,7.5315
7.228,-19.7
15.936,-11.013
12.459,-4.1725
0.029585,-17.642
-1.4983,-15.393
-15.5,-7.2306
-10.699,-13.556
-9.5803,-12.069
-18.302,2.4366
-18.602,10.875
-6.6818,10.057
-7.4285,11.104
14.661,-11.548
16.421,-10.804
-10.532,5.0103
-2.4238,18.717
4.7006,-5.3744
15.925,4.8617
15.883,5.1655
-10.866,-14.89
-21.576,5.125
-19.043,7.6158
-4.0992,15.396
16.453,-12.21
0.60212,0.094869
-15.737,-10.537
-11.904,-11.571
-8.5921,14.027
-14.254,4.4494
-5.6585,-10.25
-14.882,0.1883
-7.6022,10.911
17.639,-12.073
14.827,-11.634
-15.384,1.5637
14.569,-9.9826
-1.382,15.222
20.847,-10.53
11.863,-2.8924
21.416,-5.5968
-1.2268,-3.0289
10.421,0.28407
-20.16,9.4736
-17.108,1.2294
-3.7897,-6.4756
-15.643,1.8745
-15.34,2.0403
-10.955,2.6632
0.34837,14.783
9.7955,13.359
-10.045,12.761
-10.426,12.923
-9.5698,-12.45
8.9866,-16.327
-15.006,-4.5399
-13.041,-6.9625
-7.7227,12.674
15.788,-11.459
3.0005,-11.956
16.734,-11.032
16.589,-11.122
2.6057,8.0152
5.4929,-10.939
-16.361,-5.5145
-10.966,-13.154
-8.1094,13.807
-8.2482,13.827
-8.0906,9.4542
-16.25,1.8476
-11.353,6.4182
8.4567,-19.695
-3.1878,10.293
11.144,-4.125
0.1287,13.535
16.35,-4.6847
-14.837,-11.343
-12.219,-11.663
-9.2738,-7.2594
-10.575,13.151
-8.1973,-10.735
-8.4068,-13.893
-16.724,1.0344
-7.7878,12.091
1.7998,-11.539
-16.22,1.7334
19.016,-11.293
18.01,-11.127
15.581,-9.8729
20.765,-9.9639
-0.76992,17.044
21.47,-4.918
12.315,-2.6504
-11.852,-15.153
2.5039,4.7724
3.5796,-11.352
20.87,-10.067
-16.384,-9.475
-7.7081,-7.5874
-8.1143,13.807
-10.615,6.6096
-0.53717,17.096
8.9677,-9.7531
-16.656,5.1765
-15.947,0.94323
-0.80046,-8.4369
-10.797,-7.9133
13.606,-12.82
-21.603,5.0962
-0.33862,-14.789
0.16862,15.763
-5.2453,5.2056
-10.784,7.0356
-6.1626,6.3466
-2.1171,18.31
16.582,-11.147
-18.867,2.3402
6.0133,-19.299
-4.7268,7.269
-10.614,5.8777
-12.602,-9.9466
-12.187,-11.549
0.43283,6.9934
-12.388,-7.7828
-18.879,7.494
-4.6797,-3.8085
-15.581,-10.468
-7.6455,11.233
-5.2209,5.1968
-8.2302,-2.7946
-8.8529,-14.848
11.633,7.7527
-19.847,9.6524
-6.1202,-10.735
8.1462,0.49166
0.0128,17.007
-15.752,-4.8219
-11.915,1.4682
-0.35232,-14.788
18.063,-12.067
0.84236,8.097
-5.2642,20.114
-4.2641,18.612
2.5523,7.7266
0.094715,0.90963
-7.8822,-5.0106
-15.845,-10.477
-17.907,-6.3035
4.3041,-0.99447
0.29312,6.1645
1.9021,7.9495
11.645,7.9079
7.3616,14.877
-12.55,-14.929
-4.8229,-11.398
-6.8731,9.3019
-6.6505,0.75139
5.893,-20.468
-21.643,4.2125
-2.9754,10.693
-1.4606,15.323
-18.724,-4.4946
0.20892,5.0817
-15.567,-10.907
13.664,-7.4559
-4.1951,-11.755
16.526,-5.7992
-16.301,5.6911
-4.1132,16.281
20.151,-3.9735
-21.727,4.4382
0.15722,-15.55
-19.209,1.2261
-16.594,5.3516
1.9857,-14.421
-15.951,-5.8422
-19.169,12.265
16.37,-5.8149
5.4515,-10.956
-18.553,10.973
18.524,-8.6822
0.10705,16.267
-14.367,-10.992
-1.5421,10.791
-17.878,-6.2884
0.28093,-15.502
-9.1322,-11.524
-14.739,-9.9939
2.6773,-11.287
-12.454,-12.964
16.59,-6.9376
-2.8362,-8.1486
-8.9888,-9.2684
-0.24434,-15.786
11.168,-3.4043
-0.94685,-10.975
-19.895,5.7005
18.365,-5.0135
-3.2777,18.309
-8.7031,-10.024
-7.129,-8.2394
-0.6474,-8.4089
-19.639,10.539
14.823,-9.7037
-5.413,-10.462
5.2557,-19.102
2.5517,5.0634
2.2355,3.7017
5.4736,-20.46
-11.348,-11.74
0.13239,13.847
-14.657,-9.6811
-19.141,8.656
19.654,-10.206
6.0253,-4.4119
2.077,3.9497
0.64118,14.576
-3.9655,9.0958
-21.191,3.1653
-8.9808,10.518
-5.8628,12.52
-7.0857,13.525
-5.3223,12.722
-5.0003,-14.37
4.6898,17.799
-14.083,-14.413
21.395,-5.1768
12.009,-2.8022
-10.831,-10.461
-17.34,9.5311
21.041,-4.6964
1.2448,-14.456
-6.0114,9.1177
-8.8674,-0.010804
-6.9326,-15.127
-6.8544,-15.161
7.9822,-8.0583
-1.2345,-11.337
16.54,-10.774
20.957,-10.288
5.4676,-10.976
4.8416,-6.9706
4.4665,-0.56201
-10.116,-12.763
-3.6856,19.462
15.22,6.1453
17.119,-11.116
19.046,-8.0285
1.0124,4.7209
-7.0799,-8.8785
5.9715,-19.629
0.92936,-15.508
-16.479,-1.576
-19.904,10.038
-0.13545,-0.26341
8.3263,2.3883
-9.7484,-8.3401
20.916,-10.642
1.7736,-14.441
5.4734,-20.617
6.3032,-4.3108
-16.005,-5.7613
2.5383,-3.3746
-5.0529,11.76
-13.22,-6.1855
-14.628,5.9089
-16.508,5.3564
-14.536,5.7053
-12.237,7.0057
-14.366,0.87471
2.5629,-11.082
-4.7549,-3.8034
-16.532,-1.7835
0.19692,-16.84
7.4942,-4.5407
-14.205,8.0372
-13.866,6.291
1.4865,8.2696
-15.364,5.7559
-1.7092,0.30083
3.2146,-8.2073
4.4487,-5.2646
12.934,9.9444
-7.8648,13.549
-12.563,2.5355
16.432,-0.068752
19.628,-10.215
-12.491,5.4933
-19.816,6.9702
1.1735,-11.629
-10.509,5.9027
12.428,-4.1959
5.6006,-20.674
-7.5936,13.691
5.4607,-5.5861
0.073162,15.797
-15.356,1.6399
-1.424,15.283
-6.9594,-9.4044
-16.211,-10.878
-8.778,-6.6031
2.3414,-13.777
-19.587,6.1812
8.1464,-18.025
0.64817,-16.019
0.022095,1.3519
3.9991,-6.4202
-4.0884,11.158
-14.851,6.1693
-10.529,-12.812
-4.6337,18.92
0.096194,15.865
7.432,15.503
11.957,7.8573
18.608,-4.9103
-5.3064,-15.24
-12.202,5.4081
-2.9703,2.8518
3.3856,-9.8892
0.26153,2.3452
1.4939,4.459
0.74868,8.6987
0.44746,0.43126
-21.722,4.5182
-6.7619,12.71
16.353,-4.6161
8.3367,2.3415
2.6449,8.0262
-15.916,-10.658
-8.0388,12.623
-11.05,-15.244
4.4882,13.828
-14.585,6.492
1.2245,-10.636
12.866,-2.3227
-1.0046,-10.797
0.24621,-15.503
1.1911,4.712
-13.769,-14.521
-21.688,4.6806
-21.665,4.655
-2.0702,-14.024
0.18158,-14.728
-14.499,-12.158
-5.1807,20.151
-5.0149,-3.7597
2.3,-13.657
5.519,-20.643
-1.1929,-8.5049
5.6419,-4.8026
5.2017,-19.495
-9.7451,-9.9778
-1.4668,6.5117
0.070335,15.75
-19.412,8.8852
-18.296,0.63213
10.278,4.6167
14.058,-2.9674
-0.55182,-16.671
16.363,-10.568
-15.188,-11.887
-0.50271,-16.781
-15.012,-6.9011
9.5247,13.163
8.2184,-19.722
-17.415,-5.2152
8.8845,-9.3725
16.394,-4.4598
-16.78,-0.18092
-0.4832,-9.7491
0.34219,-15.442
-2.7667,10.337
5.0634,-19.059
5.036,-19.543
5.6036,-20.597
-19.345,11.261
-20.203,5.4649
18.88,-7.4059
12.38,10.793
13.786,-1.9905
-0.18958,-15.716
-2.9215,16.264
21.68,-5.0777
-1.9003,15.471
19.301,-7.7272
-6.4516,-7.9129
-9.7796,14.716
-5.9705,-10.577
-9.7348,14.607
-6.6704,-7.4504
-8.3293,10.695
4.9578,-19.407
5.1081,-18.958
-4.0352,15.686
20.462,-10.845
20.931,-10.635
-15.105,-12.119
-5.383,13.704
8.0041,6.0351
17.095,-11.062
5.4665,-19.353
6.445,15.046
-18.291,-6.5023
-3.3354,16.186
16.652,0.77704
-16.429,-4.8917
-17.941,-6.2969
-20.914,2.3666
-0.8093,-6.8158
11.875,7.4604
-5.7094,-5.2746
5.1294,-19.799
3.0641,-8.129
-20.847,6.7793
-10.394,-13.393
-19.653,6.8682
-16.864,-6.9267
-7.0098,-10.865
-13.116,-10.46
-6.435,-10.2
-6.6033,-16.689
-5.7122,13.815
-13.507,1.7329
-9.9385,11.333
-6.6051,0.69381
0.13587,5.2793
-6.6187,0.94171
-4.8096,-3.8284
0.66487,-11.71
-8.8547,-12.17
-21.175,3.2026
2.6659,5.1298
-18.868,0.099197
20.892,-10.528
-21.603,5.5034
-17.33,0.79304
-9.5114,-15.016
-1.5889,17.104
2.5956,-11.662
-1.3882,-8.5767
4.4344,19.298
15.557,-11.165
-11.148,6.782
-14.085,-12.194
-2.5309,10.929
4.3231,-1.0308
-13.649,-15.387
-1.1721,-13.571
16.911,-9.5865
-20.627,3.0304
-4.5946,18.466
18.87,-7.9656
12.016,-2.7628
-9.846,-15.12
-20.842,7.4653
-4.7606,-13.512
-3.1347,-0.43218
16.283,-6.7949
1.8804,7.9296
-3.1072,10.376
-1.5589,-15.358
8.5609,8.1885
7.4429,-4.5269
-20.985,6.7619
16.093,-10.073
10.676,11.67
-17.991,4.929
-13.64,-10.584
-7.9114,-5.3257
1.9089,-9.2671
1.5557,-14.527
-14.377,1.5709
7.9967,-18.169
-14.928,-0.7278
21.254,-10.19
21.042,-9.6003
-15.955,-4.9496
-8.027,9.829
-13.613,-14.562
-4.4812,6.1711
-3.7596,-6.4684
21.711,-4.7532
-9.0222,-7.3077
-4.8197,-10.906
19.512,-7.6541
-18.407,-6.6835
-7.8286,13.694
-21.572,5.5815
16.366,-11.089
5.4809,-5.6157
6.8458,-20.002
14.569,-9.9834
14.761,-9.6968
18.915,-6.8775
-11.012,-13.105
5.3937,-11.019
-15.279,-11.497
11.976,-2.9102
0.057598,-15.331
16.483,0.017402
13.979,-9.8159
-3.5628,8.708
-3.0614,16.456
4.161,19.439
-0.68127,14.653
-9.2941,14.513
6.5303,8.7757
-1.6965,-5.0826
16.748,-9.2203
-8.7139,13.099
18.243,-6.3851
16.533,-9.24
-13.097,4.181
-2.3607,10.755
-2.978,-0.67734
8.926,-18.186
9.5485,-19.357
10.654,11.574
15.748,6.8267
-15.502,6.8016
-14.322,6.2635
-18.604,2.8708
15.077,-1.7894
8.7906,-8.8783
14.664,-9.9802
-2.6475,11.469
-8.4854,-11.065
-8.9479,10.473
-2.4045,-8.9683
11.949,-2.768
2.9776,-11.809
-12.164,-12.054
13.726,-10.054
-1.9109,-4.843
20.12,-10.156
-4.399,0.68238
19.673,1.5365
16.474,-0.033618
16.652,-11.116
-20.624,6.8411
-7.272,-10.762
-11.152,7.5104
-7.971,-8.3026
-5.9323,-5.2817
-19.073,7.5083
-6.6613,-9.1018
-9.511,-14.861
-0.53227,-9.5981
-16.586,-6.9331
-0.83031,0.38244
-17.719,-1.7527
-6.6971,0.88566
-20.2,3.0873
11.009,-17.23
5.0891,-5.1299
-0.07508,-17.454
11.015,-3.9812
-1.2555,14.865
14.781,-9.8796
20.906,-9.7064
8.8113,-19.659
0.99052,4.7003
5.8678,10.192
13.408,-14.821
10.491,8.2635
8.9599,-15.495
11.057,-3.9493
-8.9933,-8.1144
-1.6617,4.9026
-1.7122,15.269
-7.7183,12.416
-12.634,-15.955
0.10074,16.68
9.0101,-18.175
3.5974,19.17
10.964,8.4062
15.028,-11.748
0.41373,14.782
0.74795,15.045
19.583,-2.4202
-17.221,9.3687
10.96,-15.351
-9.0911,-13.42
0.53444,-15.544
19.109,-7.897
14.964,-2.1985
7.4946,-4.542
-0.043059,-0.33275
0.70182,-15.731
-14.897,6.7635
-4.5565,-0.40576
7.6551,-17.072
5.3029,15.833
-17.268,0.92122
-16.144,-5.3123
-0.20629,-12.855
2.5553,7.8922
5.503,-20.584
-16.826,1.1326
0.08421,15.787
-3.2802,-8.6631
16.095,-11.098
15.545,-11.498
-5.2017,-10.041
-4.1666,-13.673
-5.9129,13.784
-1.0621,14.605
0.21012,-5.4047
-16.047,0.086468
-3.6115,-8.57
9.0558,-20.057
-5.7854,-10.274
0.12692,-17.853
-2.7017,16.297
-10.654,5.0887
12.024,-2.6753
-6.8181,-10.759
-8.803,-13.507
-5.4513,-15.09
-7.4509,-15.264
-9.4929,-12.414
-10.987,-13.202
-5.6638,-10.519
-5.1274,5.1613
-11.316,-13.865
2.6655,3.1643
5.945,13.232
0.80747,5.1328
1.3658,4.7252
0.76348,7.95
-5.2508,-15.04
-20.94,2.7698
-10.575,5.5091
16.659,-6.7442
16.354,-0.011616
7.2683,5.7323
-3.6575,-8.4004
-6.1782,-15.658
-12.338,3.3811
4.8831,-6.9162
-19.207,12.021
-3.9571,19.687
16.303,-4.8566
7.3663,2.8214
21.08,-9.5926
-4.6061,-14.474
-1.5247,3.5733
-0.074764,15.865
-13.692,-4.9697
-0.34189,17.228
2.7788,5.5909
2.5788,4.9899
12.837,9.6739
3.5481,-10.027
-10.796,-7.9026
-5.8325,-15.733
-13.132,-10.695
0.58414,-0.53451
-6.858,11.543
-10.636,-13.636
-5.6773,10.459
15.925,4.8601
-12.37,5.2783
-9.7253,14.637
10.565,7.2159
-6.9734,-16.692
-3.9567,18.282
-21.783,4.7575
2.726,-7.4492
-10.783,6.3123
1.9289,7.2466
-7.7314,12.755
11.438,7.236
-14.063,7.7723
-21.516,4.0443
-12.906,-14.501
-0.10926,5.4412
7.9621,-7.9508
-12.302,-14.823
14.075,-11.453
-5.9159,13.831
-3.9587,15.279
0.59591,10.552
2.5818,-2.871
-13.822,-6.1113
-11.432,6.4396
-5.764,-15.596
-5.6371,-15.79
-12.132,8.728
-5.613,5.358
5.3059,-5.2314
-3.252,-0.37126
1.4909,-12.241
-5.3334,-15.828
10.817,-3.6686
-0.99985,15.379
-2.7741,10.625
-11.433,-14.903
2.7628,8.2368
-19.442,11.103
-19.357,11.32
-17.78,7.5431
-19.384,11.153
-19.221,-1.597
-20.7,5.3886
0.017334,14.984
-13.989,4.5726
-0.16034,15.694
4.6273,17.552
8.1933,-1.7307
4.8136,-7.0407
2.4039,-11.3
-0.29045,17.119
-5.8977,-15.548
-7.0584,-16.088
-16.041,-4.9282
-0.4615,15.985
7.8782,15.549
0.12146,1.6883
-1.4875,-4.7531
5.8585,12.717
10.438,0.46793
4.0763,17.139
-2.5912,11.005
-16.024,-5.9313
20.91,-9.833
-3.1259,10.333
-4.8346,0.83475
2.7924,7.9513
19.089,-9.8407
-3.0727,10.372
10.678,11.518
-1.1446,-6.8282
-2.6963,-8.3626
-19.915,9.5922
4.8064,18.993
12.282,-6.2544
-16.784,-4.6412
-9.7908,-10.359
-4.8122,13.017
0.29833,-16.961
-10.874,-11.321
16.544,-12.217
17.641,-12.075
-1.4731,3.6604
17.33,-11.071
2.7288,-13.83
-11.172,7.0656
-11.172,7.0656
-0.97821,-7.9201
-19.001,-0.2532
-9.1593,-11.342
1.6057,-12.019
-5.4487,-15.81
-18.418,2.3327
5.4503,-5.2441
-3.9048,-8.3409
-3.1673,-6.5646
-8.3117,-6.1926
-12.401,-15.499
-19.078,12.923
10.859,-17.32
-11.082,-10.587
-14.995,6.3254
-11.921,-12.346
9.7253,15.352
-9.7656,13.079
-19.327,2.215
-3.065,10.378
7.4749,-19.541
-1.5244,17.05
-5.0007,-14.823
-5.8254,-5.2906
-18.639,0.39968
-16.288,4.8306
-19.823,9.4622
1.0821,7.2765
-20.984,2.6487
-20.461,9.114
-20.06,9.2555
-3.9543,15.092
3.6856,-11.265
0.1889,-0.027353
-6.2981,0.48594
-8.4926,11.308
-8.4653,12.691
-16.248,-4.8444
-2.3188,18.735
2.8877,-7.5591
-6.9596,-8.3383
-17.429,-1.7372
-0.8387,-13.119
-17.254,6.7009
-0.0058618,-14.159
-10.796,-7.9119
-10.866,7.1472
-7.3609,-8.5033
-3.922,0.022164
-4.0601,9.5781
-10.541,6.9528
3.6013,12.6
-16.619,5.3436
19.04,-7.8974
-17.189,1.1722
4.8364,-7.0391
-7.2833,-11.8
4.5985,15.535
0.4058,17.465
5.1556,-5.2741
1.1465,-11.948
4.7273,15.594
7.636,-20.072
-16.081,0.71138
15.697,-5.2631
16.312,-4.8331
-18.721,-4.4967
-5.0195,10.54
-5.7955,10.582
2.5192,7.506
-5.6566,5.4355
-3.0802,18.391
-14.12,5.2255
-14.826,-12.154
-5.7727,5.8428
7.3186,5.7552
-1.5762,3.4688
-13.019,-5.0378
-20.861,5.6949
-17.689,0.26774
-10.499,3.9707
-7.4413,10.879
-6.3867,9.0213
20.792,-10.708
-1.7669,14.329
2.9533,6.939
-3.7701,15.206
11.902,-2.7583
-10.662,6.8976
-14.045,-12.645
-20.685,1.8942
-16.54,-6.9883
-19.176,12.085
-1.8054,10.795
-4.0419,16.108
-9.3434,-9.6249
-0.0080575,0.72561
-0.015094,0.74516
7.1641,15.318
7.4692,15.337
0.62502,15.221
-8.8026,-8.9313
-4.6566,12.818
8.143,-18.112
-3.7611,-8.4554
-2.2679,16.01
13.3,9.3235
-3.0672,18.271
-6.6128,8.5125
-5.0494,12.787
7.8691,-2.2885
-19.597,8.176
-8.1717,-15.472
-2.2921,10.206
-2.4931,10.867
16.254,-9.5339
21.098,-4.7134
0.070883,15.972
21.132,-4.7364
-13.32,-11.078
12.075,-2.7187
13.843,-12.556
-20.777,3.8513
21.171,-6.9516
-7.3596,12.15
16.476,0.26728
-1.3992,4.6071
-6.5799,12.056
-17.205,9.4426
-19.921,6.5104
-10.807,-11.753
1.2862,-10.573
7.6964,16.911
-11.021,-13.156
0.18044,-0.15691
8.4446,18.971
2.0053,-10.863
-7.1558,-10.747
-18.586,-4.477
-18.219,9.4176
-4.9921,12.787
-21.137,3.9791
8.2868,2.7025
0.51664,12.699
-7.3787,-8.6344
-15.217,-0.023727
-7.2257,-8.1611
2.5186,4.7786
-20.245,7.332
-5.7005,-15.879
-5.0511,12.11
10.665,8.8541
21.341,-6.5313
0.50695,14.675
10.497,0.35641
-19.199,12.076
-14.914,-0.43087
-20.746,1.9334
0.064562,15.659
0.04449,16.698
-2.6682,-0.7197
12.896,9.7997
8.2377,-7.8563
9.1041,9.857
1.075,6.9174
-5.4892,-13.793
-13.241,-6.3032
-12.775,-3.8688
12.873,10.894
-10.593,5.6559
19.734,-2.7103
-13.59,-4.2105
12.33,10.427
0.38802,-10.936
0.47884,2.2097
1.7027,0.26446
19.321,-7.7019
-0.11124,0.12221
-15.533,-7.1613
-4.1975,-11.804
-5.0486,10.604
-4.251,-11.224
-6.5903,-7.5152
0.44921,8.1134
-1.7653,0.81522
0.28708,10.219
-2.9481,-6.6915
2.7113,-11.198
-5.1214,-10.665
-16.44,5.3574
15.431,-2.8361
7.8835,15.269
5.8673,10.167
5.5327,10.462
-10.472,13.195
3.0753,4.635
-8.7858,0.017641
-10.628,5.0824
0.193,14.688
6.5219,-19.181
12.111,7.9254
-0.87198,8.452
5.5232,10.445
17.101,-6.1113
21.171,-7.1816
4.8743,-5.2467
0.28089,-0.077108
-0.27258,-0.19516
-12.773,5.5378
-9.807,11.301
-17.447,0.8508
-6.0716,-10.234
-5.5358,12.412
-14.202,6.941
9.8858,-15.545
-3.6008,6.4872
-5.1002,10.562
-6.4149,-15.844
-10.932,5.956
-2.7302,18.599
4.748,17.818
9.3256,4.1961
2.9749,7.9877
-5.8133,6.1356
-19.362,7.9479
0.67088,-0.0017218
2.1669,-11.13
9.8544,-17.46
-7.4916,9.9364
-16.145,0.70835
-4.514,-13.442
-16.299,-4.8198
-12.965,-5.7779
9.2545,-14.437
5.2717,-19.727
-15.445,5.6478
0.13009,-17.876
0.90144,-12.017
-6.1515,-0.51043
7.001,14.886
21.541,-5.7441
12.174,7.4192
-4.8746,6.52
0.18166,-15.615
-4.6637,6.8028
-0.20356,7.793
6.101,10.796
-0.34492,17.116
-3.7462,19.544
-16.145,5.1911
0.44682,12.713
0.16114,8.1205
-14.184,-4.0743
-10.766,-12.733
-16.534,5.0887
-0.3003,17.159
6.787,-19.094
4.9503,-19.259
10.418,8.3114
5.5029,10.41
-2.5676,-8.769
0.34693,10.258
-2.5352,-8.4182
4.7952,16.487
2.9189,-7.0947
-0.96976,4.591
-0.10747,-15.382
6.8762,-0.004158
-1.6982,10.854
3.0427,13.618
10.212,4.8409
-21.633,4.4735
-3.329,17.954
-8.5017,-10.627
-0.062229,15.264
-0.437,-12.925
-2.9073,0.045783
0.13104,-17.863
9.2179,14.059
-4.8042,10.806
-12.119,3.4608
10.532,-16.477
-6.2869,9.1606
12.217,9.1496
-0.69551,7.6269
3.4539,6.6189
1.238,8.4055
10.884,-17.164
16.505,0.013841
5.5771,10.441
-6.6536,-7.5009
-8.2981,12.703
-5.1216,10.562
3.2419,7.6748
-20.912,2.6595
-5.1217,-5.5276
-21.633,4.9613
-6.0416,8.4473
0.94418,8.0444
7.6313,-19.971
5.2968,-5.1999
-1.385,4.5465
8.3206,2.7109
9.9188,0.37377
-2.4307,-2.4886
-18.427,2.2304
0.66141,14.562
-5.8289,0.33645
19.23,-7.7237
-13.98,-9.7789
5.4545,-20.766
6.9361,7.6582
0.27585,10.528
6.9028,9.2869
6.8178,9.5519
-14.866,0.29548
-5.0126,0.69013
-13.289,1.2783
15.209,6.1538
-13.34,-11.207
-2.4412,18.512
-17.046,3.8465
8.8115,-20.695
-21.734,5.1034
-20.928,6.8123
16.5,-11.151
-13.38,4.839
-18.239,2.5427
-2.673,15.677
-1.4087,3.273
-21.603,4.3737
-6.1033,6.6569
-6.0163,7.2134
-8.5386,8.666
-7.1304,-10.781
16.394,-0.14026
-1.5764,0.17729
-10.312,-2.2166
2.9862,8.0045
-2.8421,18.383
10.649,0.37669
-20.104,6.7744
-0.10829,16.979
0.51842,8.0295
-14.134,7.8943
-17.45,9.2465
-7.6694,-7.5049
9.2924,6.1101
8.2343,-18.032
-14.002,1.7261
-14.056,5.1797
0.22663,-7.9358
-7.1315,7.7109
-0.10124,16.982
5.5749,10.441
-17.273,9.3254
5.2549,10.794
-19.127,-1.7619
5.4122,-7.9433
-19.987,8.81
-2.4172,18.837
16.164,-0.173
-20.815,6.9267
6.8688,9.9958
16.247,-0.060049
0.91507,5.1625
0.65191,4.8503
4.4722,17.775
10.12,-19.4
13.661,-12.985
-14.509,-10.088
-5.3627,12.269
5.1232,16.284
3.757,-9.7381
8.363,2.6036
-14.032,-9.908
-15.338,-4.8933
-6.4004,5.9624
19.073,-8.0226
5.5329,15.548
19.77,-10.762
-0.23495,-0.45133
-4.4265,0.45789
-13.408,-4.3383
-6.3656,6.1861
-16.614,10.535
1.2533,8.365
-19.078,9.5071
4.4684,11.604
5.6639,-19.401
-4.8233,1.204
-0.11911,17.035
17.981,5.8962
-5.3423,-9.5365
-9.6537,13.034
-5.4888,-15.591
-4.7132,-13.059
1.4226,-10.557
18.728,-6.82
18.867,-9.938
16.927,-5.0325
2.4199,4.5011
20.994,-7.4266
5.0487,13.032
6.3661,9.5552
-0.53983,12.936
-8.0839,12.862
-0.303,-5.5882
-8.7189,14.081
2.6656,-13.965
5.4652,-4.9478
-17.151,9.4476
-0.19723,6.4883
5.6912,-5.4568
-16.375,2.2373
-0.92789,15.435
3.447,-9.5008
-8.5168,-13.393
-5.5714,5.3581
-19.684,9.8018
-0.018906,0.66733
-10.58,-10.523
-4.0599,10.822
4.9501,-19.51
-16.215,-5.4879
8.4527,18.954
-5.1155,10.477
-10.472,4.9183
-0.5984,-0.18206
-2.8452,0.31814
14.218,-13.886
-6.3512,6.3127
-19.526,8.1336
-13.492,-6.7386
19.687,1.5575
3.245,7.7284
-6.7504,12.063
9.2614,-19.638
5.4848,-10.928
5.0516,13.46
-14.858,-4.6985
-20.807,4.7685
-16.736,8.9556
2.6613,-12.097
16.37,-4.8537
-1.022,13.742
-7.5271,-0.63841
-13.383,-6.5905
9.4554,-19.304
9.0512,4.5967
15.967,0.028404
-3.059,-0.029435
-20.984,2.6487
-16.158,1.5937
10.077,10.469
-3.6739,-11.265
-5.7593,-5.2865
5.706,-5.0211
-18.836,7.5312
-5.1572,12.196
16.512,-6.7649
-10.307,-2.2165
-5.7778,-10.72
-7.6308,2.079
-0.24715,-5.2572
1.0678,8.341
5.3981,-19.365
0.35316,14.877
-9.3597,12.255
-17.607,9.0958
-7.6642,-2.6405
0.28974,8.6905
-19.484,2.0551
-5.2576,0.62158
-6.9213,-8.3744
-2.4703,10.398
8.8768,-9.1289
9.9746,-19.55
8.4366,-8.4869
1.7209,-10.872
21.282,-10.245
-13.592,-0.39116
-2.5285,-2.6801
-0.31243,15.97
-2.6583,-8.2374
-1.4726,0.017488
6.7957,16.114
-13.786,1.3632
-3.8697,18.61
-7.5612,2.0481
0.67788,-9.3738
11.208,-4.1524
-0.31257,-13.617
-0.23577,7.6713
-8.8334,-0.0065473
-13.38,-0.3789
8.0773,-18.087
-0.1897,12.711
-1.2676,0.18199
-1.8265,-13.132
-4.9512,12.707
-18.817,-4.4971
8.2128,-18.118
-5.0251,13.186
-5.408,7.7731
-20.968,2.6593
-20.999,2.6197
-11.32,-10.654
-16.452,-4.6844
-1.7748,-6.9328
0.4705,10.42
-1.9535,1.1096
-16.496,5.1062
5.4212,10.589
9.0934,-19.722
5.1285,-5.1632
18.995,-1.7667
10.958,-4.0993
-5.2435,-15.276
-10.177,-8.302
-2.6813,-5.5241
4.5732,17.72
-17.365,-4.4946
20.45,-3.9515
-1.931,0.68097
-20.878,3.5457
7.2315,14.116
-0.361,-8.9855
0.26376,10.219
-6.8305,-11.567
1.7838,7.9889
12.046,-6.1497
0.86002,-10.906
7.3108,-19.108
5.2576,-20.031
-2.2255,18.68
-4.8686,-10.535
-6.1625,-10.586
10.071,10.316
-1.2851,0.080809
-19.626,8.3771
-3.2538,-0.37782
-6.7032,9.4143
-13.059,-7.0186
-5.9294,7.5955
-1.9203,-13.724
-16.143,-6.7913
-4.8107,-13.121
-18.131,3.601
-3.4605,19.451
-3.8863,-13.233
-3.2041,16.037
5.3043,-19.407
13.469,-14.698
6.0673,-19.533
13.758,-9.9271
2.9696,5.5343
13.008,9.7581
1.5495,-2.3916
10.676,11.569
10.108,6.9952
-11.386,-14.757
20.868,-8.8946
-13.914,-6.651
-5.6215,11.233
-0.41989,13.841
12.399,10.662
-16.495,5.6316
-5.0168,-15.757
5.529,-5.0585
0.14678,2.2378
-18.548,-0.25586
-16.401,5.653
16.785,-9.5089
16.667,-5.5175
21.788,-5.0308
11.715,6.8978
5.393,-21.027
3.1446,6.8398
-14.614,1.4198
-7.676,11.368
-19.583,9.3402
-6.7136,-11.611
-3.0759,-6.7325
-13.833,-10.477
19.118,-7.8764
-0.12494,5.5999
-1.0091,-12.662
14.114,-1.5513
11.473,7.5679
-13.584,-6.8681
-17.074,0.59091
-14.796,0.29503
-20.538,7.0074
7.4902,2.794
-3.0358,18.273
3.764,-9.8292
-5.0181,10.49
-14.523,-4.6843
1.5427,-14.81
10.615,-16.689
-2.8482,2.6546
8.3809,15.716
7.8091,0.37078
16.409,-0.098509
-19.391,8.4757
16.433,-0.12027
16.643,-11.113
0.45456,10.321
-12.925,8.2155
19.104,-7.8842
2.0547,-10.228
11.977,10.345
6.2849,0.13321
5.679,10.36
7.3446,0.37903
-6.6701,12.411
-7.5547,-0.45631
10.23,-19.248
6.0965,10.83
0.52285,12.939
-12.972,6.6496
4.9611,-19.638
-5.8267,13.878
-13.95,-4.5568
-5.095,7.5615
-16.198,-10.794
-5.0598,-14.839
11.326,10.316
-16.21,4.8845
10.733,-15.376
-0.20165,17.216
-1.7523,0.12814
2.3387,-10.126
-1.4684,3.4738
-6.8856,11.381
-3.1568,5.7269
-13.623,5.672
11.612,7.0791
11.724,7.5601
11.68,7.7103
-2.3515,10.107
8.5121,-20.982
-5.8706,-14.027
-16.509,-5.6843
-18.984,7.3437
-2.611,0.48787
6.6561,17.872
12.655,7.4732
15.975,4.1526
-6.1892,-14.442
0.1842,-16.02
-10.042,3.7455
-2.7961,10.184
-11.541,6.2492
8.8063,-18.535
1.1143,5.0767
-2.4846,-8.3226
-3.8252,15.154
3.5106,12.398
-6.2452,-10.88
-2.8418,-5.1339
-13.685,1.2669
-6.516,-11.88
0.17914,6.7805
-13.513,-10.671
-5.4499,-15.733
15.963,4.8798
17.359,-11.989
-12.782,-5.047
2.6896,-12.009
-7.1307,-8.2439
0.36463,15.494
-10.464,5.038
0.29971,2.4476
5.4422,10.656
19.103,-9.879
16.032,5.8625
4.9751,-6.6664
-5.2254,-15.264
-0.17241,17.085
5.1285,-5.1444
5.4744,10.565
5.6864,10.15
2.616,8.1601
-2.7479,11.541
-20.883,2.5421
-12.055,1.3494
-12.473,-5.2074
-9.8339,4.3036
-0.42615,0.44618
3.2418,-13.423
6.6353,8.268
-0.37017,15.876
12.674,7.5006
-1.0586,0.031327
-17.918,5.5307
-4.1124,19.712
13.423,-11.261
-7.1833,-8.1503
-16.364,5.4149
8.9367,-9.5533
7.2814,9.5689
-2.3686,-8.873
0.034086,0.28017
-6.9502,6.8329
1.8161,4.796
11.487,-2.7448
-7.7655,10.205
-14.296,1.9079
-0.0236,0.63752
1.1497,-10.574
2.3441,-11.78
-3.3828,-13.067
-4.3522,-4.5938
2.938,5.3839
8.9639,-9.7958
-1.1973,6.595
0.17041,-5.3791
-13.394,6.7468
5.577,10.785
-12.699,-5.3834
7.3021,15.235
3.2692,-9.6865
5.1657,1.1268
8.9254,-9.7834
4.9045,18.176
-0.23153,-5.2599
15.345,-9.7071
-8.1925,13.228
-16.665,-0.7354
0.091149,8.4449
-13.241,1.3507
-4.9602,10.538
-3.0508,-8.7511
10.356,6.7022
0.16936,15.695
-15.768,0.062072
10.228,-19.267
-16.678,3.8801
8.6688,5.1892
19.71,-2.6584
19.847,-3.6175
10.223,-19.269
-9.7134,12.53
7.9749,-2.5482
8.0674,-2.2557
-8.0453,9.4425
0.23141,16.024
-10.648,5.025
8.0677,-8.0189
-6.6115,-16.008
-12.161,8.6885
-13.263,4.6937
1.2565,4.7146
10.617,10.206
0.14042,16.212
0.4247,10.394
5.5635,-5.2308
-15.793,7.4361
4.1676,-1.3317
-0.093662,15.844
10.514,8.3939
6.4086,-4.2507
-6.5835,-7.7166
-10.691,5.7162
-14.14,-0.43643
6.2894,9.1223
4.8664,-7.0098
0.12206,15.751
-5.6512,-0.14089
-1.2848,8.4318
-17.192,1.3959
0.784,-0.039214
4.1045,-10.913
-7.7447,10.184
-3.6365,-11.302
18.718,6.185
-9.9511,11.409
-10.002,11.629
10.497,0.35642
-15.34,6.9512
13.523,-14.276
-17.363,5.7627
-16.576,5.7556
-1.9845,0.57801
5.3907,10.583
-2.4984,-7.1951
-14.463,-14.358
-0.18534,17.179
3.9924,-11.052
-16.149,-6.6301
-6.2926,8.5505
-14.229,7.2783
-19.228,-0.024472
-14.463,-6.779
-4.5551,0.2116
-5.5155,10.477
-8.4295,-15.213
4.0539,13.333
13.591,5.5211
-13.137,-7.0064
6.5134,15.726
14.008,-13.725
-18.009,-1.7093
-7.8862,11.241
-2.155,-0.19655
-3.439,-0.52452
-1.8287,0.39718
5.4264,-20.872
14.787,5.607
1.5674,1.1235
-1.4186,13.824
8.0005,15.576
-18.1,-0.19887
5.8971,-20.206
2.6699,8.0995
18.282,-6.2677
12.475,8.9106
-14.118,-0.46448
-0.4042,-9.0114
19.803,-2.8542
-20.456,4.071
8.4691,18.938
8.5264,13.337
5.6783,16.542
-2.3912,15.416
0.37425,10.236
9.5612,-19.507
6.0458,-4.4863
-16.35,-4.8623
4.6029,-5.5338
-0.003783,1.0716
21.554,-5.84
5.9358,0.15106
13.487,-12.992
-2.5254,-8.2522
-6.2406,-11.607
-11.49,-14.956
11.191,-2.811
-4.2686,-13.059
16.256,-9.8808
-2.1594,8.044
-5.2425,-15.853
8.4751,-8.419
6.7663,17.947
15.869,-9.9903
0.19935,-5.416
1.0913,-12.009
6.6298,9.3849
10.474,0.36545
-4.1048,-4.7789
-5.7425,8.0699
1.5441,-10.487
3.4885,-9.4263
-3.1242,0.58668
-8.3567,-2.9934
1.8069,8.4695
-5.2642,20.159
0.16909,15.914
-2.7256,10.707
-15.217,0.4198
12.141,8.3839
-0.5613,15.565
-7.88,10.919
-6.4347,6.1492
11.608,8.1544
7.5553,14.869
7.6988,14.007
-2.0714,15.736
3.5983,19.278
-8.1326,-14.441
-3.9301,19.211
12.734,-2.669
13.415,-13.073
-7.6026,-0.53515
2.5752,8.0498
-11.776,-12.054
-3.7031,19.439
5.4108,-10.49
15.874,-11.037
9.9285,-19.466
7.0611,-19.004
-0.54169,13.675
11.294,9.7421
-2.7661,-8.8356
12.836,10.905
12.952,10.907
-17.107,0.98392
-2.6997,10.738
0.78696,13.584
6.1431,10.642
-5.9266,-14.548
-19.026,-0.9001
-0.19056,-0.44035
13.529,-13.047
-0.65415,-14.774
2.6488,-13.83
-8.1748,13.838
10.231,12.101
0.51296,12.652
0.48386,7.0372
0.1694,15.949
-2.1605,18.673
-3.272,18.363
-8.4212,-13.457
0.51122,-10.978
-3.3383,10.278
-4.781,-9.9699
-12.968,-5.6804
0.37868,14.405
0.69807,-15.674
16.605,-7.039
-14.24,-12.141
-17.113,9.5585
-5.6271,0.28678
12.239,7.523
9.3347,-0.44225
-5.3218,10.632
-2.9906,16.871
-4.4318,16.908
21.791,-4.969
-4.5397,18.803
-3.5962,6.1016
-10.478,12.967
-0.30843,12.746
-20.111,2.8696
-14.622,-0.75312
-2.3061,18.577
-16.636,5.2446
-16.242,0.65512
7.1434,15.012
-3.0443,-0.72455
10.488,0.36194
11.729,7.7127
-9.9859,3.7674
-10.55,13.153
0.42134,12.593
-10.229,-12.214
-0.329,3.3334
-8.5272,-6.927
7.3466,12.284
-8.9519,9.8816
-18.948,-0.81212
-16.097,1.5481
-19.032,2.7275
0.52577,12.709
-8.0215,13.289
5.377,-11.062
-21.203,9.0765
-5.6348,-10.561
-7.6988,7.5577
-0.67591,15.477
10.479,0.35745
3.5197,-9.3034
-21.018,5.2551
-16.091,6.0122
4.0048,14.104
7.2534,7.6788
0.76398,-0.58131
-13.371,-4.429
-18.619,-6.6283
-5.1342,-15.077
-18.057,-1.6735
-10.197,3.9665
-14.284,5.9072
4.7338,-0.29275
0.59213,12.691
6.6803,1.5055
-10.04,12.605
-2.8732,0.34487
7.2553,2.6179
15.623,5.4981
9.7599,-6.9171
4.7145,-0.46593
10.026,7.2567
-3.227,5.9099
-10.833,6.9689
-2.5319,11.28
13.579,-10.218
14.041,-9.8902
2.2361,3.6657
-3.2887,10.346
0.64611,-1.0449
-10.457,7.1838
0.10777,-0.79933
-9.4141,-10.063
-2.9695,-8.2672
-0.0095495,17.082
-7.6193,-0.58737
-21.663,4.5627
-1.7248,0.70064
0.2801,12.672
15.728,-9.9429
10.638,-16.519
0.11662,1.1745
12.99,1.1763
-0.93176,-0.20657
0.7353,14.648
-11.064,5.514
0.54024,14.722
-11.851,8.9814
-3.3809,18.066
6.0435,-4.4591
-4.8741,19.161
16.539,-5.3659
-8.5168,-7.1325
6.8253,-0.51161
2.844,-10.627
-4.3905,0.22756
19.693,-2.6057
16.359,0.0068273
0.44504,12.714
-7.2962,-7.9488
20.32,-4.0444
-6.1089,11.271
9.8439,0.03198
3.5284,11.89
8.0159,-7.9669
-14.077,0.9082
-1.3053,-14.411
-0.020433,17.137
-14.673,-6.8526
-10.809,5.4972
-4.6324,-13.211
-15.946,5.6075
15.242,-1.5456
15.944,5.1281
-6.1684,11.886
1.1778,1.2836
10.065,7.0634
15.933,4.8574
4.4735,-11.044
20.313,4.0994
-1.9751,18.509
-16.284,-4.8281
10.623,-15.364
-3.1868,9.7065
-3.3014,0.25467
5.2886,10.547
10.915,-17.182
-3.8071,-13.405
-3.0677,-0.20617
-4.3754,0.47868
5.1926,10.812
16.473,-0.28505
-3.5015,-0.063805
-5.1672,11.95
-10.435,5.9615
-3.5643,-3.8184
8.7712,-1.1664
6.3984,8.7445
0.22358,-5.4078
-8.7338,0.0090698
2.7533,8.0524
4.5716,-10.936
1.1028,-10.688
-8.7887,0.0076506
-0.35621,17.148
0.82106,-0.041578
9.1154,-15.589
-13.595,8.7297
0.12392,-0.47813
5.4041,-19.417
1.0454,-1.5618
-0.10638,-0.67795
5.0764,-5.1869
3.7368,-9.5738
-5.9586,-15.916
10.421,-18.961
15.633,5.5242
3.7576,19.034
13.559,-11.354
-2.307,1.1488
5.4585,-5.5942
3.3796,-9.0742
-0.0056665,0.89002
-0.023229,0.63802
9.8798,15.26
-9.9053,11.742
3.9999,-9.5925
-10.731,6.6969
-3.827,15.113
6.0127,10.555
-13.348,5.6214
6.3017,14.384
0.7282,13.172
-18.373,10.328
-2.4033,1.4367
-9.9118,14.758
5.2171,10.783
5.4915,-5.2614
6.4744,-19.133
-18.645,2.6568
5.3817,-21.041
-11.036,-13.507
13.19,-10.708
10.655,0.28753
-2.9212,-0.26862
-4.1569,0.46008
-14.136,7.5377
-5.2795,-12.861
11.537,10.35
11.577,10.326
-12.86,8.2046
-13.648,0.91187
-5.1832,5.3743
-5.1832,5.3744
-6.7448,-11.634
-3.9623,-8.6174
-20.271,1.5867
-8.678,-6.5292
-20.634,2.9302
3.6223,18.968
11.716,10.256
-3.1081,18.399
13.166,8.921
-5.5171,10.769
11.014,-17.335
8.1417,-18.055
-2.1351,10.111
-5.2332,5.0833
5.0118,15.999
3.8889,13.993
-19.602,9.7116
-8.8677,-8.4232
0.70443,-14.375
3.938,-11.102
16.457,0.0076543
-2.8224,-0.45652
-3.6843,-8.5324
-2.6698,15.679
5.4022,13.856
19.775,-2.8989
5.4098,-4.8948
9.0494,14.501
4.1664,14.591
0.90262,-1.5549
13.585,-6.0362
0.59013,12.904
16.434,2.8299
-0.21876,-9.0479
-14.429,0.78843
5.3881,-21.043
-6.417,6.258
16.243,-6.467
-0.82426,14.204
-10.677,-7.9744
5.4042,-4.9029
-1.1013,10.485
9.4701,4.6714
-4.7321,18.924
-2.4976,15.652
-18.347,-0.24288
8.5349,13.33
6.6338,15.799
13.473,-13.222
-2.5498,10.651
-5.7966,0.33336
-0.60354,-0.16391
-0.67926,13.745
5.3163,5.3031
-3.4838,0.20958
-5.2555,6.7935
-4.5996,19.048
1.6494,6.5293
-16.849,9.8367
-9.9122,3.8866
-9.0498,12.679
10.812,-16.773
4.5361,17.529
0.23653,1.6997
-19.162,1.0112
10.086,-19.465
8.9598,-9.4632
-5.4599,-10.638
-15.722,-6.6487
-9.9999,11.69
-20.874,9.0461
-20.857,9.1034
13.411,-13.15
-4.7606,-13.512
-3.2939,15.547
10.777,-17.147
3.4107,-9.8025
10.857,-3.7151
17.292,6.8639
7.6774,7.8478
2.6191,-13.94
2.5876,4.5842
-16.223,-5.6483
4.4192,19.376
10.971,8.8352
-18.509,2.2857
-15.959,-6.7516
10.413,12.146
6.577,8.768
-0.19083,16.021
-16.613,0.8981
-5.2445,20.155
-18.096,0.050796
0.74625,-0.067778
-0.45715,13.181
-0.65601,6.9748
-16.593,0.37504
-13.502,-5.7633
-10.821,7.1099
-20.676,2.3656
-16.527,5.0675
2.5019,2.8744
-13.429,-0.42433
8.1808,-17.995
-11.22,7.1199
5.4076,10.531
10.196,-19.331
-5.0851,10.481
-0.46485,6.8728
-3.2836,9.638
-15.328,5.4262
-0.19255,5.4693
10.987,-3.7796
3.6297,-9.3388
18.516,5.2675
12.637,9.3583
9.3097,6.9493
-17.115,5.7976
7.7677,-17.505
-5.03,13.39
0.25991,2.3061
1.3339,-0.98035
-10.649,5.0929
6.905,7.945
2.314,7.6196
-1.2793,3.4177
1.5013,6.6548
8.3906,17.566
-14.211,7.9368
-10.91,2.791
-13.045,-5.9677
7.9615,14.531
-1.665,15.317
-0.07032,17.034
17.195,-6.9993
20.146,-3.4532
20.164,-3.3842
-13.337,-0.38331
-13.175,-0.34641
0.64256,-0.50445
-10.976,5.4659
-14.956,0.22965
7.687,15.627
-0.027113,0.86691
10.316,4.6728
-4.688,-9.9054
-0.51953,7.0565
-4.7276,6.9593
3.4567,-9.5253
-9.1283,11.531
13.662,5.2985
-0.031059,8.2078
-0.11701,0.71541
-0.85883,-15.002
-3.6385,-6.5441
-0.087789,-1.4626
-3.4791,15.904
16.032,5.6681
6.4282,16.613
1.534,-10.368
-2.9676,-1.9849
4.466,13.547
-2.6091,-0.43679
-5.257,-15.23
5.867,16.288
0.45906,4.844
-15.166,1.4674
4.9923,13.404
-8.005,-2.8927
-1.9897,-4.9465
-1.5088,4.5608
0.29807,7.1844
5.3963,5.2043
-13.995,0.23526
-14.115,6.0937
-13.198,-5.5652
2.7692,5.2953
1.206,1.2192
-17.415,7.0987
10.684,9.623
-3.1263,0.12033
5.4515,-5.6096
15.409,-1.3691
14.263,-1.6063
5.9622,15.18
-18.012,-1.7102
-13.427,7.9088
0.024133,-1.2789
-2.3848,0.4229
-6.3634,9.7335
-9.0516,12.549
12.947,9.7131
-11.022,2.6311
-19.5,0.29258
-3.8887,19.623
12.208,-2.7377
-8.4863,-3.061
-18.567,-0.35706
-9.434,-10.13
-0.41827,12.914
9.8556,13.411
6.0617,16.092
0.17578,-5.3843
-2.6814,-8.2099
5.4814,-5.2225
-2.4313,-0.19262
-9.1952,9.9289
9.0526,9.7022
10.772,7.9175
-15.916,-4.0445
-13.879,-3.9698
-4.1776,-13.168
8.1941,-18.003
-0.24133,-12.941
-1.9082,9.977
15.228,8.0954
10.314,-19.204
-4.8294,10.52
2.0304,13.909
0.15327,-1.7825
-8.103,-2.891
-0.13451,-0.54516
-4.7821,19.272
19.776,-2.8339
8.2534,15.666
6.2675,15.622
9.1866,13.897
21.35,-6.0643
-16.227,-5.1723
-0.2846,17.105
-2.6197,-0.30739
-5.1704,13.348
7.6809,14.361
8.0587,15.885
6.3496,12.445
0.077826,15.763
-6.8192,11.267
1.9062,1.3372
10.533,12.785
-4.5897,-9.8255
-3.2907,18.577
-2.1345,-4.4077
0.37422,14.026
-4.2157,16.478
-7.0553,-8.5886
4.5264,15.414
8.1411,-19.273
-2.1553,-4.5818
7.8234,-7.8366
-20.419,4.0317
16.368,0.052677
-5.4208,-10.577
3.4174,-8.9968
18.934,-10.956
0.77311,-1.7723
-5.2707,8.4083
-17.02,9.3569
-5.4479,-10.678
10.889,8.075
13.492,-13.285
0.0026386,-0.57536
-2.182,7.6962
-2.5073,0.84911
5.4194,5.0035
5.0805,16.536
3.1161,-9.6207
10.427,10.061
-5.2022,6.1279
-4.7521,-13.598
2.2202,-7.871
-3.9074,19.634
11.364,6.9461
11.826,6.961
-0.41162,3.4176
2.7665,5.0279
-5.7383,-5.2948
-2.4905,-2.6425
-11.168,7.224
-16.811,1.0546
-13.199,-6.4133
-4.9327,1.2588
-0.14142,-12.819
11.621,10.335
-2.5602,10.994
-16.672,5.0531
-4.4858,-0.53237
-4.1488,-0.33019
12.569,10.733
5.7009,10.301
8.6839,-15.806
-2.7324,18.882
-0.25824,5.5047
-17.668,-0.15148
-7.5879,9.2237
6.6815,11.752
2.1143,13.81
9.8927,7.0342
6.6177,14.729
5.3331,10.717
1.796,-7.8849
4.5627,13.23
-0.023346,16.708
0.14635,16.18
5.4796,18.132
-0.024763,0.977
1.0788,8.148
13.887,-2.1521
9.8145,-6.9138
-0.39644,7.2249
15.903,6.1234
2.9742,-10.772
13.591,-10.183
19.06,3.5011
0.52064,7.8228
-6.104,-0.97496
-5.2364,10.675
-16.142,-0.33038
-0.43959,15.848
3.1556,-8.2889
-5.4797,8.1028
4.7438,15.071
0.10891,8.4525
5.0495,12.214
-21.657,5.3494
-17.051,-1.6885
17.174,-5.8311
-1.6457,16.499
-5.8002,-5.3208
9.4862,7.5187
0.024088,5.2622
-19.327,2.215
-14.618,5.8619
0.15047,0.52785
7.9311,17.8
-0.6264,8.3081
-8.341,9.6551
-3.6436,-6.4877
-10.853,5.5045
1.2838,-10.628
-16.003,-6.0018
-0.58665,12.683
-0.50305,12.597
-19.176,8.2413
10.203,12.785
-1.282,-3.2952
10.215,5.309
0.37096,6.0065
2.402,2.845
-2.9365,-7.7637
0.84954,-0.68146
-18.5,2.7953
0.14207,2.8663
-0.76799,13.526
7.6361,15.127
5.1356,17.855
0.13685,15.882
-2.5781,18.398
3.2017,13.795
4.9155,-0.1551
11.007,-17.33
10.396,13.286
15.291,8.2305
11.362,7.7084
3.1023,-8.3285
10.463,0.44303
12.832,-2.4303
-0.0027646,7.3715
4.0191,14.561
10.291,5.1855
-0.35871,13.647
-11.303,5.4075
-0.28783,-15.939
2.9835,-13.646
-8.7465,-13.478
-20.374,2.8878
4.8095,-6.9895
-0.033477,-15.812
-13.63,-11.735
13.783,-12.933
-9.2922,-8.0481
-10.095,-8.1921
-16.566,5.3014
-13.264,-6.4083
0.58345,-16.315
-17.559,5.9249
-16.667,-6.4495
-13.247,-14.81
-8.6562,-0.10463
2.6208,-10.732
-4.8288,-11.381
5.4868,-10.922
-0.0054933,5.2614
5.4567,-10.962
18.411,5.7207
-11.082,5.3853
20.755,-8.7733
-12.178,8.6223
-2.717,11.249
-4.6052,0.41738
18.413,5.7222
-8.0577,-2.8957
0.12447,-17.835
10.363,0.31832
5.4222,-8.0094
-8.7899,0.01405
13.335,-10.541
-7.7419,-2.6869
-9.0978,-0.17801
-1.7904,-13.059
20.349,-3.8358
10.97,-16.022
17.983,-6.2254
-8.3557,0.47455
10.694,8.552
0.24632,2.462
-17.69,9.3861
7.9237,0.278
-16.327,1.2203
10.592,4.981
8.1974,-8.1305
-1.7004,-12.895
7.6358,0.4008
-5.5186,10.552
-0.32218,5.5104
-4.9195,11.911
1.3747,14.576
19.858,-6.6122
-8.1507,-13.742
0.85725,-0.081358
7.9273,-2.1291
5.49,-10.895
-0.5279,6.4925
7.9845,-7.8329
8.9964,-9.879
-2.8105,10.876
10.249,-19.226
16.401,-5.7263
-5.4233,5.3463
-4.1077,9.5678
13.833,-11.203
-13.737,-4.7
-0.15684,5.4288
9.4418,7.5447
-1.6575,-8.7006
-10.533,4.8602
6.1577,16.113
-10.009,3.8366
1.3905,14.581
-16.452,0.91317
-8.7458,-0.01415
-16.871,0.58036
5.295,4.9952
4.2104,13.183
-0.38697,7.2346
-1.269,3.9054
14.271,1.201
4.0897,14.154
8.1992,15.721
-5.6852,-10.308
5.9404,0.34538
-19.194,-1.0936
0.041598,15.66
5.0635,10.92
3.3057,7.666
2.2172,0.68227
-1.16,10.52
16.466,-0.091217
1.9164,-10.302
-7.9815,10.414
-0.55625,12.665
-4.8055,7.0927
0.46486,-1.5605
-2.8959,-5.2466
-1.3264,9.9995
-3.8074,18.836
10.641,12.72
-5.4725,-10.193
-9.91,11.524
19.194,-1.9783
-1.9951,8.1495
-7.0576,8.7745
7.598,0.40768
11.526,8.535
2.1826,7.2364
7.0024,8.0049
-2.5996,-5.4425
0.42248,4.8128
10.348,5.2034
-5.292,10.52
10.637,5.5802
-10.072,11.405
10.682,9.0698
-1.8862,5.8119
-8.5831,-6.8973
-9.0302,9.5725
0.41401,4.7951
-4.7129,6.5572
-8.9811,9.5473
-18.876,0.51467
-5.4861,-15.603
15.326,6.415
16.471,-0.056146
11.015,12.319
10.92,12.488
14.29,5.2116
0.67289,13.989
18.64,-6.9325
0.084555,16.086
4.3478,17.752
-18.252,-1.7692
-6.7382,-11.4
-19.148,-1.5162
15.789,5.6834
9.0559,-15.804
-3.2471,16.706
-20.051,9.8103
0.51955,10.43
11.533,10.308
7.2522,8.5195
-10.174,-13.496
-12.2,1.2462
-18.495,2.7299
1.4547,-10.506
0.34185,10.489
-3.8371,-13.172
-2.7285,5.2863
-4.7446,19.951
3.6918,-9.2736
-13.183,-10.404
-0.010626,-0.13395
7.1371,8.3185
-10.52,5.2404
-9.6418,-10.144
0.73408,-1.5502
-0.097939,16.993
-18.889,-1.8094
0.50577,-0.46146
16.253,-0.26197
-16.556,5.5143
0.34342,-1.7477
-21.692,4.9959
-15.199,-11.235
-6.8724,0.57983
-13.91,-12.59
2.0949,6.4433
3.933,-11.413
-13.978,-14.279
-7.2254,11.476
18.566,4.9162
-0.026177,0.13881
0.61452,-14.307
-1.7504,-14.914
-6.2491,-0.19919
5.4789,-10.909
-10.739,6.3534
-10.954,-13.239
-0.042888,-15.41
-1.5077,-15.525
-18.706,-0.55634
5.4847,-10.911
3.0747,12.92
-0.16336,-17.1
0.11454,15.136
-16.15,0.82512
-15.448,-12.318
18.598,-4.9332
-18.663,-0.50473
9.1999,-0.5411
-16.626,-4.5742
8.9909,-8.7865
15.946,-10.887
-8.6104,9.843
-4.4268,0.45955
-8.8314,0.0033948
18.888,-9.9415
8.7546,-1.0981
-8.429,-0.075976
-18.986,1.3607
-2.1493,18.637
15.866,5.4024
-3.5371,0.10727
-6.8083,-3.4794
-16.42,0.62452
6.8168,16.08
8.4596,18.609
5.5318,10.47
-6.3753,8.8287
-18.459,2.8258
4.9138,-0.13127
-4.6454,10.762
2.0829,-7.9395
14.353,-7.017
-18.441,-0.14298
4.9171,-0.111
-2.5602,10.994
2.1369,-10.977
6.8769,8.4297
13.89,-2.152
-13.096,-6.7147
5.744,10.272
10.188,5.3007
-4.1082,15.113
-5.3366,7.9482
-0.31367,5.7063
9.9025,8.7042
19.692,-2.5992
-3.8758,9.4363
-0.82971,-0.18966
-13.139,-0.16918
14.246,-11.373
10.346,15.439
-2.1719,15.577
-0.16755,0.74725
-20.499,4.1618
9.1718,8.4092
10.123,5.2678
-15.268,-10.674
5.3492,10.702
5.0685,18.279
-4.681,19.04
10.444,12.8
7.8408,7.7269
17.189,6.577
10.458,0.52629
12.545,7.4948
11.098,9.5375
-7.6457,8.4974
15.973,0.6703
-7.4608,12.01
12.809,10.851
16.347,-0.15048
-2.3099,10.902
-0.99092,15.168
16.327,2.8231
10.215,5.309
-6.6719,6.6369
10.644,9.6607
8.1607,15.817
-8.0727,13.233
-9.1819,10.482
-0.57779,-0.20756
15.87,5.4972
3.1695,-9.8551
5.4206,10.401
10.425,13.471
4.458,15.226
-3.1993,-3.2613
-10.921,7.1174
8.6723,6.4641
9.8057,-6.9105
12.587,3.6918
10.514,8.2771
6.2485,-20.754
-16.239,5.7689
-0.292,3.7386
2.3583,8.3558
10.424,13.283
-1.2885,8.4545
16.343,2.9968
-7.2113,9.3597
4.0911,17.159
1.1042,-1.5303
20.499,3.5448
-3.3865,17.419
-15.908,-1.1055
4.6615,14.132
-2.8773,-2.5892
-2.3872,18.765
0.4824,7.084
2.9175,12.813
-4.8363,19.041
5.0696,14.313
-0.1698,0.11646
3.6143,-9.5483
10.419,12.453
-12.279,1.2459
-8.9272,-0.022367
-0.77742,14.17
4.2669,13.408
-0.92244,15.519
-15.908,-1.1055
-19.104,12.781
-12.873,-15.939
20.373,-3.6404
-0.014502,-17.404
13.783,-12.933
14.249,-13.85
13.783,-12.933
0.82112,6.779
10.431,0.54627
2.9285,-13.7
-12.873,-15.94
-1.3964,-15.685
-10.538,5.5319
-0.12862,-17.285
-9.2064,-8.1417
-1.5573,-15.072
-12.097,1.1823
-3.5546,-4.6596
-9.846,-15.12
-10.538,5.5317
-0.54293,-16.472
-5.4525,-15.811
-5.5502,6.2351
-13.113,-6.7531
0.52309,-15.166
5.2373,10.675
-9.7348,14.607
-9.7348,14.607
-5.7489,-5.2777
-19.334,9.8525
-0.67343,-12.833
-10.756,6.9494
-10.757,6.9494
-0.44155,-16.722
-0.1253,-17.11
-13.428,-11.363
5.4554,10.561
5.0383,10.672
-5.4525,-15.811
-10.86,-14.797
10.297,-19.254
-14.19,-5.8362
-8.1814,-2.8023
19.766,-2.7527
-5.9523,6.784
-7.854,10.372
7.2269,1.7688
-16.825,1.0205
-7.7076,9.0499
-5.4622,7.5828
-4.8777,7.0138
-20.928,6.8122
-20.928,6.8122
-7.4587,9.4094
-10.737,-7.5604
13.66,4.4287
-7.9335,-11.783
-0.14255,-15.881
-2.835,-2.6269
-0.010527,-17.606
-9.5393,-11.066
-15.753,-12.609
2.9429,-11.291
-5.8888,-15.6
5.9433,-5.6306
-12.985,-10.816
-3.6365,9.0283
3.0831,-11.404
-7.9085,9.2944
2.599,-11.305
-12.961,-14.501
-0.52271,12.904
-13.459,-5.4423
-9.1768,11.47
-2.3904,0.69375
-5.1344,0.0894
14.447,-6.7159
-8.1749,7.8765
0.36417,6.0066
15.342,-0.71882
15.319,-8.7552
-0.017276,2.7954
10.028,5.2981
12.193,6.388
4.4239,-0.58036
-10.853,-10.558
-17.447,-1.6626
10.336,5.433
-2.2402,10.097
8.179,15.52
-1.1701,-6.6167
11.049,9.4611
-6.699,6.6608
-5.8367,5.3247
12.851,3.8278
5.9262,10.359
-18.438,1.9812
-17.03,-1.6731
16.316,-5.8992
15.906,6.2412
10.712,0.44064
-2.7126,0.457
9.0875,-16.441
-16.188,-9.348
-16.87,-5.6061
6.3885,17.524
16.232,-0.061299
0.0051813,-0.21342
10.747,9.2977
14.145,-11.283
14.382,-11.96
-4.957,8.7896
11.048,-3.7687
16.524,0.046606
18.617,4.8921
-8.8404,-0.0031282
19.7,-10.284
16.536,-12.217
14.504,-11.885
16.353,-10.56
16.458,-11.258
15.945,-11.439
-8.8253,0.0028538
13.623,-6.2273
13.575,-7.7432
9.5119,-15.697
19.273,-11.111
20.843,-9.8278
16.457,-0.036488
16.821,-11.121
12.108,-2.6818
16.023,-11.43
-6.8539,0.48754
-8.5763,-0.11352
7.6786,0.42437
-8.7298,-7.431
16.143,-6.6146
12.078,-2.7242
15.349,-11.411
15.254,-11.418
-8.9481,0.00033525
21.305,-6.8056
15.157,6.1315
16.449,-10.966
13.667,-7.5608
16.336,-9.3682
20.459,-4.3489
-1.2457,-13.748
19.224,-1.8251
16.965,-5.1729
16.581,0.16487
-6.6317,0.499
-1.4468,-15.3
13.613,-8.1934
0.9338,7.6034
9.0099,-9.728
5.3147,5.0024
16.462,-0.0068579
3.5685,-8.5417
-7.875,-0.2639
14.626,3.2016
17.732,-11.119
-3.6465,-13.021
11.08,-3.6467
-1.1639,-15.245
21.233,-6.9574
21.345,-6.5143
5.7007,-5.4199
21.712,-5.0256
13.697,-6.0446
16.799,-6.4795
16.18,-11.078
16.731,-9.2748
16.159,-0.048311
13.5,-7.707
14.766,-2.5324
14.304,-11.87
8.5523,-8.5711
13.791,-3.3029
17.374,6.7882
10.671,0.45168
18.884,-9.9143
16.855,-10.384
16.471,-11.258
0.94417,6.2388
19.207,-7.8067
-8.5626,-7.4929
21.267,-6.8485
-0.78319,-16.135
14.435,0.54473
16.361,-4.9196
-18.591,-6.5932
7.6012,-16.892
16.553,-11.114
-14.586,-0.56732
21.334,-9.0614
-3.6481,-13.021
15.206,6.1456
14.705,3.4076
16.98,-11.092
17.33,-11.072
18.193,-6.5418
16.482,-4.754
6.0132,-19.3
-3.138,-3.048
-6.7109,0.51954
-13.406,5.8615
-2.0677,-13.704
12.019,10.619
5.397,-20.769
16.678,6.1562
12.447,1.2952
14.412,-6.8175
19.164,-11.15
-1.1234,-14.283
18.908,-7.9763
14.085,-2.94
15.26,-3.6339
-8.8174,0.0031857
16.398,-0.14562
-14.362,-4.2543
21.721,-5.7282
16.098,6.2912
16.072,6.3011
16.355,6.0985
-7.3158,-3.6392
15.181,6.1318
10.491,0.3604
-13.693,6.179
-3.6139,9.0777
-5.2147,-10.322
0.29137,8.1909
16.555,0.092993
-12.622,-14.629
20.634,-4.0456
-5.2487,4.9519
12.939,-2.264
-7.3662,-0.66812
-15.474,-9.9082
16.179,0.35254
19.789,-2.8927
16.098,-9.6716
-5.0934,10.729
0.34025,-0.96989
-15.605,-10.043
16.371,-4.7579
14.215,-2.6662
-10.08,11.644
12.162,-6.1306
-2.5554,-2.5993
-5.1491,-12.494
12.655,-10.434
10.916,-17.142
14.169,0.99196
-0.86329,4.482
-1.2488,-3.3434
-13.441,-9.9528
12.637,9.3583
-4.3905,0.22756
-1.9519,-14.283
5.2786,13.483
-0.065196,8.0657
-3.1244,8.2331
-1.0183,-15.48
11.086,-15.152
20.559,5.3913
10.695,0.45254
-12.749,-10.729
18.686,4.957
-1.9252,-14.068
-1.2553,-11.271
0.11008,-17.86
-12.897,-14.778
5.2957,5.0078
-16.073,-10.783
-11.28,6.8886
-14.489,-11.292
-7.529,1.949
-8.6723,-12.241
-11.234,-11.598
18.805,4.3294
-20.748,4.827
5.8951,-4.5605
19.666,-2.5535
6.6663,-4.0518
8.9104,-0.76849
14.652,-6.6951
1.883,-14.199
19.427,4.2709
18.519,4.6355
18.518,4.2112
5.2939,-10.869
18.542,4.9297
-0.15592,-16.955
19.402,4.224
11.564,-2.5418
19.718,4.1836
19.467,4.1676
9.5426,-19.773
-1.4249,-12.844
15.65,5.5688
-4.086,11.92
-8.4123,-0.087658
-6.3124,-11.216
14.008,-2.1586
-2.2681,8.0686
3.973,16.988
15.149,8.2185
0.026208,15.776
-8.3822,-3.0712
14.308,0.90444
10.123,0.23236
-6.5641,-10.075
-14.641,-1.02
-7.1854,10.814
5.3855,15.791
8.2997,7.9434
0.0030484,7.8861
11.479,7.2776
3.4645,-9.3562
-15.046,2.0648
-6.9809,-10.21
5.4674,10.41
-0.25672,7.926
-5.0126,10.469
-0.078418,8.0768
-7.5175,2.3033
15.69,5.6247
-1.4753,-6.6548
11.494,10.058
10.213,13.457
-13.339,8.7541
-10.582,-15.083
-2.2944,10.119
19.665,-2.5764
18.084,4.4168
5.9412,10.579
10.963,9.269
16.492,0.05505
10.694,10.296
9.4298,6.2606
10.361,13.578
-10.737,7.0164
15.437,3.8996
15.466,3.8266
0.18099,16.079
10.484,12.842
-2.8348,-0.58827
-3.7069,14.975
2.4631,-13.871
-5.1956,12.374
-17.971,-0.15941
5.1197,16.774
-0.43591,-0.25341
-0.43578,-0.25359
2.5074,4.5319
-2.4415,18.828
12.085,6.3792
10.54,8.8576
15.7,-3.3793
20.325,-3.9339
16.349,-4.6754
8.9276,-9.3633
-0.91431,-10.866
7.1568,-0.060058
-2.0365,-4.906
5.6689,11.231
0.21014,5.2281
10.006,0.10899
12.973,4.0325
2.4318,-2.5712
-5.0414,-10.6
11.792,7.6627
-19.046,7.5688
-15.444,-12.268
20.659,4.3709
7.7688,2.6006
-4.9861,-5.6546
-4.7407,19.996
-5.2742,8.4671
0.076166,-17.5
10.16,0.26413
-0.64776,0.25028
12.266,10.32
10.175,10.417
-9.1626,10.506
-16.53,-11.827
-13.576,-4.5277
0.091515,5.2776
5.9583,0.18225
-20.962,9.0822
8.2151,15.403
11.699,9.8073
-20.656,8.8614
5.9842,10.51
-2.6744,-6.9669
0.92645,7.6074
-14.052,4.564
0.029719,-0.32947
14.823,5.6456
10.462,5.6942
16.317,-0.1633
-15.729,-10.547
-4.8873,-10.499
8.0822,-2.8735
2.8954,-3.4835
0.84387,-0.0068655
18.225,3.1939
8.2235,-2.25
11.122,9.4443
-19.271,7.7636
17.753,4.0771
0.11785,2.1072
-13.247,-14.81
-1.699,5.7392
-15.294,-7.0618
10.472,6.7726
-18.776,0.63859
0.0099427,0.66591
-2.4044,-6.4573
0.60056,-2.105
-16.86,-5.9997
8.3224,2.8272
-14.365,-4.2717
-20.764,5.0329
-0.36949,5.7193
8.8084,5.0024
-0.2283,-5.2951
9.231,-15.474
-5.8178,5.3607
15.178,-1.0527
-1.3268,-3.0397
1.3304,-10.574
0.15078,13.615
13.903,4.2421
4.5459,-5.5657
-8.958,12.612
-5.8616,5.7516
-5.2295,5.1113
-0.51692,12.906
20.909,4.1608
2.5219,3.3535
8.1498,-1.9958
15.106,8.2008
16.489,0.083461
-0.42896,7.3838
-1.058,10.247
-5.2999,-15.268
-6.9052,-13.282
-10.9,7.155
3.2697,17.314
16.611,-5.5929
10.529,9.0149
20.599,3.7168
-5.9806,6.3673
-0.062722,13.351
-10.984,2.8179
-2.8846,-5.1478
-3.4098,-3.7686
2.5106,-2.6775
10.681,-15.55
1.5594,-1.3411
-5.1808,0.22805
5.2447,-5.9441
-13.308,-10.175
-13.318,-10.224
0.12352,-17.826
-1.9453,-14.411
-15.879,-12.633
-12.256,-9.8214
-11.933,-9.6361
-11.015,-10.551
-9.5099,-6.6194
-8.2023,-5.6722
-0.042888,-15.41
-2.1341,-13.174
-14.087,-14.362
-16.578,-4.8566
-18.269,-6.4552
-14.881,-11.837
-17.39,-5.1793
-10.472,-14.332
-14.806,-13.247
-17.264,-5.987
-16.618,-5.0034
-0.10168,-13.715
0.21704,-14.059
-13.714,-15.249
-1.2515,-11.239
-13.896,-14.532
-21.52,4.0518
-10.942,-10.715
-13.823,-4.7184
-8.5498,-0.10502
-8.8712,-0.030332
-8.8182,-0.017923
-9.8561,-10.664
-9.3608,-12.181
-9.8851,-10.541
-9.8757,-10.552
-8.1847,-6.6383
-2.1179,-13.388
-16.806,-7.2581
11.022,-17.323
-16.274,-0.2987
-14.498,-6.5517
-13.109,-4.7645
-8.9816,-11.781
-12.717,-14.822
-12.559,-14.819
-8.5626,-7.4926
-7.5454,0.76564
-7.8914,-13.356
-9.8454,-10.835
-1.5203,-2.8522
0.23753,10.221
-9.5681,-11.048
0.61571,-15.845
-5.2422,20.171
-0.91663,-11.059
-6.8198,-16.54
0.30251,-11.455
-5.1882,20.13
-6.9551,0.70142
-6.6636,0.62258
-18.545,-0.35212
-15.353,-4.678
-8.767,-13.267
-8.7822,-3.4362
-13.226,-4.0206
10.553,-16.772
-14.537,-4.7925
-18.138,-1.7731
-20.784,2.834
-8.9686,-11.561
-8.2189,-13.712
-18.201,-0.15814
-7.3633,-15.943
-7.3411,-15.991
10.581,-16.506
-20.636,2.4777
-15.88,-6.1066
-15.584,-6.9215
-9.837,11.112
-20.24,5.2992
-5.5184,-10.301
-10.733,-13.29
-5.8472,-13.954
-8.7293,-12.091
-2.7919,-4.1938
-2.7217,-2.6452
-19.388,10.295
-9.6456,14.618
0.85414,-15.801
-18.603,0.21259
10.406,-17.481
-17.939,-0.030129
10.92,-15.257
-13.973,-5.1872
-3.2238,-4.8769
-7.4832,-16.271
-8.589,-12.321
-3.6466,-13.021
-18.962,2.0848
-8.1913,-12.329
10.782,-17.235
-14.5,-6.9767
-4.4914,-13.17
-7.9627,-13.032
-8.475,-13.518
-7.668,-2.6273
-18.226,9.3822
10.794,-15.387
-17.94,9.2082
-15.582,-0.33165
-18.249,-0.06637
-13.876,-6.649
-20.207,6.5422
-8.6618,9.8159
-17.843,8.7759
-2.991,-6.7009
-13.619,1.1133
0.75547,-12.201
1.3456,-10.526
-17.213,4.0228
-3.3937,-12.959
-3.2679,-6.6046
-2.6548,-2.6407
10.975,-15.874
-5.6731,12.509
-7.8094,13.153
-19.468,7.6109
-8.4417,9.7577
-18.176,9.1338
-20.276,7.228
-19.831,7.2201
-20.348,7.0632
-13.366,-6.7919
0.44777,-11.733
-12.296,-7.7663
-9.4743,12.224
-9.4476,11.522
-1.9619,-4.9946
10.479,-16.572
-5.3934,-10.6
-2.6915,-8.7059
-4.2361,-8.7226
-13.074,-7.0923
1.347,-10.615
7.7977,-17.779
7.9975,-17.85
-5.7659,-16.147
-5.766,-16.147
-5.8431,-15.904
-8.4758,12.626
-7.6392,9.3348
-14.628,0.54332
-6.5072,5.6838
-3.9573,18.862
9.8399,-19.538
5.4635,5.0624
-5.9747,5.3419
-13.278,5.846
-13.282,5.8394
9.887,-15.504
-0.87085,0.35546
-17.043,3.6368
0.72975,-12.198
0.91981,-10.858
5.2958,5.1644
0.33499,-12.201
2.4398,-12.246
0.78183,-12.183
2.1584,-11.11
14.076,-12.355
-3.1557,18.794
5.5405,-18.892
-14.995,2.4735
13.632,-7.9456
-10.904,2.6754
14.122,-11.395
9.2658,-14.446
-4.54,8.8874
-0.40836,-7.259
4.3374,-1.0395
15.114,-11.676
-12.206,5.7646
-11.574,5.8015
-1.3748,-6.7222
-5.7939,-5.2499
-3.5775,6.0185
-5.1193,10.758
0.053977,8.2151
-2.9634,-0.61861
2.4988,7.9387
-2.9546,15.921
2.5567,7.8934
-0.1303,7.5738
2.5145,8.0104
-1.8682,17.526
5.0865,-19.498
5.4372,-20.59
16.289,-6.6069
15.611,-11.61
16.601,-11.047
0.24346,-7.9262
5.855,-0.046178
-10.744,5.6596
16.468,-11.257
3.6629,-10.401
16.772,-10.423
-0.40125,-9.6774
-1.7528,14.051
0.37132,8.1516
7.6626,0.37003
13.918,-6.4557
13.779,-9.4886
7.6471,0.35711
2.725,7.9965
1.9118,6.2065
-1.6038,17.514
8.8148,-8.9506
2.6503,8.0442
2.8009,7.0285
18.984,-10.898
18.347,-6.7469
-0.095991,14.913
0.89905,6.6348
-0.37651,-5.3485
3.0757,19.121
16.394,-5.6133
6.2262,-20.541
16.736,-11.121
-5.0665,5.6296
9.2474,10.784
4.0127,-11.024
5.3924,-10.576
5.1823,14.028
-2.0044,0.19492
0.27543,6.7339
-1.8843,15.44
19.833,-6.5943
0.13689,14.686
5.4553,5.0603
2.2667,5.3464
20.24,-6.7139
18.315,-6.4715
2.8727,6.9591
5.4093,-20.898
20.703,-10.279
-10.57,5.885
-10.376,5.1026
19.402,-10.355
19.106,-10.454
20.785,-10.04
18.874,-8.2277
20.066,-10.251
20.049,-10.181
18.993,-7.9746
1.7788,-7.9151
16.484,-5.6944
17.018,-9.5717
19.655,1.5184
12.878,10.851
3.4044,6.6355
-0.34945,6.9792
10.288,0.29788
8.3396,-21.178
-0.12713,15.116
5.748,15.58
9.3575,13.045
7.9478,-7.8859
2.2868,4.9334
-0.13584,17.08
18.474,-5.0803
16.179,-5.0692
18.995,-7.6197
16.521,-5.4073
0.51806,0.028141
3.1761,-8.2999
5.4909,-10.893
20.985,-9.7411
16.421,-5.4603
5.3271,4.9819
16.344,-4.742
20.784,-6.4195
21.373,-6.4666
2.2655,4.992
10.227,0.40914
21.349,-6.4869
21.211,-7.1325
18.546,-4.8968
19.68,1.5441
11.723,-4.3
15.07,-4.1457
21.396,-6.2846
7.9189,6.595
20.877,-6.2847
0.1246,-0.21232
7.7405,-9.3475e-05
11.351,-4.3434
1.7914,-1.283
10.035,0.13735
4.8451,-7.0289
-0.00060732,5.5146
10.376,0.30011
2.1289,-2.0291
10.584,0.26115
21.529,-5.0578
16.144,-4.4222
6.3872,12.692
6.1524,17.544
12.04,8.5927
1.7726,-1.485
11.876,-2.8928
5.9384,0.097861
18.793,-0.41653
6.5303,0.25512
21.091,-4.7024
21.597,-4.9635
9.7505,6.946
10.617,0.45281
12.039,8.6376
-0.30228,16.974
21.645,-5.0331
2.7225,2.7699
4.6492,-5.5654
19.683,1.53
10.496,0.36683
8.2688,2.6406
10.568,0.43858
21.433,-4.8979
6.6739,0.17747
18.729,-0.44414
5.4878,-5.5474
8.0039,6.0056
10.523,0.45673
16.032,0.032001
16.032,0.032001
15.773,0.1374
15.162,0.38493
15.537,0.20942
15.513,0.22724
5.5748,-5.3508
5.2167,-5.2911
21.827,-5.0491
5.0357,-6.25
16.212,-0.18736
16.274,0.050585
15.242,-2.5064
16.218,-0.0050155
16.182,0.0082065
16.121,0.0066555
10.256,0.52421
16.362,0.033387
16.254,0.04259
5.7139,-5.3238
5.1543,-5.3429
16.366,0.053423
5.8951,-4.5769
16.326,-0.0082814
8.1959,-2.1744
5.3283,-5.2894
16.465,0.30585
14.212,2.3456
14.211,2.3854
16.441,-0.043426
14.252,2.3963
14.248,2.4307
14.27,2.442
16.509,0.26311
16.607,0.2084
16.528,0.72927
14.451,2.5946
16.412,2.7717
14.036,4.3461
14.81,3.8609
15.685,3.2849
14.621,3.2041
8.1587,-2.7579
15.464,5.6502
15.911,6.139
15.931,6.1426
14.821,3.8849
15.251,6.1683
14.152,4.9876
13.963,5.5716
14.875,5.7311
13.762,4.6343
13.948,5.7701
15.547,6.7435
16.081,6.3499
16.099,6.2919
16.089,6.2379
20.019,4.302
16.094,6.2444
19.324,3.8389
5.8709,-5.5792
18.479,5.6309
19.931,3.8623
20.617,3.6543
20.822,4.1676
-6.2958,-10.699
-7.434,-0.68828
-8.8258,-0.0029889
-18.899,0.64394
-18.162,-0.12678
-19.033,0.83761
11.082,-16.259
-5.2314,5.133
-0.96731,0.22359
12.737,-10.447
7.5946,-18.547
-16.128,5.7022
-0.060699,0.7973
5.6497,4.8755
10.117,0.3589
5.1355,16.912
-1.7897,5.9072
-0.011166,15.401
21.12,-7.1862
2.8303,-7.4225
7.8632,6.4462
8.2688,2.6406
14.125,1.9425
13.947,4.4
10.616,4.9608
14.728,4.1957
-1.2665,-14.643
5.5242,4.7872
18.69,6.2272
-1.168,-15.138
-21.636,5.2912
-12.951,8.2018
-4.5389,6.2706
6.8082,9.4401
-11.032,-14.789
-1.5336,-6.713
-5.2963,-15.805
13.487,-13.208
-17.7,9.3718
-5.7673,7.7046
-7.0779,11.666
-6.001,5.2764
-17.048,9.4509
-16.302,5.4325
-5.0429,11.847
-14.222,5.8887
5.3664,-11.129
-15.503,4.8395
-2.7833,-0.67866
13.431,-13.278
-3.4735,15.682
-5.6699,12.161
-6.1512,7.6066
10.704,-15.019
5.4356,-20.776
19.259,3.8017
-8.3691,-7.5838
11.178,-16.54
-9.3377,9.7109
19.312,-1.8612
14.2,5.0457
-14.127,5.1384
-15.132,5.0866
-3.876,10.981
12.62,-10.359
3.5445,19.182
-15.132,5.0866
8.6232,13.343
20.147,4.1665
3.2735,-9.6901
18.999,-4.4735
17.458,-10.976
-16.2,-10.595
0.11018,-17.857
-0.025573,15.22
8.4844,1.8304
-3.2353,5.6966
7.8169,0.17815
18.865,4.5988
11.901,10.26
-7.6909,-8.9948
5.298,-6.2136
16.357,-9.4918
-2.222,-0.60683
10.427,-16.472
20.33,3.4884
20.904,4.1607
15.588,5.0538
-8.684,-0.034058
18.557,5.6216
20.919,4.179
-5.2296,5.1113
-6.0198,0.52748
-21.571,5.103
-8.8276,-0.00088232
15.12,-5.0399
20.919,4.1786
20.924,4.166
20.158,5.2763
5.3726,4.9376
-16.656,5.287
-21.03,2.7924
-9.3286,-12.862
-14.284,-11.653
5.5243,4.7869
12.602,-10.306
-11.978,-15.525
5.8379,-19.464
-5.6605,10.646
-3.7233,6.1584
-3.7233,6.1579
1.1907,4.8398
5.8151,-20.44
-2.3662,-8.873
-2.3686,-8.873
10.496,0.36202
10.654,-15.849
-0.43699,-12.925
-15.833,-10.582
20.253,4.1201
-5.149,-12.494
-5.1491,-12.494
-10.183,-8.3028
17.201,6.2274
8.8064,-18.535
-6.1087,11.271
-6.1087,11.271
-8.9272,-0.022353
-16.364,5.4147
-16.364,5.4147
5.0763,-5.1868
5.0764,-5.1869
20.892,4.6169
-19.828,7.6681
-2.5308,10.929
-4.6071,-14.473
-4.6061,-14.474
-13.783,-14.677
-18.876,0.51467
14.481,-11.622
7.495,12.976
7.4949,12.976
7.4948,12.976
7.4947,12.976
11.755,7.8194
11.755,7.8194
2.844,-10.626
2.8441,-10.627
5.3376,4.981
12.602,-10.306
-7.9709,-8.3027
-7.6544,-7.9684
-7.2254,-8.1611
-7.2256,-8.1612
-3.2286,0.15612
-5.122,10.75
-5.122,10.75
-13.339,8.7539
-13.339,8.754
8.2261,2.2062
-18.663,0.032183
-1.6513,16.567
-16.145,5.1911
-6.7256,11.912
-6.7256,11.912
-6.9562,0.78378
3.661,-9.0483
-4.8667,6.8738
-4.8668,6.874
-2.8194,19.044
-2.8174,19.045
-7.2225,-13.126
-8.3726,12.843
-8.3726,12.843
-21.57,5.5829
-2.155,-0.19655
-0.82332,-0.25379
0.18827,14.95
-4.1576,-0.34089
16.368,-5.7217
-5.913,13.784
-5.913,13.784
-5.8536,5.7309
14.532,5.6452
0.19882,15.814
-1.1905,-14.534
20.951,4.1841
20.71,3.9888
10.476,0.47198
9.9262,9.4232
9.8099,5.3537
7.8577,6.3736
5.0186,13.881
14.348,6.1545
11.416,7.9465
-8.0298,7.7134
-15.02,6.6982
-16.902,-4.579
5.4063,10.594
12.624,7.2012
3.4555,12.752
-14.883,1.3546
10.372,13.457
6.487,11.927
4.9712,14.692
10.684,5.7096
13.953,4.3563
-4.3044,0.6732
5.2542,5.1025
10.398,0.27752
7.7672,13.241
-8.8228,-0.0658
7.1699,1.8776
14.519,5.9982
5.8425,13.398
3.6405,13.394
8.9842,-15.504
13.259,-2.2407
6.3645,10.823
20.911,4.6641
10.154,5.3346
14.545,-6.6735
-2.327,-2.4454
5.1705,-5.2331
17.113,6.9555
18.699,-10.627
20.928,4.1674
0.49852,10.317
16.222,-4.6749
-5.192,6.2723
5.8086,5.2654
-0.02613,0.7389
9.6779,6.1036
-4.9826,5.191
1.6526,-7.7896
19.132,5.2898
18.093,2.7753
-0.22651,7.6962
10.265,12.894
-15.858,-12.784
11.095,9.6016
5.9928,-0.044528
12.933,9.5208
5.4993,13.603
7.3006,2.8842
-8.8404,-0.0031282
-0.30094,-0.19617
16.05,4.0573
0.41211,10.679
-2.9797,-2.241
11.091,-16.456
5.1644,18.152
0.51587,10.378
8.6594,-1.3267
-16.578,5.004
-18.491,-0.23714
-10.06,5.4853
-3.1146,18.023
-21.745,4.8572
13.558,5.293
-8.0573,-2.8961
14.188,5.5185
5.4677,10.459
7.9535,2.5833
-0.28678,7.9611
10.288,5.4938
5.3647,5.1764
-3.4424,19.438
-4.8167,7.247
1.5804,1.2507
4.952,0.029195
-3.0893,-3.1519
5.5618,4.9913
3.8626,13.211
-13.089,-5.7562
4.9322,0.014183
-8.9083,0.00034787
5.1123,14.162
14.418,-1.8883
20.911,4.1629
6.6171,1.2612
-16.937,1.095
20.65,3.6983
9.3925,10.113
5.1897,0.075678
8.4737,-1.8138
14.758,5.3821
7.4542,2.8999
10.872,6.5059
8.2404,2.7488
15.235,8.1703
-16.018,-10.696
-8.5931,12.811
-1.3992,4.6071
9.7965,7.5353
-6.0178,5.2103
2.9649,-7.1912
18.589,-0.47349
7.6656,0.38736
-4.7106,0.73994
8.1278,-19.357
8.4485,5.5315
9.5165,10.6
6.8439,11.898
20.869,4.4788
-6.5734,5.027
1.0414,-1.3809
-5.7609,10.736
20.842,4.5081
17.124,6.9005
-8.2529,8.991
8.8241,-2.5859
15.684,-4.5712
10.427,0.49191
15.111,-1.3797
9.0182,-16.271
10.342,5.2464
1.7115,-7.8906
10.464,8.4981
7.6009,16.459
7.2113,10.181
16.566,-6.58
10.605,6.9868
14.248,5.5035
5.5305,10.382
6.8598,12.166
-5.7186,-5.2951
8.1297,13.393
9.6121,8.2604
7.2854,5.5736
17.266,6.885
3.6129,12.326
1.0185,1.7492
10.361,5.2543
-17.886,9.697
11.408,-4.5627
7.562,-1.7505
13.193,-7.1747
0.16859,1.3197
14.505,5.7759
1.2441,1.5586
8.19,2.9289
7.6654,-1.2261
5.384,-8.0376
-0.38997,-15.844
-0.68148,7.7457
-2.8182,-2.5019
8.2208,15.15
-4.3421,-11.68
-12.951,8.2018
13.713,-7.6786
-8.5758,-6.9357
9.5448,13.798
-13.055,-14.407
16.384,-0.16566
14.673,3.6611
0.02128,0.84178
6.1286,-20.062
10.571,-15.872
7.2703,2.7072
18.585,5.1803
19.677,4.1205
0.94051,-1.4192
0.11901,8.5272
1.9824,-7.8868
18.608,5.3519
-12.772,-10.478
-3.0958,-2.9702
-10.642,5.1352
9.0185,-16.334
11,-4.1743
11.065,-17.388
-9.7749,11.232
-10.756,6.9494
18.413,5.7222
21.578,-8.6149
18.824,4.3674
16.723,6.1715
13.921,4.1259
-8.2651,-2.8186
-2.2895,10.232
20.713,3.9582
8.2145,2.68
16.63,-6.7647
13.672,4.5081
9.6746,9.4061
7.6556,16.463
11.555,7.0617
10.342,5.3273
-0.69404,13.399
11.372,6.6062
12.245,-2.5762
-17.302,-1.7164
13.249,9.2982
-8.9492,10.519
13.782,-1.9595
21.137,-9.537
-11.82,-14.618
16.524,0.0468
-7.5468,0.74752
2.1669,4.2693
5.3968,-20.769
21.489,-5.2786
1.1907,4.8397
13.794,-10.948
21.23,-9.3353
16.206,-6.6374
-14.585,-4.571
11.096,-15.256
19.663,1.5292
14.015,2.5075
18.339,5.5669
-14.236,-0.56508
5.0771,1.3958
-1.2353,-3.465
0.19387,-0.02903
-9.0476,-9.2968
18.989,-7.9381
5.1846,-5.1038
10.143,0.38351
15.223,-3.4182
15.306,-3.3396
-8.353,-0.11514
15.972,4.6799
0.71292,-5.4143
0.44935,10.385
-2.306,10.7
17.718,6.523
11.011,-17.314
-0.19972,-15.392
-7.4525,1.1769
0.78404,-14.334
-8.1745,7.8771
7.7709,-7.7917
0.47313,1.6621
12.443,1.2934
6.0912,0.12765
16.15,5.8366
-14.769,-9.6024
9.707,6.7966
-3.613,6.1811
-4.0816,15.076
0.5586,10.509
10.261,0.14258
0.9893,1.1585
-8.9227,-0.0226
7.9311,17.8
5.2917,5.0111
10.028,5.4335
10.589,0.49464
1.2043,1.4068
-2.8748,2.6767
-4.8055,7.0932
11.167,-16.612
10.162,8.3297
8.0125,-2.942
8.0924,-2.8539
13.909,4.4472
-16.059,-5.7033
14.4,5.4841
19.101,3.4869
-0.7814,-6.8201
-15.587,0.018514
-4.9812,12
9.8213,6.5776
15.729,-5.1173
5.2781,10.592
5.7531,10.682
10.29,5.2009
-7.6469,10.683
1.0925,-1.3421
18.787,-0.38862
5.8017,13.597
10.305,0.33986
-2.7184,14.948
10.413,8.7115
8.524,17.888
5.3784,-5.1278
12.893,9.2548
10.261,0.44603
10.271,0.13895
8.2307,2.5584
-7.3725,-0.83601
12.969,3.9065
20.946,4.1711
14.52,5.5736
-2.5277,10.972
-14.401,-0.88889
7.7478,7.4313
0.1458,16.48
10.647,7.2174
-4.6332,-10.698
-0.36953,-15.105
14.518,3.896
-19.787,6.9477
16.304,0.63263
-2.5933,18.852
0.11976,-0.67053
16.393,-0.14929
14.063,1.212
17.253,6.6303
-7.0929,-9.0659
0.21094,1.2083
10.295,5.1825
-17.799,0.70632
-2.9922,-1.968
14.578,2.826
8.2996,7.9449
10.806,12.405
16.49,0.42842
19.067,-1.809
19.43,4.3038
18.893,4.2317
18.644,5.5043
20.348,3.5716
17.224,6.9281
20.046,-3.399
19.68,1.5441
10.859,-17.2
10.204,-0.01536
15.952,4.7987
18.525,5.1994
12.974,1.2059
15.972,4.8506
15.359,-11.013
19.065,-1.8236
16.613,0.90194
18.099,5.8283
-6.2162,-0.35945
14.019,5.4951
10.482,0.35656
-8.5404,-13.805
3.1153,7.8885
14.409,4.6182
-3.9217,19.629
18.711,4.9413
-1.9379,-4.8511
11.685,10.133
-3.8636,10.04
-13.938,-6.0556
12.647,-10.43
9.9764,7.0623
5.2899,-5.1343
16.405,2.8671
-0.34149,-16.681
-6.2083,5.1616
10.221,0.38761
4.7831,14.931
8.4594,17.509
7.6986,8.8679
11.686,6.5954
2.154,-9.5257
16.299,-5.0604
0.58516,-11.082
-15.392,-0.75462
5.453,10.592
12.91,3.9214
0.17647,16.328
10.42,0.53069
10.353,5.5009
-10.499,7.051
5.3506,10.627
16.855,6.8555
3.4608,13.362
6.5224,0.22384
9.8112,10.102
16.103,4.0569
3.0553,12.038
11.248,9.6298
9.896,9.2936
6.81,-0.13547
5.4389,10.46
7.7044,2.7247
3.6449,13.205
8.5953,5.1839
6.9642,9.4929
4.9301,14.441
0.031333,0.96699
0.25863,2.8239
-9.9924,11.356
-0.05469,1.2388
5.2984,10.762
-7.6245,1.8026
9.2084,7.5419
5.4773,10.437
7.2905,1.8893
18.297,-0.46028
4.4221,-11.019
7.3534,9.5097
-20.164,8.1038
5.9148,13.103
17.127,6.8931
20.732,4.0022
20.93,4.1673
10.886,7.1269
9.5528,5.9666
-14.396,4.3147
9.2286,10.594
-4.1992,-4.7167
8.2977,17.617
3.7098,12.792
6.546,17.833
3.6931,12.512
11.438,10.162
20.588,3.7789
8.3508,17.589
17.513,7.0142
0.19734,2.872
7.0407,8.4194
14.123,1.0297
3.7522,13.542
14.237,5.3797
-0.38933,5.6777
13.582,3.8039
0.022283,15.84
9.9153,10.274
0.2159,15.86
5.0946,19.189
18.286,3.5466
3.4569,12.181
20.749,3.9725
20.528,3.5282
8.1384,2.7226
5.3295,10.595
-15.481,-9.8442
17.175,6.8629
18.726,-0.46003
-0.7766,0.11593
8.1827,2.3033
10.886,9.3204
-3.4497,5.9437
16.749,-5.228
10.049,10.854
15.44,6.309
20.945,4.1702
-4.8265,19.119
15.344,-4.7268
-0.33825,-0.36979
8.2415,5.9573
-0.20505,-14.713
9.3004,10.447
10.28,0.1648
5.6833,5.1504
12.898,9.8276
-7.7404,-2.6859
9.3777,7.4758
0.37174,2.3089
-0.39404,-5.3954
-10.938,2.7417
2.4277,-1.2596
-18.569,10.922
20.898,4.1571
-0.26425,7.3951
9.2502,7.1587
-0.11025,-0.45019
0.86319,4.8747
10.041,-19.445
-2.6352,0.28074
7.5568,9.0441
5.16,-5.3436
-1.4135,0.26016
5.9612,0.37163
10.071,0.51011
5.1505,-4.9959
9.1373,10.885
-8.5441,-0.024816
20.016,3.5036
9.9502,7.0589
10.18,5.2672
1.5833,1.4434
3.6172,13.53
20.919,4.1796
9.3984,6.4089
-7.5295,1.0339
6.6923,14.068
6.182,0.11134
-5.4845,8.2464
9.1866,10.86
14.477,5.2505
12.965,3.7923
10.365,0.26183
4.361,12.202
0.4838,10.529
3.3976,12.106
-2.9747,0.22277
6.5828,8.7868
20.928,4.1657
6.6188,14.767
5.5795,5.0213
0.088831,-0.021731
-2.6292,5.2744
8.1327,-2.3821
10.11,10.295
15.07,8.1754
6.4616,12.224
3.0004,12.813
9.9325,9.1163
8.3394,-2.5238
-5.8592,5.1159
7.4421,2.6658
10.215,5.2564
4.4689,19.39
20.918,4.1813
20.954,4.1862
9.0466,9.7235
-3.7067,-4.5527
9.9758,6.9882
14.319,5.2161
9.984,9.2436
3.2331,11.617
-4.8756,5.3876
0.3449,-0.72953
-0.37904,12.785
-0.050597,0.83838
7.8008,12.587
-15.953,-5.7964
0.39662,1.3939
-10.781,-10.46
-5.0127,8.7103
-5.4355,7.5311
0.086263,6.805
10.556,13.932
7.3899,12.313
-5.7175,5.3691
9.7948,9.6722
9.5707,5.5351
20.956,4.1843
5.4097,10.591
0.46069,2.0547
13.151,1.7008
10.68,5.6402
8.2803,3.0113
7.902,7.6483
5.7862,-4.6605
0.75288,-15.218
4.0485,13.015
13.613,5.2642
18.198,4.4092
10.863,-3.5683
-1.7791,-13.668
7.8464,13.612
8.1659,2.7166
11.055,12.478
-2.4099,0.68222
8.4483,18.444
10.467,0.36736
5.4594,10.868
-2.0322,-0.15045
7.5675,8.662
8.77,5.1905
10.311,13.884
9.7261,10.18
12.84,9.4151
10.172,5.2507
9.5773,10.016
10.12,12.65
8.0732,5.6606
5.8125,11.049
7.6668,-1.7886
19.468,3.7143
9.5032,14.56
8.5338,13.301
9.5663,10.072
14.086,6.4804
8.4913,16.13
9.6336,10.467
18.671,4.1071
3.6747,13.298
7.1719,1.6106
9.8213,10.376
6.0417,4.9908
8.1206,2.9018
6.6585,12.364
18.812,4.1546
5.5485,10.978
5.3226,10.639
-4.8785,6.2106
14.757,-2.4899
20.952,4.1742
7.3498,2.0072
19.573,-2.4008
20.578,4.0724
19.212,4.0383
-6.9506,0.68406
8.3979,18.23
20.891,4.4475
-7.5736,1.8311
20.761,4.1152
0.52693,-10.998
11.44,8.9282
11.488,7.0007
-14.126,-4.9577
5.6346,10.332
0.044251,1.3269
-17.629,6.1181
5.5855,10.382
-9.5685,12.423
-10.001,11.675
-7.6016,0.80423
-20.754,5.5609
6.6227,8.3442
7.7709,-7.7917
