-10.188,-8.9555
-2.5428,14.059
-8.8789,9.5881
7.6243,4.3166
-9.8843,10.9
-14.485,11.483
-17.231,1.0049
-17.995,1.9081
-17.375,1.3728
0.8755,-1.7483
-5.2474,-5.8306
-15.562,-8.3098
-0.84392,-2.1171
0.77531,12.047
-14.571,-14.712
-3.1306,-0.85884
-12.074,8.833
-4.6366,20.479
-3.4473,5.8587
-14.488,-14.52
-8.687,7.7778
-4.9659,20.685
0.3625,19.886
-8.3936,7.3348
-10.358,-20.441
-18.395,-11.162
-17.288,-12.652
-5.1858,-21.066
-10.375,-11.2
-10.646,-11.301
-18.575,-9.67
-14.47,-16.499
-1.0775,-16.411
9.8208,2.1135
11.309,-8.0974
-4.1052,4.3743
16.605,3.4171
8.5066,0.39735
5.269,-5.4537
-9.3028,-8.8255
-6.2333,-7.3209
-8.7234,7.5179
-16.382,-0.34814
-12.464,-19.08
-3.9268,20.36
-8.4137,7.2434
5.1959,-5.4197
-14.441,-12.762
-8.8876,6.9115
-10.759,-18.901
-8.4116,-19.659
-17.5,-11.57
-14.55,-14.541
0.65953,-1.6812
-1.3568,-0.099286
-7.0555,14.025
-16.921,-9.661
10.152,-2.3737
-17.361,-12.046
-7.3958,-17.203
-19.412,-9.5734
-10.586,-20.074
10.941,-8.099
0.81383,-1.957
3.5441,17.711
-10.668,-11.346
-16.13,-10.095
-14.494,-17.097
0.71582,9.532
-8.9958,11.934
16.944,0.1395
-11.764,-0.15178
-6.8302,-5.0379
-0.0045834,-16.942
-5.2938,-1.6061
1.6562,0.81536
-15.582,2.1744
2.5557,10.939
-7.4537,14.015
-2.6517,5.8845
-14.875,10.526
-8.93,-9.5867
-3.1783,21.322
-2.6829,5.8369
15.039,4.8721
-8.8163,7.2342
-8.4127,16.624
-8.3141,-1.1766
-9.6355,11.161
-12.596,11.223
-2.1548,6.1132
-4.7335,20.603
-10.401,-20.4
-17.733,-13.225
-10.235,-20.6
-1.397,15.401
-14.547,-16.018
-1.6544,16.42
-1.7237,3.498
-14.661,2.0329
-14.414,1.9628
-14.704,1.9936
-4.1375,13.67
-11.783,11.637
-8.6966,8.2189
-7.968,2.2741
-10.552,-19.036
0.42356,8.5468
-10.786,-18.803
3.2231,11.022
-18.001,-8.2014
-9.5107,10.88
4.2343,17.084
-16.069,-10.132
-14.363,-16.745
-8.6658,11.255
10.738,-3.139
-13.659,11.629
-8.3711,7.466
-9.5822,11.261
-18.14,-8.436
-18.232,-13.74
-11.326,-11.911
-4.8263,-5.6696
2.8793,-14.896
2.8875,-14.882
-5.222,-20.905
9.5034,2.7387
-1.7161,-15.483
1.0404,0.82674
0.29025,19.991
-10.158,-9.8657
-2.2072,14.193
17.97,-3.9144
-17.884,1.7316
-17.361,1.3389
-4.8081,-20.366
-10.337,-20.536
-10.344,-20.547
-10.582,-20.136
-18.174,-13.836
-10.739,-11.407
-10.38,-20.447
-1.491,5.0183
-10.713,-11.381
-10.667,-11.348
-10.632,-11.271
-0.17231,5.4502
9.9046,3.5519
-10.634,-11.283
15.035,0.56555
4.5342,19.916
10.357,-0.99352
4.3267,17.287
4.2944,17.761
-2.3468,14.124
6.5271,16.978
7.0638,16.622
-10.663,-11.346
-10.622,-11.306
-1.7997,15.587
0.24712,19.98
-16.569,-12.165
-14.36,-16.568
10.422,-1.2194
-14.055,-8.0135
-17.353,-12.566
19.071,0.41478
-10.239,-20.611
-0.42032,-14.503
1.9812,-8.4231
-9.8357,14.368
-6.3683,-6.9472
-9.6568,11.337
-6.1221,-6.593
-2.6291,14.335
-9.689,11.155
-4.8152,0.085224
-13.721,-2.0996
18.19,2.8911
-3.4698,4.0084
10.293,5.6681
19.383,0.92319
-4.8055,1.039
-16.62,-1.8088
1.9617,0.65344
1.9014,1.9602
-1.6837,3.6844
-13.939,-3.1941
-1.463,-0.12114
-8.8551,13.585
-15.565,2.2369
-12.731,1.9539
-0.98951,0.08831
10.171,5.517
-7.1534,3.2863
-2.8721,5.826
-2.3238,5.412
-1.8972,15.641
-2.5743,14.205
16.214,1.3698
4.8262,8.6016
-11.664,-3.2113
17.927,5.9223
-12.816,1.8656
-15.475,0.81279
-4.234,-1.1798
-4.8679,-1.3969
-7.1875,-1.2659
-1.2674,11.12
-6.042,22.263
-12.559,-14.931
-14.114,11.458
-5.8483,21.667
-8.5054,8.012
-12.783,0.43315
-10.161,-20.643
16.327,5.8864
-8.9677,9.048
9.4759,2.665
0.21657,19.981
-11.874,-19.912
10.137,5.5867
-7.0782,1.8384
-7.0756,1.842
-2.9943,6.0025
10.78,5.7463
-3.1421,5.8947
-3.7277,5.7204
-2.5824,5.7807
4.7881,8.9288
16.045,5.5836
15.449,5.4955
-16.527,-1.5936
-9.0303,6.8732
1.9898,4.7902
-3.9,20.614
-1.3256,20.949
-9.2839,10.963
-5.6532,-5.0477
-8.9759,11.151
-8.8786,11.157
0.38195,19.898
4.3992,9.7619
-8.8998,11.156
-8.7462,11.239
-6.3241,-5.4626
-17.217,-10.982
-13.636,0.50026
-13.56,12.302
-5.5261,-8.4824
3.3101,15.782
-3.4244,-1.7464
-4.9148,-2.1028
-4.1566,0.092478
-7.7715,19.711
-5.8257,21.472
2.5203,15.761
-9.698,11.017
-17.433,-11.991
5.0563,8.7784
-9.1304,9.4093
-10.856,-18.435
-0.49311,-3.2044
-3.526,20.965
-14.963,-15.574
5.8194,3.5313
-4.4191,-1.4072
-3.7688,21.714
-7.2835,-0.78615
-2.0951,5.4675
-3.4055,5.5928
-17.321,-11.874
-8.8438,8.5235
-8.6754,7.6535
-8.752,7.056
-6.2485,20.48
-0.74004,-3.3288
-12.596,-19.081
-10.399,-20.419
-18.109,-13.771
-12.792,-19.383
-17.996,-13.704
-9.7881,-17.986
-10.642,-19.924
7.0405,10.694
-11.418,-0.13618
2.4446,17.901
-16.341,2.1401
-16.271,2.1182
4.688,-10.158
0.14305,19.954
-12.575,7.6743
-2.8953,21.156
15.693,0.18041
-10.663,-11.347
10.155,5.5952
-14.103,-16.879
10.06,-2.4606
-8.4338,-4.6697
-4.5227,0.86187
-2.1592,5.5667
5.067,8.7671
-6.5948,-0.71269
-9.1797,11.092
-12.463,8.7201
-1.0837,-3.0472
-1.3666,20.956
8.6871,11.314
-18.162,-14.173
-10.305,-20.481
-10.777,-18.411
-7.379,-17.159
-10.34,-20.52
0.96549,9.3058
2.2358,10.562
-3.7747,11.507
-10.641,-11.304
-10.646,-11.343
0.63107,12.166
-0.17236,5.4502
-14.1,-17.057
0.29936,19.942
0.29936,19.942
-9.807,-17.981
3.4144,0.39824
-14.793,-16.44
-14.928,-16.322
-19.289,-9.5596
-10.334,-20.533
-0.078853,1.7004
-14.013,-16.867
-2.1565,-11.541
0.87118,10.138
4.9431,18.012
-0.79357,0.27174
0.98495,4.532
-9.2621,12.826
-2.3238,5.412
-2.4429,5.4804
17.244,5.462
-8.3657,16.6
-0.26164,16.871
-14.827,11.141
-0.88842,-3.2386
5.0298,17.669
-18.354,-11.155
-7.3557,18.976
2.5169,-0.56089
8.6855,11.372
8.6797,11.336
-6.1754,-7.4707
7.7577,14.799
-12.594,11.674
6.7454,17.049
-18.132,-14.225
-6.0937,-15.988
0.77614,8.9371
9.4613,2.5524
-14.439,-12.755
-1.8223,-14.765
2.1506,4.6082
-15.956,1.7704
-19.114,9.6965
10.358,5.6197
16.994,1.8074
-16.367,-1.9584
-6.8639,1.9255
15.564,5.4274
5.3968,9.3622
-4.5723,20.606
-10.334,-20.522
1.093,10.212
-2.4638,-13.106
0.18375,-15.341
-4.8969,-5.7927
-9.5034,10.956
17.31,-1.1377
-12.404,-0.30899
-14.899,11.055
-5.3353,21.161
7.29,-0.94178
-17.086,-12.756
-0.37846,17.155
-3.5004,5.8246
19.676,1.4196
-5.5011,20.519
4.2112,14.972
-15.509,-8.7836
-7.304,18.257
-14.236,-14.843
-1.4897,20.984
11.021,2.5484
-5.2234,-20.903
2.0875,-13.544
-17.46,1.6926
-17.987,1.8911
-18.113,1.9827
0.41053,19.874
-6.227,20.361
-8.3893,-19.604
9.5353,0.067006
2.4149,-13.565
7.1045,11.465
-15.296,2.1671
19.191,0.44934
2.3897,17.394
-9.8712,-8.4206
-7.2135,13.777
-16.255,-1.7521
-10.37,-20.419
-3.1133,-11.434
-11.309,9.7764
-4.9658,-5.6327
-19.434,9.2752
0.38103,19.863
-8.8411,0.43857
8.8353,1.8735
-14.805,-16.508
-14.377,1.9679
0.58355,-5.3373
3.4541,7.89
-12.121,6.6921
-9.4952,10.995
-4.2331,-1.2922
-10.928,-19.274
0.33242,-13.92
0.33237,-13.92
19.02,-1.514
7.8983,10.722
-0.68715,-2.0906
-20.491,8.362
-12.317,10.982
-10.388,-20.429
0.40404,-12.681
0.79461,9.7371
3.1271,15.82
0.095289,-16.246
-2.4792,-12.984
0.22776,-13.992
-1.3135,20.93
-4.9749,0.55311
-5.2349,-20.643
10.77,4.9042
0.038807,-16.95
-17.923,1.8105
-3.7187,1.5322
-7.2087,3.2446
9.0565,3.5556
15.318,5.4483
19.29,3.0814
-10.541,11.099
-14.953,-15.082
-1.5753,11.298
-2.5167,21.119
-1.2037,20.895
-0.7381,20.62
-15.671,-8.9466
-17.376,-12.366
-1.2185,20.884
-1.0521,-12.403
-0.06092,-16.919
0.42711,8.1293
-17.204,-12.934
-0.1703,5.45
0.76199,8.9463
0.80967,9.3156
10.264,-2.4814
-10.454,-11.336
-10.632,-11.31
10.197,5.5838
10.755,4.8149
-0.29223,5.4707
-1.0009,3.2917
4.485,17.298
2.2776,14.62
8.6235,12.182
-2.643,5.9148
3.9984,17.31
2.3221,14.945
10.894,4.7433
7.3388,14.921
5.9553,14.829
-19.434,9.4242
-3.8649,1.3732
-13.704,1.5615
-10.087,10.662
-13.999,2.0615
20.273,3.0708
4.9137,-11.248
-6.2474,13.038
-15.317,1.9292
-14.999,10.725
19.651,5.3293
10.447,5.5924
-2.5724,5.7844
0.079897,5.4467
-1.5897,16.152
-10.669,6.1656
-15.763,-9.2088
-7.3351,-5.9467
4.59,7.9583
-12.846,1.9957
-5.0125,20.635
-1.0056,16.915
9.9719,-3.0981
-0.019059,5.465
-7.0879,2.1813
10.367,5.5925
4.1242,19.846
-17.292,0.69818
10.074,5.4297
0.32185,19.928
-0.36895,-3.3025
8.4216,10.999
4.8437,8.613
-6.2655,-5.1498
2.3152,0.51375
-12.494,7.3294
-5.9943,20.441
-18.99,-10.005
-7.617,-17.187
0.59625,8.6628
0.12529,5.4321
-0.00094305,5.4643
4.3139,17.287
-10.375,-11.226
8.5596,1.9615
-1.4253,-2.7273
-0.29525,5.4819
-14.874,-16.439
-9.7362,-18.065
-1.2264,-16.667
19.977,3.9601
-3.8534,11.165
-14.886,-0.16526
-15.706,-0.58547
-7.2712,13.009
16.64,5.5294
-0.71948,-15.948
-14.53,2.5214
-16.455,0.37311
-4.9459,-5.8397
-11.232,-0.23567
20.34,4.9494
-7.2681,3.2018
-2.3948,5.8393
-12.782,0.43079
-5.396,-5.3573
-14.066,-16.876
9.0219,-5.8731
-12.094,7.0101
-5.4965,-1.6062
5.0636,17.875
-4.8499,-21.03
-6.0402,-6.5659
-8.6747,7.6531
-12.249,7.9822
-0.72751,-4.4989
-6.3388,-5.2609
-12.447,7.1861
-1.3275,20.949
8.6668,11.341
-2.2571,21.109
-11.412,-20.099
-7.864,-16.578
-5.1845,-21.083
0.85475,4.0975
9.7056,3.5901
-1.7689,-4.7106
8.4338,1.9486
13.574,-11.528
15.256,-9.2422
-11.441,-13.254
15.342,-0.7211
-9.8438,11.177
-0.040136,5.4748
-6.6719,-1.1633
-1.2928,20.929
4.9235,9.0022
-1.7657,21.072
-10.333,-20.445
2.9663,10.807
11.14,5.4131
4.224,17.727
-10.664,-11.355
-10.64,-11.347
9.9029,3.4004
-3.475,10.275
18.77,2.604
0.96113,-2.1806
19.558,1.2883
8.3953,10.965
-17.373,10.169
13.804,2.1249
-8.6306,6.4414
-15.132,-9.179
-7.6986,-0.29092
5.8953,0.54554
-5.6515,21.209
-3.8495,-18.884
-5.9854,20.42
-9.3846,12.775
-12.156,7.3669
6.4506,17.003
-6.4575,0.90277
-5.6136,-1.5944
-17.203,-12.708
5.3843,-9.9498
15.351,-12.309
18.18,2.699
-5.3108,-2.8276
-19.053,9.7729
-8.9717,-9.4717
-7.1994,18.837
-9.0168,9.5093
-8.5485,7.9606
17.829,6.123
1.8808,-13.501
-0.71169,12.251
-0.16022,16.776
1.0135,12.93
0.29552,19.89
15.78,0.098802
-11.402,-13.192
-12.096,-13.064
-4.5097,-1.3951
-4.6572,22.134
-18.987,-9.9561
1.7673,2.0255
-1.2514,15.749
-16.48,-9.5415
-1.7125,11.384
-9.8768,6.1342
-11.309,11.174
-11.76,11.344
-10.377,-20.444
-15.846,-9.1762
-14.006,-16.578
-14.09,-16.892
-9.0038,6.8796
-0.14992,16.626
0.21792,15.507
-7.5113,19.141
0.3702,19.844
-8.3184,17.074
-18.161,2.0295
-15.419,8.8319
-5.2368,-14.793
8.4649,1.8269
9.8681,1.9663
-17.237,10.105
-4.1521,-1.1108
-1.3974,4.4271
-16.125,0.56141
-1.2259,-16.631
0.45561,1.8246
-10.341,-20.522
-17.068,-10.501
-12.777,-19.025
-10.686,-12.653
-11.197,-11.884
-4.7165,-20.324
-3.3827,-1.9262
-5.1343,-2.6917
-5.0753,-1.626
-1.4189,-17.114
-1.2233,-16.491
6.8141,16.684
6.9207,3.6409
8.2731,11.034
10.988,-8.0938
10.912,-8.1394
-9.4594,13.306
-7.3427,-1.1317
-0.74551,13.841
-8.8456,0.35911
-0.19632,-16.438
16.909,1.2239
-13.45,12.261
-9.2773,10.967
-4.5062,1.0591
-6.906,1.9116
-10.316,-9.7682
-10.266,11.234
-5.4656,-2.2902
0.01179,-16.298
-1.3627,-16.963
-1.9708,11.206
-0.40496,-15.858
10.626,5.3033
-0.056012,-14.086
2.8751,-14.885
0.66726,-12.763
-11.9,-8.4831
5.5709,-9.7334
-5.2249,-3.6568
-1.8417,11.466
-7.2945,13.136
-1.6147,11.312
-1.5416,11.278
-0.59832,-1.829
9.8072,2.1578
8.0652,2.5141
1.2708,14.798
1.9619,15.977
-9.1703,6.5287
15.802,5.5675
-10.725,11.119
-15.297,-0.68787
-5.6631,-0.94074
-0.28779,-17.077
0.39859,19.916
0.017232,-16.965
-0.95998,-16.073
-3.086,3.4663
-7.4355,-17.284
-4.9476,20.744
-9.5278,13.437
-4.4302,1.096
-4.475,1.0573
-2.0182,11.548
-0.58954,12.18
-1.0454,5.5927
-15.634,-0.30012
-2.0363,1.5334
5.9351,11.717
15.66,0.21795
0.83019,-0.15486
-14.661,-15.555
-14.834,-15.398
-12.399,8.494
3.9464,19.72
-7.3291,10.992
-9.156,11.777
-4.8592,12.353
16.929,5.3921
4.3631,9.4904
-0.59552,12.189
0.065694,-15.557
-0.65588,-16.118
-2.232,-15.694
0.22721,-13.989
9.158,4.4398
1.8305,-13.66
2.6129,-14.56
-6.3028,21.248
1.5058,2.2338
7.9168,10.719
0.51158,-14.076
-14.882,11.228
-14.419,-12.751
-4.4323,1.0944
0.071573,5.4457
9.135,4.4581
-13.275,-2.0387
-0.57451,10.666
-4.9462,-5.5372
-13.481,1.3711
-5.0738,20.755
0.84809,10.042
-7.1728,0.64447
-17.604,-11.706
10.602,2.0029
-6.5282,-7.6358
1.751,3.0669
-5.579,-6.0257
8.9033,4.9268
0.0013745,-16.962
-5.0479,-20.487
-17.108,1.4452
-0.17524,-1.1921
0.0112,5.457
-10.189,11.178
-8.5663,7.6715
19.188,5.135
-1.1501,20.827
-0.44982,14.382
-14.92,8.6293
-13.607,12.188
-5.5783,-1.2017
-6.4997,-7.6229
-14.943,9.7935
-9.2882,13.181
19.057,0.29335
-0.92303,14.832
-10.463,6.2064
6.6804,-7.5172
5.3059,13.43
-10.856,10.496
-5.4342,-19.418
-16.421,-12.03
0.1961,-16.202
-2.5902,2.7111
0.74874,12.243
1.8573,13.12
-1.8411,3.4939
0.93086,-3.9324
-17.393,10.279
-14.553,-14.603
-9.5034,10.964
14.7,-2.9168
-1.7468,1.209
-2.5313,2.6909
19.032,0.28466
8.4514,1.729
-6.051,21.598
-8.4179,16.617
-1.7533,13.013
-17.237,10.105
20.577,5.0201
-2.0088,15.525
-1.9483,1.9292
10.899,5.539
-9.0655,7.0387
0.66133,0.15566
-8.5979,8.1072
0.13332,7.946
-8.3352,16.604
-3.7707,-11.682
4.0392,19.833
4.5063,19.919
-1.9058,-11.188
-0.51602,16.844
-16.762,-12.506
-2.3762,13.992
2.8814,15.647
-9.3541,-17.561
-16.586,-0.37922
-2.9618,-0.69922
-4.7434,-17.004
-7.5368,-17.118
-3.284,-1.9298
-0.21709,-16.943
7.5836,14.933
-9.7841,11.157
19.987,4.3117
-13.65,-3.4892
-17.157,-12.894
-10.659,-11.35
-14.115,-15.064
4.7797,8.5029
-14.658,-16.778
-2.4781,-12.927
0.35192,19.908
-13.922,11.303
-18.484,-10.996
2.877,-14.964
-14.994,-8.2099
-0.024711,16.89
-2.2377,-11.437
3.1129,13.577
-10.288,-10.452
-11.028,7.3461
-13.425,1.9527
-4.907,-1.4129
-2.0623,-14.651
-13.009,-11.644
-16.34,2.0226
1.7862,0.57371
2.2377,0.26078
-15.962,1.8582
-9.0563,11.179
10.266,2.4519
-14.219,11.424
-4.8995,-0.1201
-0.93723,-14.195
9.9576,-2.0949
1.9907,0.2929
18.458,2.9405
4.7732,13.456
-0.64382,16.822
2.2069,17.805
-4.646,-1.0025
-3.5075,3.4261
-4.0555,1.0976
-7.9359,18.359
7.4742,4.5254
-6.6384,22.39
6.9823,10.64
2.8439,-14.866
-10.74,11.184
-5.5729,1.5885
0.79407,-12.569
-16.465,-12.795
-0.49785,12.02
-8.9133,-9.4086
0.35665,19.878
-8.1191,18.026
0.60263,-0.31477
-14.533,-8.2969
-1.1964,-16.493
-0.044818,-13.943
-7.4621,-17.323
-7.1714,-16.74
5.118,-5.348
-8.9417,6.4118
0.7798,-1.811
5.2141,-11.629
-0.71948,-15.948
-16.792,2.794
0.80294,1.874
-10.973,7.1072
-16.695,1.5371
-10.71,-18.52
-3.4645,10.883
-4.5418,-0.98798
-0.091269,-0.69645
8.2342,-7.6887
-9.1636,6.6971
-0.13937,-14.109
-9.8895,-18.282
-14.342,1.9295
10.655,-3.3426
-16.136,-1.4184
8.1319,16.401
17.504,3.8812
-14.228,-2.3463
4.8111,17.992
3.1834,18.839
4.0641,19.551
-1.7439,5.4794
-4.9719,-5.6728
-5.6211,-17.532
-15.02,8.7608
-6.705,-7.2048
-18.05,-13.552
8.3053,11.053
4.1548,16.397
-2.3113,5.8467
4.0984,16.305
3.1949,17.687
-2.2205,-3.8317
6.3981,8.7995
8.879,11.689
19.541,1.2048
17.793,5.962
1.9695,17.943
0.11047,-8.3867
-0.98656,-14.205
5.6375,17.378
-6.7355,0.40666
3.7788,8.405
0.096486,5.411
0.44708,1.8284
-14.026,1.5343
19.892,5.401
-7.3923,-15.646
10.924,3.0026
-1.92,11.246
10.906,5.5642
-9.6293,6.2079
-3.4811,21.051
-16.324,-9.519
-9.4355,-16.366
2.1715,17.411
0.76682,9.9313
-10.263,-20.506
1.2163,-3.6748
2.2649,4.495
-6.1963,2.8631
-3.0109,5.8326
-12.769,-18.9
1.5549,12.334
7.7175,14.77
10.561,2.7473
19.102,0.41691
-2.302,-11.342
-6.6591,20.145
5.7731,17.29
16.607,-11.646
5.8103,9.0914
13.77,-1.6506
1.2741,1.0191
3.2755,18.858
16.865,1.451
-0.44509,16.771
-3.5341,1.4713
-2.9864,-11.253
8.2396,-7.6157
-2.7064,3.1546
-13.656,12.249
-1.5606,14.348
-9.7575,11.19
8.3079,0.68903
-2.9834,5.8726
4.7023,7.7438
1.0464,2.0902
-13.934,-9.5205
-17.208,-12.897
0.53905,1.3432
-2.1033,21.079
0.88786,15
0.87922,15.009
-16.021,-9.1732
-16.668,-12.379
-4.6109,20.598
-3.7129,14.416
-14.958,9.0477
-9.5197,-16.049
-14.107,1.7195
-11.57,-0.068683
19.176,0.4293
-16.775,1.9827
-11.726,9.5799
-1.7685,-4.6318
10.793,2.8777
-5.2892,-2.7481
-5.4161,-2.7255
15.504,-8.2138
5.9803,11.41
-19.432,-9.6801
-1.3542,-15.961
-14.156,-16.402
-19.517,-9.5896
0.18021,20.004
19.966,2.1075
-15.847,-0.064586
-9.6397,11.125
15.939,4.1562
-2.5624,-10.872
-6.0151,-5.9877
-4.3674,-18.837
-16.588,-12.879
-1.1043,2.5625
-18.102,1.985
-18.181,2.0499
-14.764,1.5777
-3.9978,-1.0549
0.95538,16.262
-14.64,1.4469
19.118,3.0913
4.4877,1.05
-18.874,-10.4
10.291,5.6425
7.1011,10.683
10.641,5.5256
0.33151,-13.554
-11.706,6.6397
-4.6518,13.395
-10.463,6.2168
-0.12779,16.653
-10.397,7.1546
2.3235,15.398
-18.055,1.9853
-17.944,1.8589
-8.8858,0.5473
-0.17834,-14.242
2.327,10.388
-3.5341,21.017
4.1832,19.861
17.967,-3.8881
-0.6843,-15.432
-15.502,2.3642
8.5027,2.409
-13.378,-3.6579
10.392,5.7388
16.642,-8.2264
-11.617,-2.9266
-13.662,-3.5245
-6.1503,-5.4401
0.098295,-0.59652
19.092,0.38842
-14.597,0.78871
-16.645,2.3755
7.9966,10.85
-7.0931,-0.40214
-8.6749,15.962
-7.918,2.2131
-5.0772,22.195
-11.25,11.166
-9.849,11.2
-11.624,10.159
-0.063055,20.219
-3.5375,4.4504
-2.9236,-3.2222
-1.4651,16.704
-20.423,8.4438
1.3821,0.091757
-20.473,8.38
-14.989,9.0036
-10.324,-12.938
-7.5119,11.421
-1.9695,14.914
1.3082,1.7154
-0.78172,12.342
-0.20358,-14.027
2.8994,15.823
-8.2497,-1.0968
-8.5736,13.516
10.107,5.4661
4.5658,9.9513
-12.493,0.38496
10.69,5.5314
-1.2934,-16.574
7.3279,16.838
-13.382,-18.507
-1.9796,5.2708
5.0717,-4.9987
-2.7483,21.121
-16.404,-9.904
0.058671,-17.014
-1.8047,15.594
-5.1034,-21.076
1.7176,9.9552
7.2178,11.555
-9.3594,12.755
-5.5276,0.45481
-8.1698,17.58
-1.2292,-4.5091
-11.53,-0.057924
-2.4923,2.691
-1.4924,2.1943
-19.332,-9.3186
15.494,-8.3281
-6.2838,-16.028
-7.0105,-0.43507
1.819,10.329
11.165,2.2023
-1.5891,11.944
-14.338,-14.981
-10.565,-9.398
5.022,9.3114
-10.115,-18.388
-3.6806,-3.6008
0.98474,10.142
-4.5546,14.184
1.3691,-15.218
0.42039,-13.906
-11.681,-2.761
-4.2469,13.195
-9.7528,14.079
-3.159,9.7134
-7.3042,12.964
2.0602,-13.366
-12.329,8.3928
-10.04,5.9767
0.74289,-13.525
-4.3229,20.392
-4.3393,1.0918
0.2354,16.334
-1.1466,-16.485
-7.4073,-15.653
-16.838,0.98358
-0.42181,-15.872
-2.0402,-14.653
20.703,3.9419
-8.7237,6.8626
-8.2442,-16.615
-9.5288,10.958
2.804,-14.796
-17.499,-12.098
16.482,-5.4051
-14.807,-0.40526
5.8339,14.884
10.139,5.5957
10.624,5.7311
9.7465,3.8415
17.867,6.0895
10.842,1.5536
-14.112,-8.2124
-2.26,-13.376
-6.2586,-0.84708
3.0392,10.818
-2.3091,-13.367
4.1818,14.989
-1.9647,5.3038
-3.2514,9.8474
-15.958,-1.7319
-14.957,-2.6831
8.6811,0.74871
5.472,-11.679
-3.5953,5.784
4.2357,19.867
2.2587,17.299
8.9548,9.3512
1.3143,7.6112
-1.8162,-14.825
-2.8225,5.4304
-8.5987,9.7757
2.1496,14.216
-7.8001,19.093
2.8741,-14.838
4.6703,10.028
-15.04,-16.21
-15.93,-0.20172
-13.916,-8.479
0.55676,-14.534
-1.499,10.935
7.3142,-14.725
18.236,-9.5461
0.014041,-16.968
-7.8527,-0.32537
-11.965,11.466
2.9405,-15.076
-11.041,7.7699
-15.449,0.41358
-0.53662,14.815
-10.858,6.6711
-9.1228,13.299
-3.9883,-18.688
-16.33,-1.9389
3.457,-4.8346
-7.0652,-5.0509
-20.457,8.4083
-5.0921,-21.065
-3.8745,21.89
11.626,-1.4797
-18.192,-14.163
0.078803,1.4371
10.169,5.2717
0.14736,-15.823
0.33271,-13.92
-15.183,-1.026
1.3463,0.12319
5.2874,-2.0634
-17.978,1.9045
19.153,0.039748
-12.11,0.24713
0.54754,1.8365
-11.064,8.0851
16.874,1.8242
10.845,5.5281
0.78882,15.823
-1.2195,20.883
10.904,4.1598
-15.925,-1.8001
10.197,5.5549
19.066,0.31061
0.7872,9.784
9.8475,2.0592
9.7957,1.7466
-2.2242,-9.7624
-5.9415,1.7453
-9.9983,10.978
-13.519,-18.174
-10.864,-18.991
2.2456,10.178
-2.1792,-11.316
-6.2911,-16.109
-2.4788,8.8856
-10.501,-18.966
-3.1205,5.4957
-0.62666,-4.4396
-10.232,-20.597
8.7403,4.0327
-5.3455,-2.9442
-12.667,-2.9455
-15.842,-11.23
-2.5329,2.9065
-14.443,1.9113
-4.9686,-5.3994
10.425,2.9024
-11.964,-0.59176
-1.2193,-16.58
-0.31936,-17.09
-12.875,7.5053
-7.9342,18.258
-3.1908,3.5212
9.8377,4.1468
-4.9499,-5.9925
-5.0067,-5.6251
-11.758,-1.0506
-14.613,-1.9284
-14.062,8.9044
-10.362,-20.468
10.155,5.4946
6.6251,16.829
7.3519,11.503
-10.61,-11.005
-13.491,-18.135
-7.8935,18.795
0.40413,19.851
-7.5222,11.372
-14.815,-16.552
-12.489,-12.329
-6.3516,-7.7806
-9.8358,14.368
2.9799,-1.0166
15.646,0.13878
0.13618,1.3718
0.51886,1.4048
-0.17766,1.1318
0.30978,19.933
-2.3132,14.698
-0.024815,5.5072
-2.5491,-12.705
-0.24954,-9.9278
14.759,-10.299
-11.759,-1.0355
-7.4247,19.507
4.5245,14.618
8.5853,11.237
-3.474,-0.91409
1.302,12.823
-3.2425,-11.329
6.6785,-2.1104
0.84716,-14.241
-7.362,18.873
7.614,11.482
19.611,1.3216
-12.308,-2.0154
10.479,0.63836
-0.47965,2.9614
1.3041,1.6607
10.102,0.5945
5.8274,9.1858
-5.0125,20.635
0.24212,19.969
-9.7365,11.226
3.8575,0.38424
-5.9151,0.88497
-13.668,-17.92
-4.49,-0.082963
10.91,-8.1167
-3.1211,6.0777
-0.14205,16.644
19.046,0.22832
-7.8944,19.761
-5.0353,-21.066
-0.3197,17.122
7.1856,10.197
0.033663,5.2899
-1.9793,2.0652
-4.1729,0.67496
19.133,0.39437
4.0739,16.303
-1.3352,15.689
-5.6867,20.513
0.34258,0.01238
0.75886,-0.14139
-2.6692,21.016
0.64251,9.5027
3.9146,19.14
-8.8384,0.35778
2.7432,-2.888
9.9197,-3.3136
-12.784,-2.7804
-1.5004,5.8871
-4.3081,-18.787
0.23846,19.983
-0.35689,5.348
-2.976,10.815
10.231,-2.3126
-2.2231,9.2116
0.33483,19.921
-0.24944,20.345
-1.3892,3.4235
10.993,5.5676
-1.3645,2.1848
-6.2518,20.317
4.1702,19.808
-4.282,-1.1773
-4.0646,-1.0718
-2.2801,13.698
-4.322,-0.93938
-4.2456,11.203
-0.3011,16.321
10.789,4.8997
4.8114,17.954
10.862,4.762
7.8167,3.1699
3.9002,-7.0857
8.6541,11.319
4.6844,8.4368
19.576,1.2775
0.25281,19.97
0.32976,19.828
-9.6932,9.236
19.57,1.2587
10.768,2.463
0.78309,-3.8455
-13.923,-7.8563
5.3233,0.3761
8.145,-7.7456
15.413,-12.81
5.202,17.828
-8.0304,8.8986
0.67785,-14.289
-1.3931,2.3032
-0.79932,-1.6232
-3.7121,3.9278
-1.141,-14.406
20.48,4.9299
11.02,1.8677
-0.12661,-0.54546
0.31421,19.93
-5.0492,-4.186
14.079,-13.073
-0.31259,10.349
-14.011,11.425
-10.29,11.024
-2.6444,2.6847
-10.703,-19.324
-8.8864,9.4695
-0.15259,-16.408
0.012339,-16.298
1.4315,2.7842
-0.63199,-15.43
-9.0342,-17.761
0.85475,4.0975
0.85475,4.0975
0.17358,-0.51579
-3.4721,14.154
-10.889,8.1587
-7.107,18.753
-0.85245,20.687
-4.8039,-20.346
2.1736,-8.4335
-8.4693,16.664
-7.1917,12.718
-15.417,10.57
-1.2022,20.891
-2.6624,-0.64221
-1.4539,20.131
-8.9218,8.5327
-7.7664,0.12252
-14.876,-16.441
11.398,2.6954
-7.0982,-0.72012
0.35219,13.593
20.48,4.9261
-16.126,0.46526
10.129,5.4173
-7.5489,19.078
-15.9,0.67994
-3.0579,13.209
2.7768,14.272
-5.3105,-2.6891
-1.4159,2.1342
-11.54,-14.291
-4.7547,-4.9106
-4.7195,-4.7156
17.782,2.9087
8.6364,12.273
-4.9761,-16.886
-18.87,9.9506
-6.8647,0.39202
-6.8859,0.31791
-9.5324,10.832
15.159,0.22095
3.5761,-0.023959
-12.09,6.9953
-6.9914,-4.9992
-15.853,-9.5246
-0.63699,10.664
-17.834,-10.597
-5.0734,20.753
7.9455,16.354
-11.069,7.5147
-0.67613,-3.5344
3.3369,14.893
1.6748,2.8527
13.193,0.21823
2.3669,15.64
-0.10245,-14.1
-5.2913,-2.8544
8.5087,11.157
-10.493,11.126
8.4365,5.1206
6.9608,1.9178
10.255,-1.9764
-5.4351,-18.121
3.6415,12.697
2.2343,10.765
-5.0457,-5.6296
-4.8943,-16.894
-3.2756,-11.253
-9.0899,7.0106
16.524,3.4001
16.661,4.8775
-2.2929,2.7708
-6.6803,-7.2328
8.5288,4.7053
4.8128,17.718
-14.585,-16.578
-5.4732,-5.9197
14.645,-10.215
7.1706,16.687
-11.754,-1.6426
-0.29407,15.836
-6.0782,-4.6064
5.4407,14.34
-2.2633,13.571
-0.56412,12.168
-0.97823,-13.641
7.7188,3.0329
20.433,4.0027
17.871,3.0007
2.8898,-14.873
1.5455,2.9312
-12.381,-19.255
-15.268,-14.288
-5.0301,22.189
-3.2794,-2.0328
-1.5434,4.8043
5.2487,18.618
-13.897,11.367
1.3935,-3.6573
1.1363,-3.9698
8.6386,1.9324
8.6965,1.8209
7.179,1.5099
-14.939,10.664
-2.5443,2.7378
-16.87,0.13772
-10.692,6.0953
10.349,5.4721
13.441,-11.481
3.2154,13.572
-5.3382,-3.2905
20.258,5.1444
5.1853,-5.2188
-5.2231,0.15148
-8.4845,-19.479
-1.012,3.1895
-2.5071,5.691
-2.3398,-13.554
0.89723,-12.585
9.6818,2.8559
0.91125,-12.59
-13.97,-16.59
2.8434,-14.807
-15.778,-0.38057
-6.9642,0.39149
0.61324,-13.523
-3.6921,1.1829
16.734,-5.1962
3.9317,1.5902
-3.3726,1.1303
-5.5383,1.5236
-0.14999,16.509
-8.9565,6.9985
-10.388,5.9277
15.686,0.29587
-9.0485,11.051
4.5527,12.798
16.609,-0.31366
3.8996,8.3266
-12.167,10.756
-9.1918,8.2711
-5.0049,0.15968
-2.6327,2.2988
-2.6517,14.081
7.9218,-7.0512
18.455,2.7804
-10.994,7.3084
-5.3357,-5.8443
-12.128,7.1739
20.576,3.5792
-7.3797,-0.56179
-3.5489,-18.872
-3.1555,1.8293
18.886,-0.081947
1.2132,-14.046
8.7338,2.7672
7.0338,-7.8434
-3.0971,-0.77112
-4.6423,14.168
-15.16,-14.549
7.7012,14.905
7.4726,15.072
-7.561,-11.228
10.005,0.50425
-5.2131,-18.188
15.038,-10.642
-0.28775,1.4818
-8.3431,16.872
-14.228,-2.4601
-11.963,10.135
13.83,-12.817
-0.034407,5.4116
-2.6058,-10.58
-8.854,-4.7128
10.158,0.75859
-10.471,-11.463
13.815,-1.7177
3.2843,-0.22806
0.41399,-13.497
4.0749,12.432
-0.93509,20.313
-7.5557,11.278
-2.6008,-0.5914
4.1069,8.7058
-11.255,6.6299
-3.1329,0.43643
-0.27903,-0.5511
-7.9893,-11.117
-6.589,12.256
4.895,9.1619
-12.952,-11.205
3.3101,15.782
-1.9617,-10.752
17.341,-1.2491
16.091,-2.7947
5.1829,-2.3537
-6.4343,-0.80178
1.8739,0.70041
-8.9557,-10.198
6.5807,16.861
10.07,2.2005
-16.658,0.99624
13.161,-11.302
-7.6755,1.0452
5.2189,-2.2378
-2.7744,-11.912
0.63124,-13.592
10.398,-1.3037
-4.9433,-16.818
-0.052877,-0.54385
4.9335,17.306
-1.8247,15.582
-7.6825,-0.46281
-11.575,9.9937
-3.3742,1.5605
-2.4445,5.4833
1.5394,8.4563
16.328,3.1249
16.555,3.3313
0.37175,19.821
-0.15173,5.4407
8.6696,4.3185
7.3296,4.4731
4.6143,-10.897
-3.0559,3.4457
14.707,4.7204
-4.7703,-0.092577
16.946,1.2086
4.8478,8.2865
-16.913,-0.059175
-5.4357,-2.0807
-5.2659,-5.799
-8.3544,16.899
-9.5392,10.825
-6.6967,16.774
-0.014229,7.9066
-15.979,1.8978
3.9478,18.901
-10.368,-20.446
0.39849,19.861
-20.491,8.3553
15.361,-0.62202
0.26475,-12.262
19.05,0.35191
-2.3223,9.7266
-17.922,-12.051
14.884,3.2682
-2.6939,0.077026
17.541,-1.4002
3.4233,2.6327
17.822,4.2417
3.9894,17.101
18.525,2.8062
-2.7798,0.57866
-9.0108,-4.6702
-7.2907,11.461
2.5382,15.82
8.972,3.7398
-17.222,0.98445
-18.065,1.9673
17.874,-3.5075
6.0385,-1.1054
-7.898,18.829
12.948,0.5363
-8.2132,16.92
8.3058,4.9624
2.5415,3.915
4.8051,12.949
-17.949,-11.415
4.8138,-6.0584
-6.7329,3.49
7.0996,0.15487
15.548,-8.2495
0.85244,14.962
2.7417,13.825
-8.2684,9.7449
10.974,4.8044
-15.961,-10.801
-5.3645,-8.0185
-10.356,-20.454
9.0807,1.3818
-1.4174,1.0962
4.756,14.531
-13.609,-3.1142
-1.5673,12.765
19.21,0.96463
-2.0266,-1.6877
15.071,-13.85
19.736,5.4738
-4.9004,22.13
4.503,-10.913
5.1982,-2.3334
-10.489,7.3554
-6.0462,-0.79689
-2.5919,-0.60959
-1.6477,3.5437
-2.5879,14.277
-11.61,11.738
-4.354,-20.641
-3.9221,-5.0906
-5.2031,-0.57401
-16.46,0.36046
10.246,-2.263
16.838,1.5356
6.9865,-7.5746
6.4297,-9.5435
3.4708,-5.4437
-0.28324,12.313
7.1522,2.2489
-19.019,10.008
2.9044,-14.315
-18.555,-9.3337
-14.669,1.7894
6.9408,-2.1117
-5.0515,-5.8698
5.3745,-0.62847
17.805,-1.248
-5.0661,-5.8346
-2.4642,-3.7986
-1.2263,-0.012968
5.2001,-11.618
-9.752,11.166
7.5956,4.3322
2.4942,13.81
-14.928,-0.50289
-0.075794,16.793
0.40998,16.183
0.012605,-16.961
5.263,17.54
-0.2641,12.313
10.601,5.7632
0.22349,5.414
-3.844,11.563
14.736,4.7328
15.081,4.738
-5.9075,-5.5138
-11.728,11.367
10.636,-3.6806
-0.17496,-0.48657
-10.504,-11.017
-3.0914,3.4907
8.4874,4.9437
6.8417,-10.068
-0.70134,15.421
8.7825,0.56324
-2.9846,0.50836
4.2132,16.616
-5.9628,1.4738
-14.449,-12.767
14.558,-9.7521
-16.674,-0.20486
-3.0091,-2.8282
-2.9707,5.9761
0.12143,5.486
-2.5035,12.358
9.7036,3.7964
5.1949,-2.2315
-0.6564,14.32
15.15,-0.078514
-12.181,7.3586
-7.4599,-16.144
-4.8183,-5.2626
7.9761,4.7404
-0.55982,-9.6097
0.48844,16.335
6.1952,-1.357
-0.26339,-9.8457
-0.41767,1.8526
1.2962,0.21606
8.1158,3.57
-14.023,-2.3517
-16.995,0.25932
-14.324,-14.739
-3.7583,0.55857
9.3441,5.0978
-5.4682,-15.437
7.8436,-7.1341
-14.254,-14.772
-11.453,-2.5098
-6.1279,-6.7772
-18.116,1.9591
8.8263,3.8011
0.41238,-15.671
2.6226,0.26323
-0.77319,-2.8761
-8.8605,-4.7067
-5.4078,-6.2161
-4.255,4.2068
-4.3547,1.7045
-4.6694,0.61612
3.6599,11.855
-16.437,1.8993
-2.1928,10.747
9.7023,3.7031
7.773,-13.447
-13.067,7.7608
-6.2863,-0.80706
0.21288,19.977
-8.4137,16.622
4.5395,7.8836
-13.872,-0.52359
-1.5647,-13.558
-2.988,-11.098
1.8168,1.3175
0.97096,-14.801
7.7524,-0.098937
16.158,-2.861
5.328,0.73372
-0.62272,15.339
5.3587,8.1008
0.16861,16.215
-8.7169,-16.791
10.217,-2.3936
-5.6485,2.0534
16.5,4.0182
2.4209,-8.4209
-0.66827,13.138
11.045,5.6908
-5.2257,-14.761
-8.1952,11.236
-5.4051,-5.8021
-4.7066,12.517
0.92177,-4.706
-4.7972,22.172
-1.7251,0.51427
-18.069,2.0098
-8.1335,8.9429
16.454,-0.30172
-2.4804,0.15064
5.5346,14.014
0.10886,-2.7181
-5.2541,-8.134
0.23182,20.013
-5.3348,-5.9524
-5.2526,0.20877
-8.7483,13.662
7.3875,-14.669
-2.0152,3.4178
17.654,5.7924
-12.874,-1.4027
-7.4321,-17.248
4.7757,12.928
-10.274,8.2693
0.28739,15.597
-0.51757,14.737
-7.148,18.699
-3.1726,-11.448
16.196,0.82807
-17.354,10.143
-7.5094,20.068
-15.415,-1.1233
16.612,-5.3073
-0.12621,-10.081
-0.60134,-3.7744
-11.54,-14.291
-2.0241,12.929
0.84775,11.509
-6.4476,7.9092
-6.7304,14.064
10.347,-2.6991
-0.48187,14.827
-3.25,1.7962
-11.682,0.045773
-10.471,-11.012
-13.058,-12.09
-7.1372,-5.7431
-0.2491,-4.8863
-2.8281,2.9637
-15.382,2.235
9.5499,2.1305
-4.4937,-20.749
-5.8906,1.1216
-10.503,-8.3625
2.1659,15.067
0.18109,13.978
-2.5984,-3.8882
-12.294,7.2639
4.3214,16.314
-0.15112,-0.65195
16.471,5.5383
0.62277,-0.20914
4.3837,8.6862
2.672,10.969
-5.1388,-7.9452
-10.85,-7.671
19.656,1.3969
-12.312,-0.53686
-2.9895,9.2992
8.7651,0.42446
-3.2739,-3.7752
8.5047,5.1789
-4.2152,10.9
-0.70838,-2.2699
5.992,11.698
-16.364,-10.64
-0.74896,10.056
-9.1289,-9.1247
-5.6579,-8.279
0.16676,19.998
17.708,2.6808
1.6021,-0.33206
-19.597,-9.053
-2.7666,1.8256
-14.4,-12.775
-16.36,-0.36191
-7.0282,3.2305
-2.9507,-3.1968
-2.8057,14.673
-2.8244,14.734
-9.0519,8.6429
-10.339,8.4946
0.021579,-0.59837
-9.6074,-11.043
5.0925,0.50674
3.0158,18.657
5.554,0.27261
-12.944,-1.2972
-6.5674,-15.738
-3.8631,-11.034
20.633,4.7064
-7.0067,19.83
-5.5819,21.364
-10.841,-10.762
19.301,3.2229
-14.649,11.098
-2.2015,-10.883
-0.032388,-0.90291
-2.3503,14.292
7.1121,2.6142
4.7721,7.9943
1.8155,-2.601
-10.855,11.062
-2.5553,2.6026
2.377,14.645
-9.643,10.857
0.175,20.005
-15.771,2.2263
6.6089,3.2296
-10.746,6.1182
-11.434,9.8832
-7.734,-11.19
-0.084969,-0.48435
-4.1962,0.34138
-2.2253,9.2147
-5.2151,-2.9442
-15.567,0.11399
15.135,4.774
-15.75,-9.0941
-16.336,-1.7353
-9.9018,6.0589
2.1336,17.659
0.84325,-2.036
-8.1572,17.719
10.306,5.6708
-16.551,1.9939
-17.853,1.7058
-17.286,1.3533
-16.818,0.1056
14.844,-14.063
19.517,1.1374
-0.83418,-10.646
11.147,2.1028
19.128,0.12355
-6.6777,20.078
-1.1721,-13.397
-7.2676,20.053
17.008,4.4644
18.01,2.7379
14.296,-11.937
-3.203,5.5306
-0.049317,-16.473
10.379,-2.7188
0.59473,-0.15886
-2.7964,12.884
-3.1497,5.5294
0.12457,-17.206
-3.6306,-11.553
2.3247,-13.493
19.088,0.32361
7.0499,10.682
-6.661,3.5783
-4.893,-5.4631
-5.4347,-1.1163
-4.7246,-4.8004
-10.638,10.981
-11.706,-1.9695
-9.9414,11.171
-16.53,3.074
15.808,-11.821
-19.523,-9.0228
8.8973,9.6355
15.264,-9.1046
-14.236,-3.1926
-5.2063,-5.6215
-5.0192,-5.7403
-6.4135,-0.75986
8.3104,7.7869
3.3032,13.518
-5.4558,-15.463
-2.518,-0.36975
-10.249,8.3679
-16.48,-13.295
-8.2726,8.3925
13.301,-0.67485
17.467,-0.91728
4.8895,-6.0687
0.076617,-8.5644
-0.73187,14.573
-1.6425,-9.2769
-0.13671,-17.005
2.1628,11.001
4.3938,16.233
-16.443,3.1185
5.2212,8.4126
19.796,1.7523
5.0388,-4.9973
5.2233,-2.2787
5.5157,-5.4474
-3.6251,1.5547
-19.005,9.8043
-14.501,-2.5631
8.3799,0.33694
10.239,2.4423
-1.3686,5.8039
-16.667,2.1304
-3.5373,4.4542
-10.035,10.992
-2.8248,-3.2114
-12.834,-19.198
0.25532,19.878
8.385,-0.18894
2.973,14.448
-10.012,11.003
3.7333,12.216
-1.6675,-4.3475
5.4076,8.5662
0.13727,5.4212
-4.9076,0.12596
16.238,2.9877
-2.7196,5.8851
19.06,0.32817
19.11,0.42348
19.034,0.29284
-0.066343,0.95233
-14.709,-0.40566
-8.5857,16.307
-3.7927,21.365
-0.24857,15.319
4.5511,11.682
14.458,-11.926
13.194,-11.141
10.742,-8.016
-8.5341,16.529
-11.11,-19.454
5.9834,14.944
-0.29346,0.78786
6.1508,17.169
-15.325,-1.2547
0.08771,1.2666
-5.2973,-18.374
17.835,2.9555
-3.8707,8.7728
-12.566,11.077
-14.618,8.258
-2.9933,-3.8464
-13.07,-11.309
-2.6412,-0.54978
-13.98,-16.233
0.23088,19.991
11.011,-8.0897
-0.073895,-16.343
-10.655,-3.4154
0.35638,19.933
-9.6624,6.3294
10.15,2.3696
6.4594,15.579
4.7794,11.678
7.342,0.21367
-1.0838,-14.369
10.211,-9.4558
8.514,11.181
-7.1456,19.635
5.3818,13.728
9.6241,-2.0161
7.8616,0.23329
10.94,1.7442
4.5016,16.651
4.1598,19.833
-2.8455,13.944
3.8031,12.646
-10.874,-3.1923
2.6866,0.35654
3.8339,-4.6703
-8.463,-17.535
18.941,-2.5364
19.682,1.4483
13.172,-11.206
5.8504,14.518
0.061345,15.522
-5.0757,-21.092
-15.382,-1.1547
-11.132,7.8134
3.3374,15.902
2.9339,7.9517
9.3686,-0.053004
-12.954,0.52721
-2.9622,9.1002
14.35,4.1607
0.45248,1.6477
-1.1688,3.8142
2.0118,14.732
-3.2564,-2.8678
1.7487,-3.8982
-9.6247,10.879
0.3786,19.925
0.35914,19.925
-10.468,-8.6683
6.7139,11.624
-10.562,-2.7193
-3.6339,-4.95
-14.856,8.5067
-2.1907,5.7871
12.866,0.20021
-11.643,-1.9378
8.299,1.4586
-5.2553,-14.937
-2.938,8.8004
-10.504,-2.6493
14.343,-12.959
-0.23478,-4.8675
-2.4283,-14.04
17.517,5.8297
-5.889,-5.0582
1.3113,17.312
-0.079417,-0.83869
-2.2581,-0.46664
-8.2659,18.275
16.111,-9.1968
7.7723,14.669
-5.1351,-5.7323
-14.312,-2.6166
2.4636,13.848
5.606,-3.8018
-2.5893,-10.546
-2.2573,-11.335
-14.313,-2.6155
1.9485,15.134
2.7263,-8.417
5.2722,-5.4673
15.528,4.9631
9.16,2.7501
6.7978,16.899
0.69601,-0.18044
0.34748,19.847
5.6671,16.174
5.3889,17.416
0.41658,1.366
8.1205,-0.44231
11.127,2.6402
-5.0756,-5.9321
10.314,-2.6367
-3.7101,5.1764
0.093479,-10.159
9.7769,3.0131
19.125,0.036252
10.682,-3.4161
-11.665,6.6493
-0.73101,4.5028
-6.1689,-7.0441
6.1754,-1.3339
8.502,11.143
10.831,2.8581
-19.547,9.0721
15.506,5.2536
-1.7596,12.177
8.0497,16.458
7.8934,10.825
-5.176,-2.1213
-6.3589,7.9422
10.143,-12.026
-7.2031,0.61737
-0.41976,16.865
7.0336,-7.8433
-3.5876,5.1595
-15.271,2.2493
-5.932,-3.7195
-6.6964,-0.66367
0.055424,-0.92564
5.1313,-2.2659
-5.3562,-18.259
-10.423,-20.469
5.2677,13.7
-5.5478,-15.589
-7.9263,9.2541
-4.6679,-5.5755
-2.5357,5.373
-11.547,-14.274
-9.4207,13.338
-0.93809,-3.9396
-4.384,-0.11715
0.36015,19.847
5.9254,1.7274
11.062,-9.3409
0.33737,19.83
19.887,2.0846
-17.907,1.4317
-7.2584,-5.25
-5.548,-1.6328
-0.34549,8.6673
-2.4221,9.3699
-0.020495,-0.78755
-13.546,1.629
8.6726,-9.8109
14.024,2.8294
0.67593,-1.7139
8.9915,1.8467
-3.5172,11.641
1.4579,10.438
4.5766,16.614
0.75167,-0.099985
19.452,1.0478
-6.0744,-6.8335
-12.544,0.41405
-2.6429,-10.632
-4.3324,13.354
16.483,-0.27399
7.5063,0.50982
9.6867,3.0512
10.705,5.7735
-7.8504,-11.174
16.572,5.6088
10.725,-3.3169
-13.742,11.403
-7.0709,-16.694
0.76322,-4.0818
0.3973,-12.575
4.9843,-4.9038
16.779,6.5289
3.6133,8.3393
-10.403,10.949
-6.3735,20.603
14.831,-14.064
-8.3497,16.688
-1.818,-15.603
15.805,5.0645
0.086084,20.127
-3.2802,-5.2038
18.092,2.3254
-1.9716,-16.087
-10.023,11.148
0.37968,19.881
-0.54837,-9.6145
6.9797,-7.7058
-10.275,-9.1114
-4.9698,-2.3662
4.5716,7.9289
-5.3173,-14.961
-0.050581,-1.1069
-15.009,10.345
19.921,5.3625
-5.2603,-20.838
10.889,2.7553
-1.2842,2.3089
-5.0114,-5.7008
19.094,0.43428
11.22,5.7075
1.7994,14.422
-5.9978,-6.6628
13.215,-11.229
8.7481,1.4069
7.3774,0.61492
10.457,5.247
5.2316,18.2
-14.913,-16.485
2.3527,13.731
1.0801,1.4331
-16.523,0.37383
-17.343,10.163
-2.8139,3.0839
-15.159,-15.934
7.9475,5.0173
-7.5482,-16.253
-1.2507,-16.638
-6.4674,12.344
-16.967,0.53894
15.679,0.29938
19.648,1.5292
-7.9461,18.708
13.849,-12.848
13.808,-12.718
-5.1037,-5.3025
20.45,4.8638
18.81,2.0878
17.767,-1.2294
-8.6038,16.281
-4.2841,11.298
2.4628,-0.84197
-16.822,0.060143
-16.735,-11.157
-8.7985,-17.133
0.00011561,15.972
5.4026,1.3385
18.451,2.7961
-0.053647,0.74711
10.865,2.4698
8.0771,4.3979
3.0021,13.598
-10.58,-12.769
-9.9643,10.634
3.6286,17.436
-12.774,-11.074
-12.296,-2.0625
10.115,2.13
-10.152,-20.438
2.503,10.527
-13.548,-18.293
-5.5433,2.0992
-19.074,10.019
18.937,0.41816
4.3133,-9.0289
-5.3178,0.66363
10.057,5.3703
2.697,13.989
1.9962,-12.975
1.2936,12.571
16.204,2.9753
-7.6204,-0.77948
15.944,0.37403
-0.24983,16.917
-6.2349,-6.9074
17.978,2.7891
-0.42781,10.79
-5.1973,-5.6774
8.7332,1.7615
-1.1792,10.825
7.048,-7.7846
19.081,0.39172
6.1715,14.964
-7.9874,0.21153
18.556,2.867
-9.1488,6.6426
0.9496,4.0665
-12.535,8.3584
15.789,-11.307
-8.2774,-0.87916
-10.222,-10.82
-1.5255,12.317
-5.0463,-20.993
18.4,2.7495
17.719,5.8905
-8.2629,-16.773
-9.679,11.244
-10.361,6.0069
-2.4345,11.32
11.127,5.6662
6.958,-7.7216
-5.2677,-14.837
0.36603,16.117
-1.2905,-0.061362
15.14,0.3
19.487,-1.2159
3.9793,0.28336
-8.7719,-4.7457
-14.6,-16.679
0.19652,19.894
-6.2277,-6.1281
5.3478,14.036
5.0841,17.93
5.0909,-5.2856
18.476,2.7701
3.6356,-1.4399
2.3486,18.131
-0.82631,-3.9592
15.477,-3.0523
5.2437,-11.591
20.677,3.8907
5.2522,-5.5571
19.138,0.05249
-2.2801,-0.58484
7.5978,16.083
20.644,4.7905
-16.871,0.1226
-15.561,-0.59728
2.5151,-0.017458
-2.5403,1.4266
3.2256,-0.63992
6.7467,11.508
2.8172,-0.45494
-10.463,11.169
-8.3015,16.739
8.8377,3.2396
-9.8711,-8.4207
0.87143,14.998
-1.5791,0.059981
18.25,2.8229
-2.0755,-16.004
-11.578,-3.1421
0.39474,-3.1532
7.7778,-8.4695
-0.13998,-2.4486
8.9284,2.9405
-0.94755,4.5095
9.6031,1.9871
5.6813,16.098
10.134,5.5923
10.743,-3.2634
0.7347,12.216
-3.8719,-11.425
-10.316,-9.9793
4.4213,-6.5602
5.1434,9.8508
-0.83654,-3.3764
-2.5374,-10.478
7.3997,-4.015
18.525,2.8073
-11.714,6.5985
-1.9576,-11.247
16.816,4.8285
5.2595,-5.6278
12.992,0.12686
0.098425,-0.62004
-4.9435,-5.7231
-17.55,-11.049
7.9672,0.18709
-4.2,22.037
-0.077167,0.61886
-8.3303,16.865
3.6999,16.068
-2.2967,-10.437
10.939,-8.1806
17.265,5.3415
2.4403,-0.44824
19.13,0.076278
11.034,-8.0862
-7.5457,-17.153
10.504,-14.923
8.3395,0.68036
-9.835,-4.2587
-8.6563,-4.773
-0.20937,0.65404
-5.7439,-8.1363
-2.1161,9.1354
-5.0645,22.148
-5.4637,-18.245
-2.0909,9.1477
-0.66298,-2.0482
7.7675,-0.16854
-1.9732,-9.5379
-2.1046,9.2741
17.532,4.0148
0.18063,5.3567
-16.039,10.601
3.3343,-8.9513
19.402,-0.83388
-9.9227,11.153
-8.8995,-9.4371
-3.719,3.9772
-7.4699,-17.111
-10.435,6.0161
-8.8923,-9.7211
10.386,-1.0347
4.1768,0.64949
-12.388,-2.622
-2.0473,-0.3565
7.5136,8.1663
-16.549,1.957
-5.1414,-14.663
6.4264,9.4697
11.525,-1.5054
-5.3839,-15.16
-3.6168,-18.883
-9.496,10.946
5.2442,-11.6
8.496,2.632
0.79747,9.3028
0.07819,-0.46067
-7.3904,-15.664
-5.267,-14.726
1.0339,-3.8732
1.7527,-3.8968
13.821,-11.372
-7.1014,0.34474
5.9362,9.6543
1.0326,3.6701
17.795,2.8598
5.2329,-2.3154
4.3963,16.994
14.895,-0.10971
18.617,2.4437
-3.5419,-2.8263
0.087386,0.35732
-0.099805,16.709
4.5533,12.639
2.3832,-8.4154
-15.868,0.63026
0.9835,15.971
7.0549,10.586
-8.5566,6.4098
-16.892,0.057054
6.9391,-7.8295
-2.145,9.1331
-0.55504,-2.816
-1.1798,4.239
-9.1702,12.222
9.3235,0.024301
9.3195,0.022831
4.3788,15.661
-5.0247,-5.6996
14.287,3.8008
14.287,3.8015
-11.527,11.256
-11.997,6.6313
-4.2363,13.502
-10.51,-8.4368
-1.6956,15.688
19.429,3.2975
8.5048,-0.13179
2.7675,13.771
13.483,-11.479
16.808,4.3667
-9.5072,13.438
0.83887,9.9732
-0.79724,3.337
13.947,2.8301
8.7505,4.9165
3.5968,13.12
-4.9934,-4.1025
-14.832,10.924
-16.947,-12.826
7.9324,10.76
16.489,-5.368
-2.013,9.0797
-12.13,-1.2243
18.807,3.2719
7.1912,2.0095
-2.3661,-10.973
10.151,-2.215
13.974,-11.016
15.243,0.39046
-5.0486,-14.538
0.22082,-14.321
18.556,2.5996
13.912,-9.694
-13.501,1.3901
-5.0457,-5.6545
6.9765,10.598
-6.0327,-6.4401
-11.114,-0.32145
5.4143,13.233
-15.347,-15.769
10.166,-2.2418
-3.9474,4.0832
0.070977,-9.2736
1.1808,12.445
19.2,3.4958
-3.442,11.764
7.5033,0.44393
5.7141,13.024
16.732,6.6197
20.205,4.3628
-19.031,9.9936
-0.079802,-2.8752
9.5865,2.8064
3.5157,-4.0839
-0.64951,-2.5252
-4.9803,-5.6335
1.5541,-1.9676
-1.104,3.546
7.1073,13.072
1.3505,-0.14055
-6.8608,0.30698
-14.423,-16.701
7.21,4.315
0.94679,-0.042641
0.45153,15.461
-13.736,-2.1158
2.3583,8.5937
-7.799,13.622
-16.282,-1.4695
-0.55284,16.76
-5.0373,12.312
-4.9897,12.308
-16.883,0.0016702
-8.1699,17.58
18.827,3.0865
15.999,5.6318
-5.2056,-14.728
6.4997,11.82
7.2445,-11.957
9.8774,-1.4144
-9.1668,-17.765
17.338,-0.6358
-5.2538,21.116
19.699,3.0841
15.418,-10.774
-4.8001,-20.366
-9.7716,14.364
5.2349,1.6451
4.9028,11.691
19.492,1.1378
-5.0438,-5.5576
-5.2431,-20.857
-3.9159,11.247
4.4123,0.77232
6.6399,3.1923
0.78666,-3.9285
-4.9334,-5.5349
-9.4206,11.659
7.6319,16.534
-3.0439,13.721
-0.47705,10.665
14.496,-1.8649
-5.3217,-8.0085
0.69315,9.6157
7.4583,16.803
5.0298,-2.3979
-13.588,-2.0567
15.726,3.6515
15.777,-11.97
-0.35475,0.53841
4.2226,17.025
5.2089,12.038
-0.90008,2.0984
-5.268,-14.885
9.2347,-13.514
10.029,0.52766
7.662,-0.68366
-6.837,-0.7676
-10.179,-20.619
-3.8977,4.1143
1.0298,-0.11088
3.6075,-0.89668
6.8133,16.998
6.5491,-1.2458
-2.4358,2.6031
0.52309,5.0748
-1.0669,2.0051
14.273,-11.596
-1.5387,1.2247
4.1483,14.584
-14.172,-1.9464
15.36,-0.76352
19.258,2.9976
8.0632,0.27748
-2.4098,-12.883
-2.4984,-10.759
-2.4262,-10.752
-5.932,-7.7097
-5.7727,-7.8695
6.0321,-1.2867
-0.089157,5.4847
-5.172,-5.8944
9.0383,1.8173
0.94329,-4.072
15.52,-8.2133
-10.808,-10.711
-2.6173,-2.6289
15.326,3.6855
-5.2956,-14.975
-6.6664,0.72415
9.8535,-9.743
-6.1839,0.27431
0.55149,-4.3672
-16.787,-10.965
-8.7581,11.204
2.7983,0.37308
7.2271,4.589
10.384,-9.4549
15.923,0.54802
4.9046,8.0026
-0.83975,8.606
6.2071,1.6051
-2.0046,8.9668
-6.8381,19.985
19.424,2.4342
1.2208,-0.11638
-5.002,12.288
5.7112,1.5279
-15.51,10.508
-13.793,-9.8275
17.283,2.0858
-4.9564,-0.34503
12.897,0.37316
-5.1329,-5.7705
-2.6913,5.8251
-9.9713,11.043
20.639,3.7678
14.382,-1.7787
-0.65781,10.814
8.5744,-0.4452
-1.2754,8.8654
-7.3848,-15.699
8.9249,9.2279
8.9417,9.4438
8.3259,2.8708
-7.2533,-5.2509
4.2214,16.247
3.0059,0.16094
-0.63245,-2.3021
-4.5964,0.077486
-7.5208,-0.078349
13.801,-11.383
2.523,13.561
-4.3655,13.481
0.82014,-1.9574
6.9901,11.513
-9.9776,-4.3374
-3.9652,11.281
-17.926,-9.6155
18.134,2.8023
8.0619,2.2935
16.029,0.65152
-4.8301,-7.4611
3.4804,8.305
10.326,-2.6287
-0.090077,-3.036
-8.3133,-1.0768
15.594,-10.959
9.1725,-0.49989
-10.703,11.148
-10.456,11.018
-8.2803,16.913
-7.3228,19.956
-15.911,-11.161
0.85277,2.9107
10.459,-9.5152
16.406,5.5814
16.867,2.1928
7.1554,0.78103
3.0203,0.14742
-15.44,10.54
6.982,8.2247
15.452,2.3433
-2.4937,-10.732
11.286,2.634
5.3708,13.022
15.938,-0.89877
1.512,-14.817
-10.707,8.0466
10.899,1.658
-0.4625,-3.7976
-2.7976,2.6044
8.4354,0.90197
7.632,14.383
15.597,0.065707
10.676,2.7419
-4.8878,0.023375
4.0193,-3.8936
9.1501,0.16327
-13.433,7.5885
0.97758,-1.6946
-10.197,-10.152
10.187,2.2669
4.4621,19.924
-7.7727,9.6943
1.7233,12.319
-15.714,-0.22227
-14.601,8.1346
5.6861,8.2194
-5.9531,0.22206
7.2968,-4.0583
-13.046,-11.41
-5.2924,-14.75
-16.187,0.62614
3.6158,-0.72427
2.3803,13.869
-6.3209,2.4089
-10.312,10.852
15.349,-9.1006
16.757,6.6434
3.3733,-1.8849
-4.9042,-5.7501
-4.9387,-7.8705
4.1615,-5.7676
3.1215,13.617
-5.2191,-14.726
18.032,-2.6059
14.366,3.9105
-5.516,-18.413
-5.2449,-14.863
-5.0028,-5.5402
19.092,0.2982
19.118,0.40971
20.452,3.6031
20.624,3.6875
-17.933,2.1077
-17.512,10.31
7.34,12.033
-5.0598,-5.512
-7.0274,14.367
-2.1421,10.89
-15.593,-11.274
9.1058,-0.074731
-1.8711,4.6996
2.2848,17.746
-0.6006,-4.3889
-0.6775,-3.6752
18.283,2.783
8.4907,8.1557
0.71438,8.9518
5.2699,2.986
5.3051,14.072
-3.868,11.154
-2.5255,12.91
18.076,-0.96797
7.0754,0.98641
16.44,-8.656
6.9003,1.7728
7.486,0.019145
-5.2143,-14.923
5.4301,1.8595
10.993,1.8371
8.9198,2.7505
14.036,-11.905
13.672,-1.7881
-2.6656,2.5074
6.1472,11.421
16.05,-12.288
-0.40023,0.38962
8.6034,-10.119
4.9529,9.2792
-16.865,0.09522
10.726,-12.998
17.464,5.712
-12.335,-11.938
16.433,4.1505
-15.157,8.9675
19.567,1.3373
6.3159,8.9172
2.5309,11.122
5.9051,2.4542
1.3681,17.323
7.085,0.16296
0.0035821,16.419
-1.9287,13.312
-2.5998,-11.665
10.045,5.3408
-15.25,0.23034
18.081,-2.7203
1.4744,-0.20992
0.35219,13.593
4.8371,17.992
0.18226,-5.0409
13.902,-11.878
15.34,4.8633
-3.4359,11.483
-11.958,-12.942
-6.7812,3.1426
-10.388,5.9353
-8.0449,9.1148
5.2773,0.79056
5.1674,0.77749
-2.1656,13.769
16.307,-1.5774
4.034,-6.2394
17.188,-6.1173
16.291,3.9942
16.155,-12.066
-11.833,-1.1118
5.2009,11.527
1.3691,16.175
1.6883,0.10104
7.1536,2.6126
15.789,-0.1145
18.154,2.7853
7.8146,14.658
8.758,5.0706
2.6501,-2.7992
5.3656,-5.4207
-2.923,21.258
8.7036,0.52511
10.424,-9.4213
19.085,0.38289
6.2292,8.8058
5.2883,-7.758
1.5438,2.0947
-0.14463,0.53879
15.322,0.36948
17.136,-7.7777
6.5365,1.6621
-5.8615,2.9488
-19.218,-9.9799
-8.7714,-17.689
-7.4048,11.454
-0.86817,16.824
8.5766,11.249
-17.519,-10.851
-9.4954,13.172
0.92864,10.064
-11.115,8.2549
-8.9098,7.0324
3.0929,17.269
-14.391,-1.7733
-10.359,-20.408
-5.8752,-3.5394
-13.447,-3.4696
-13.235,-19.17
-9.2371,-9.015
5.0604,8.7603
-8.4215,16.617
-7.4405,-17.177
1.4837,-0.18945
-7.5398,-17.158
8.2113,-13.369
-6.0566,2.8504
-0.84044,-13.856
0.50409,3.6921
4.9924,18.147
-0.63401,-4.4252
8.1572,-13.312
-15.452,10.485
-10.362,-20.468
4.9063,-7.9229
-7.406,-16.251
-8.902,-9.7345
-16.893,0.088562
-10.695,-8.4216
-14.94,10.885
-19.565,-9.0542
-2.3013,-10.894
-13.68,-3.0812
5.4851,8.3164
-12.889,9.2002
8.7884,-0.48392
15.664,3.3513
-4.2959,-0.05333
4.883,-5.9592
-4.9186,12.174
16.283,-6.2427
0.7441,-0.13723
-19.524,-9.0382
9.033,-5.8201
-3.719,-0.38844
-0.82201,-2.3342
-2.8854,1.6349
7.3779,0.85387
-13.851,-0.64778
-8.3021,12.263
4.4623,0.78547
5.074,-5.4104
-7.4239,-17.098
-0.27114,0.36349
5.4094,8.1075
-13.337,-2.1416
3.9018,16.177
-12.8,-2.6955
-4.8085,-17.04
-0.58296,10.411
3.8436,16.811
-15.652,-0.64679
-7.3414,13.066
15.176,1.9621
18.143,-2.795
-7.4172,18.757
5.3454,14.056
19.293,2.3064
6.1982,15.113
7.3961,0.801
-5.071,12.075
-8.9875,-9.3534
-4.9312,-5.4802
4.0429,-5.6886
5.3788,1.9032
-0.39772,0.39301
7.5963,16.108
8.1603,-8.2548
5.9579,2.3337
15.946,-0.17804
-10.188,-10.226
-7.5147,-11.365
-4.3663,11.35
10.839,3.2853
3.9248,11.985
-1.758,3.5274
8.6523,13.82
20.639,3.7748
-1.3491,-9.4793
5.2772,7.937
-5.3205,-2.1664
5.255,0.73481
15.2,3.7608
8.57,13.841
-10.128,-3.3044
0.021003,1.1548
2.6039,13.759
15.682,0.29894
-10.136,-10.386
0.14385,15.355
-2.6579,-10.277
15.884,4.9535
15.827,4.8206
4.7445,-6.0201
18.61,-0.2979
19.982,4.6314
4.4227,11.626
-10.231,-3.0892
16.967,1.6347
8.488,-1.378
-3.2525,-2.8436
14.975,-10.534
0.27577,13.379
18.155,-1.978
16.216,3.2128
-15.163,10.8
-2.9511,12.386
17.026,1.627
-2.4765,-4.0342
-3.0118,12.308
-2.5155,13.858
-7.273,19.407
5.2501,-11.638
-1.4437,-9.3915
15.262,-11.795
15.642,0.30349
9.6866,-8.7647
7.1602,2.6211
20.419,5.2287
18.104,-0.66541
15.032,-12.876
-6.3687,-4.8126
-11.112,11.171
-7.2544,-5.3894
5.2596,-11.604
-11.953,6.6743
10.177,5.6261
-4.6416,1.2314
14.225,1.1922
19.838,1.9258
7.0645,-1.2124
-7.3675,11.362
-0.51072,12.402
-4.5386,-20.463
5.075,7.4438
-6.5997,-7.8193
0.34448,19.854
15.462,3.367
-3.6895,14.349
6.2836,8.854
-13.98,-15.559
-5.1027,-16.638
7.8656,8.2575
1.1183,4.8461
-11.996,11.504
3.2312,-0.085866
9.3513,1.1113
-7.4333,-5.6372
3.8308,0.30505
-2.0247,-10.221
-7.8833,0.11831
3.353,-0.513
-0.22271,16.788
-9.7184,11.025
-19.087,9.7292
-12.827,-19.024
-1.1251,3.537
8.7416,12.562
-4.9335,20.597
1.3238,17.464
8.9982,-13.509
-5.3022,-19.199
-17.617,-11.721
-19.402,-9.3352
-16.865,9.9024
-7.4513,-17.094
7.3767,16.458
-15.363,-15.904
-17.72,-13.275
-19.162,-9.4
-9.6618,-10.544
-7.4607,-17.102
-4.8893,-5.8333
-19.072,-10.483
6.176,12.759
-5.118,-5.6497
-14.421,-15.631
-2.0748,-11.355
-9.5002,-10.417
4.27,-8.9877
-9.4083,-4.4858
-6.1113,12.744
-1.2546,-16.38
-8.2687,-1.0359
-0.77319,-2.8761
-8.8619,-9.5477
-1.9156,-16.339
3.4032,-9.026
-9.37,-8.7705
-2.2467,13.989
16.181,1.8977
10.802,-8.2384
-1.6463,9.1927
-10.829,-7.9076
-5.1622,-5.6259
9.9866,1.3038
16.322,-0.61217
15.824,-0.15258
-5.0944,-2.3907
1.3577,16.173
5.3282,-5.3918
-6.1658,2.7734
-5.3219,-15.028
0.4602,7.9905
-2.691,13.711
5.3343,-5.395
-1.8713,4.6997
4.5709,8.0926
6.4911,-1.4373
1.9406,1.8239
-14.442,-2.2813
5.9993,-1.2056
17.062,-6.0645
-8.7463,0.21917
-2.5928,-0.63375
5.0665,14.004
15.657,-9.6638
-2.5278,-10.448
16.186,4.0755
-0.052023,-3.1674
-5.2828,-6.0145
-2.39,-13.943
18.332,1.9959
10.254,5.3128
0.74049,-4.5274
-2.0505,15.22
17.611,-5.2119
17.311,-5.8643
-13.571,12.216
6.9145,0.46074
14.254,-12.915
2.1208,11.27
4.7338,12.856
16.018,-8.7923
7.2553,-12.185
10.192,-9.5163
19.201,0.59571
14.884,-11.518
-3.8661,14.115
7.7442,-8.0315
-1.0826,14.582
13.83,-12.751
0.043451,-8.6309
20.599,4.5694
9.6754,2.2058
13.808,-9.5966
17.188,-6.1173
-5.7761,-6.2907
8.599,-0.4292
11.075,2.2796
17.417,5.7017
1.0488,14.477
2.0505,-0.42304
10.796,-8.2442
5.4877,8.4348
4.7914,-10.095
11.338,2.6987
15.756,2.1327
-14.222,8.1847
1.2842,3.2099
15.888,-10.55
14.536,-1.407
5.2127,-5.525
8.6421,-0.58403
0.19783,-16.277
-2.7374,5.8052
1.296,2.2782
20.017,5.2745
8.6361,0.51061
-5.8642,-1.8725
13.455,-9.5254
-2.3533,12.912
15.369,-12.853
7.0073,8.0915
10.076,-14.613
10.115,5.6291
-3.5044,10.242
5.4751,1.3517
-10.76,-7.7187
8.6248,4.1797
-0.055968,0.74692
15.651,-11.734
2.2397,11.479
5.9952,3.5329
5.2284,14
6.1786,8.8145
10.749,1.4129
4.8245,13.924
-9.8908,-10.382
18.692,3.0189
15.232,0.23061
11.227,5.8424
-3.5044,10.242
-2.87,-0.7275
-1.4891,21.012
-1.6631,-11.112
-18.246,-13.915
0.92817,10.059
0.32558,19.943
0.93585,10.064
0.033545,0.78525
9.789,-6.1715
-8.88,-17.619
-1.4891,21.012
-19.457,-9.2568
0.00015046,5.5006
-19.176,-10.354
-9.0169,9.5094
-19.524,-9.1459
-1.2579,12.497
-10.358,-9.3714
-9.3594,12.754
-0.00041011,5.5014
-18.931,-10.379
-0.73822,20.622
-5.569,-6.689
-14.399,-2.3421
-17.602,-12.786
12.863,0.22122
-0.12777,16.653
-0.12786,16.653
-14.668,-1.8373
-4.8554,-1.439
-19.462,-9.2218
0.1253,5.4329
0.12552,5.4355
-19.345,-9.8035
-18.935,-10.694
-9.6414,11.147
15.399,0.20284
12.862,0.22178
-0.77369,20.615
-9.102,13.489
-8.6869,-4.7233
-9.8812,11.184
-13.112,-8.4527
6.6218,9.6116
14.824,4.7019
15.503,5.2387
14.565,-3.412
-5.0273,-5.5946
15.207,4.8378
15.07,3.9391
-3.5609,-4.7222
0.41,16.183
0.41008,16.183
15.426,4.9256
-14.621,-16.658
5.0311,-11.444
-12.977,-12.371
-18.082,-13.493
-10.811,-7.6819
-10.343,-20.542
-10.66,-11.325
-4.5545,20.641
4.8932,9.4587
0.28635,19.945
2.4668,-8.4196
-9.4194,13.008
6.0383,16.753
4.9622,9.839
-5.8697,-4.4742
4.7582,8.455
-12.943,-18.939
15.188,0.44826
-9.8449,11.062
0.22098,17.019
-2.6476,-4.7665
-5.1637,-5.7119
-10.174,-2.5989
-10.175,-10.806
16.291,3.9943
-0.24727,-9.9641
16.258,4.9501
-0.68082,-2.2738
17.283,-5.8247
10.542,0.86616
-0.6553,8.5091
-14.264,-14.588
-15.63,9.1308
16.132,-8.4838
19.801,4.8841
17.691,-0.95481
3.6351,7.7588
13.916,-10.69
-5.6271,-6.211
-15.682,8.8228
5.1976,-5.551
5.6213,-1.0582
-3.3924,11.5
-5.7788,-5.679
0.48783,7.7392
7.1671,-13.234
7.2387,-10.093
-1.4888,8.9725
-11.42,-3.0365
-13.771,11.978
-13.038,-3.2389
10.442,1.1184
7.1385,-7.736
5.066,12.141
8.5839,-0.56554
0.030581,8.0584
0.48915,9.4398
4.821,14.112
0.25417,1.4597
16.458,-5.423
9.0685,-13.555
-8.9616,-9.5182
0.39886,-15.619
-0.15862,-16.406
0.69982,9.7577
-1.3588,-15.966
-0.16332,-17.028
-0.24468,-17.057
-8.9286,-9.6184
2.4779,10.813
0.32572,8.4176
1.2722,8.7531
0.20472,-15.322
0.65846,-14.322
18.163,-9.6196
-0.84491,-15.989
2.8028,-14.735
-0.22508,-17.046
-17.262,10.097
-9.6035,-8.6073
9.0235,-5.8186
-12.404,9.2103
-11.421,-0.18529
7.2772,11.516
-1.3233,-16.913
-1.4036,-17.006
-8.8322,-9.6244
0.52247,-13.156
5.1664,-11.61
1.933,10.463
0.3044,8.0465
-2.3322,-13.4
-1.6102,-11.183
-15.722,-9.1938
-4.6542,-11.857
-3.873,-11.76
16.384,-5.4825
-18.854,9.9577
-17.829,-11.485
2.4137,10.714
-0.17815,0.83597
1.901,7.8082
1.7247,-3.2775
16.486,-5.3888
-5.4348,-14.599
-16.621,9.8438
4.9202,-11.284
-0.028894,-16.925
0.38198,19.863
6.9979,11.701
-17.801,-11.628
1.2042,-14.465
0.47772,-13.031
2.4133,-8.4081
2.0309,-13.628
2.8177,10.836
-2.8152,-12.016
-1.1367,-16.243
-2.2413,-13.499
-0.25595,-9.9976
0.20069,8.3334
-1.665,-10.92
0.62877,9.6914
3.1065,10.902
5.806,11.591
8.9973,-10.184
7.2301,-9.935
-1.2112,-14.479
0.014134,-17.191
-0.16291,-17.028
0.29043,0.86353
2.901,-14.32
-12.309,9.1028
0.48498,-13.171
-19.022,-9.7413
0.30082,-10.208
-3.1451,-11.567
-14.857,-14.8
-10.301,-20.578
0.017693,-16.978
-6.2752,-7.111
6.8634,10.627
0.38102,19.864
5.2174,-11.611
8.3823,-9.5536
0.0093673,-16.943
-0.632,-15.43
-13.821,1.1025
-2.2342,-11.337
-17.108,1.4452
-10.871,-7.6895
-19.081,9.7629
-2.5727,5.7828
-15.555,-8.5731
10.199,5.5146
-14.479,2.1131
7.5438,-12.758
7.3877,-10.139
-10.283,-2.5818
0.20801,-15.822
-15.763,-9.2086
1.7918,9.9835
5.9858,11.402
6.0504,10.598
-8.9263,-9.6701
0.18305,-8.4522
-10.515,-10.945
17.367,3.5811
7.1155,-13.085
7.1236,-13.167
7.7342,-13.022
-10.478,-8.3981
5.1616,-11.624
7.0541,-7.7945
-2.3365,5.9274
5.7897,15.457
-10.374,6.0552
-3.0717,0.42885
16.439,-5.4546
-5.8409,21.539
-1.6717,-10.996
-15.654,8.9814
16.917,1.7134
-17.491,10.175
-13.941,11.492
7.6076,-7.9547
-2.6434,-10.625
0.81328,9.1553
-3.0757,-0.56355
7.094,7.9184
-14.057,-16.185
-2.991,-11.387
6.101,11.234
-0.42085,16.824
-0.18695,10.476
3.4468,-5.5522
-10.195,6.019
-1.6939,-18.622
-5.045,22.105
7.6245,-8.2299
-4.6245,-17.101
4.0405,-6.2259
-10.501,11.126
10.029,0.52766
-0.83665,-3.3765
-15.574,-8.3955
4.6181,12.87
-0.25287,0.4285
5.828,14.75
-18.815,-10.356
-11.874,-13.548
9.5838,-15.071
7.2274,-9.9392
-13.936,-15.195
9.2677,-13.492
-15.56,-8.3401
-14.931,-8.2558
-10.333,-20.528
-6.0081,21.953
1.6366,-3.1616
-9.5825,10.85
6.8505,17.098
-9.6146,10.977
-19.55,9.0506
-10.649,-11.387
-9.3863,10.837
10.509,-13.205
-0.41296,16.417
10.138,-2.3214
-2.5639,-10.42
10.625,-3.5871
4.0145,-9.0527
13.721,2.8303
-9.5589,-16.137
10.535,-13.888
9.0866,-13.536
10.438,-13.08
-7.7949,-16.517
8.8575,-13.479
-18.833,-10.686
10.536,-13.8
3.0104,-14.634
10.617,-14.195
10.544,-13.845
-6.8597,14.109
-19.509,-9.0839
5.2476,-11.599
-6.3611,3.0648
-9.4486,-8.7115
-11.633,10.236
1.8226,1.7398
15.533,5.2467
15.503,-12.94
10.482,-9.4114
7.6801,14.664
-9.9707,-4.5033
7.6398,-8.322
5.0527,-5.6844
-13.84,-8.4399
-6.4983,-6.6978
-4.8596,-5.3718
4.0201,13.25
18.944,-1.3965
15.351,4.0881
19.089,0.31397
-5.2797,-14.771
-4.8095,-0.20681
-18.022,-9.566
15.44,-2.9474
15.15,3.596
16.49,4.2038
15.753,4.9874
-4.3202,10.886
5.249,-11.601
-5.5224,-17.85
9.4832,0.062862
5.7361,12.728
-0.50738,10.659
-9.383,12.885
19.455,4.6791
7.1079,10.368
10.32,-9.9901
18.614,-0.71839
16.386,-0.43012
16.266,-5.6261
15.108,-11.239
15.853,-9.1654
15.799,0.49944
1.5633,2.8074
4.7015,-11.243
4.6901,-11.238
9.7805,2.307
9.1131,0.1954
-7.6179,-11.178
15.415,0.58707
-9.3123,-16.32
-3.2517,1.5464
-5.4113,-5.602
10.157,5.5301
0.074204,-0.7026
0.074039,-0.70267
1.87,0.87048
15.795,2.0709
19.052,0.38
15.463,-9.3478
1.4695,-0.2782
-1.9901,-11.244
-3.092,-11.238
-13.85,-0.58553
-14.86,-9.3183
4.8023,-6.0877
-13.783,-9.5598
15.075,-0.17771
1.0422,0.060018
5.3675,-5.4993
11.033,-9.5478
-1.0544,-10.677
-10.583,6.204
19.068,0.36644
-5.9088,0.87299
-4.5696,20.604
10.373,-15.021
3.0379,-0.96215
-11.821,11.863
-3.7176,14.344
-0.50428,-0.35816
-10.34,-20.524
5.3046,-5.6914
-7.7313,-11.173
16.241,-0.6906
7.9319,-0.23524
2.1946,17.795
-10.357,-20.557
-9.1475,11.678
16.982,1.9505
0.60933,-5.4504
-5.157,12.414
8.8482,1.2938
19.661,1.3894
-4.677,-4.7215
15.694,-2.8095
3.3686,8.016
-0.16307,0.83771
-6.9283,2.1425
5.1234,11.62
8.9607,-9.8613
16.52,-9.6607
16.816,-9.9406
-14.653,-14.788
-10.499,6.0546
2.6903,-8.3635
7.6766,11.275
4.5041,0.82646
4.5042,-9.1374
5.0915,-5.6023
19.065,0.2698
-0.89363,14.222
10.328,-9.8142
14.851,1.8395
-13.235,-19.17
16.222,3.2571
-13.089,-18.67
19.031,0.13679
-5.6191,-2.0245
3.7144,11.647
-6.3742,12.429
8.6034,14.205
-9.6598,11.017
8.4155,-7.4948
-10.521,-10.949
-0.043832,16.765
-3.804,5.7392
5.8047,-3.8272
-0.65292,8.1206
-11.342,-0.19857
-7.4119,-5.1355
13.953,-1.9513
-12.951,-8.2248
-5.447,-17.934
15.729,0.29686
5.2023,-11.595
8.2988,11.063
-6.9399,0.30682
-7.7582,-5.5753
3.5276,-4.3754
15.478,0.43477
10.358,-16.564
2.7189,-0.43144
2.8333,-8.3448
2.6529,-8.3671
18.02,-9.7041
-4.452,-2.4392
1.1774,2.6373
-8.6184,16.764
-8.1002,9.1052
7.6031,16.689
14.77,0.59484
-3.6754,-11.586
18.646,-2.0314
10.663,-14.827
-5.4349,-5.9353
16.596,1.1348
-1.4068,11.152
-14.602,8.2593
-10.549,-8.6941
-1.0202,-10.672
-10.341,10.704
3.4246,-0.33485
-4.9775,-5.651
-7.1011,-16.037
-12.705,-15.002
-13.903,-14.837
-10.506,-20.208
-17.152,-10.266
-14.327,-17.216
-9.742,11.24
-6.5487,22.373
-10.153,11.103
-17.773,-7.734
-15.702,10.581
-17.72,-13.274
-15.073,-8.2261
-6.7105,22.394
-14.559,-14.509
-14.125,-16.374
-9.6038,11.227
-9.6564,11.164
-12.999,-18.756
-9.6519,11.087
-9.4886,10.937
-14.139,-14.909
-17.049,-11.119
-17.331,-11.456
-12.706,-19.158
-14.969,-8.2156
-2.7328,21.116
-7.4204,-2.8489
-9.4466,10.88
-7.4121,13.061
-9.5015,-8.6292
-9.2187,-8.9291
-9.2809,-8.8643
-10.181,11.009
-11.184,-11.908
-10.381,8.4043
-10.381,8.4028
-11.853,9.5759
-15.897,-10.857
-16.592,-1.7481
-13.997,-16.86
-5.6957,-5.958
-9.405,13.039
-10.261,-3.9094
-10.631,-11.345
-6.0241,21.993
-6.0397,22.03
-12.309,9.1028
-19.388,9.3674
-8.9542,11.815
-10.639,-11.304
-19.018,10.201
-3.2784,10.929
-10.661,-11.323
-10.727,-19.325
-5.1491,-21.082
-15.132,-9.179
0.16711,20.038
-7.0862,14.775
0.77642,12.346
-19.138,9.6441
-19.077,9.7478
-10.353,-11.154
-10.927,-11.427
-10.703,-12.779
-10.667,-11.03
-9.9732,10.689
-13.575,-3.1445
-9.9742,10.999
-7.1901,-5.912
-2.0681,15.674
-9.4837,10.858
-8.7202,12.066
-10.39,-11.203
0.37168,19.858
0.35898,19.841
-5.0991,22.069
-1.8493,16.372
-11.983,-0.78943
-0.047139,19.963
-4.1391,15.05
-4.9624,-21.015
-13.048,-11.205
-8.5246,6.4334
-8.1842,17.695
-10.678,-11.367
-13.501,-8.4352
-10.791,-7.6963
-4.5389,-1.0474
17.77,6.1558
-10.644,-18.461
-5.2694,-5.3681
16.626,6.0165
-3.8345,11.194
-10.116,-10.537
-11.942,-13.644
-14.405,8.1599
-10.403,-12.908
-10.168,6.2831
0.38198,19.863
-2.639,12.428
-10.67,6.5343
-1.5421,-18.038
-2.0077,20.952
-8.5359,16.457
-8.4159,16.634
-10.632,-12.778
-10.235,-8.6587
-5.0187,0.40637
-10.194,10.972
-5.366,0.61872
-5.6852,-5.7637
-6.0998,-4.5596
-9.1272,13.396
-0.32301,15.823
-5.9961,-1.9024
-5.5436,0.67719
-7.3217,13.53
-0.77901,12.342
0.39868,19.908
5.0521,7.3148
-2.4568,12.432
0.37751,19.875
-11.936,-11.783
-10.771,-7.7059
15.533,5.4015
-4.5471,-0.98067
-3.8986,1.407
-5.7534,0.57797
-6.1088,-4.4939
-5.0831,0.41955
-7.62,-0.3354
-6.4598,0.96833
-7.5905,-0.17135
0.27422,19.863
-7.0383,14.828
-17.297,0.60642
2.6828,17.656
0.12722,17.043
-13.803,-9.8417
-2.7958,-14.541
-12.734,-11.447
-12.039,-0.21255
-11.535,-0.59162
-2.5619,-18.619
4.0265,8.1483
-1.3122,-17.474
-1.3518,-17.505
-3.4624,-18.849
-3.4626,-18.849
-3.5986,-18.862
-6.3935,-1.9593
-5.2397,-4.9091
-4.9688,-5.6679
-7.6935,-5.605
8.1939,5.0556
-14.813,-1.3134
4.3576,-6.0804
-15.474,8.7374
-2.5953,5.8201
-2.6007,5.8226
0.8446,7.9681
-9.6785,-8.5697
2.4152,13.672
0.36326,19.898
-11.372,-11.487
3.4307,-4.7219
0.36283,19.881
0.3044,19.971
0.36616,19.9
4.5848,8.8402
-15.728,-0.82937
0.99102,-2.1672
-16.352,1.9567
-2.7529,0.071758
1.1559,9.0993
0.19107,-0.72603
0.24962,8.3648
0.12235,7.9923
4.9691,14.144
5.2701,8.8514
5.2673,-5.7418
-0.67982,-17.142
5.6033,17.386
6.162,17.156
-5.447,-17.896
-1.5014,-14.607
-2.3905,-4.4176
-3.3155,-0.31213
19.87,5.4479
3.8687,-4.6421
-2.5657,2.878
18.2,2.7893
-2.5349,2.9053
-0.64647,-1.899
-2.6885,3.0883
10.125,5.5013
-16.296,2.1976
20.727,4.1309
-2.4484,-14.155
-0.2451,-17.056
-0.95328,-16.074
-13.094,2.2022
-9.8691,-10.236
6.8583,16.828
-0.16311,-17.028
5.6792,9.8128
0.14807,-17.35
-4.2036,-18.754
14.826,0.47623
-3.6644,1.5403
8.9572,-5.8368
-11.723,0.083661
20.286,5.4018
8.9739,-5.8162
-2.3852,3.1078
0.05239,1.0596
9.4944,5.1618
1.6885,7.7346
-3.1082,3.4919
-1.5152,3.5361
2.0958,10.595
2.6998,10.703
10.48,3.7668
0.079297,0.81844
-4.8627,-11.802
7.5305,15.276
-4.3962,-11.366
-0.83907,-16.224
0.0079973,-16.955
-4.6436,-11.81
-7.8809,-11.195
7.9565,10.763
-7.5773,-16.409
5.2854,1.0387
-1.1178,-3.9087
15.598,-12.139
10.639,5.3362
-13.95,-0.55454
9.8202,2.6721
6.8385,-7.2232
0.18787,1.1653
-1.9328,0.60472
2.9671,10.81
20.463,3.9893
-14.191,2.0794
-0.57177,-13.906
0.055032,5.4603
0.12966,5.3285
-1.2021,-14.523
1.8856,10.155
0.14428,-14.003
0.19758,-16.13
0.46124,-14.565
0.55215,-15.433
2.1197,10.192
-5.2429,-14.965
-4.2933,-11.851
0.079892,-16.92
7.3191,-14.759
13.83,-12.709
14.868,-13.9
16.546,-11.677
5.6303,-9.5023
-2.1523,0.50547
10.973,3.9868
9.8124,3.9486
8.6727,5.165
0.85499,-0.10446
0.6981,1.0814
9.1999,3.5475
-6.0132,12.626
-4.1935,-11.31
2.5296,10.624
-3.6667,-11.458
7.2587,8.5222
6.3469,8.771
-7.4344,-17.058
0.73072,-14.281
-4.3773,-11.414
1.6234,-3.0264
0.89897,-0.18989
-1.8687,0.54305
0.48468,-12.986
0.25815,1.2792
6.3905,-9.561
0.50314,-13.06
0.65646,-13.557
-2.0959,-11.394
7.3166,-14.725
0.20271,1.1565
13.815,-1.8163
0.36362,-12.679
17.987,-3.5713
2.9872,10.795
6.3698,-6.9503
5.1611,-5.6246
-1.3635,-12.254
3.6817,-1.0378
5.3075,-5.8528
-6.7245,-16.283
-2.4691,-0.4571
5.6098,-9.6174
4.4335,-1.1843
-4.3307,-11.341
1.8288,-13.637
-2.7801,-11.097
15.81,0.19624
18.232,2.654
10.065,0.58088
3.5912,-0.41943
7.1867,11.59
4.7973,-10.213
-0.65053,-10.394
4.7933,-10.382
0.86679,-12.595
1.9305,-13.579
15.822,-10.139
7.2075,-9.8453
10.078,0.55832
19.105,0.47324
1.9208,-13.749
2.5938,2.0428
8.4388,11.127
7.4482,-14.699
5.6222,-9.6622
5.4995,-3.8989
7.2422,-9.9605
1.794,-13.623
4.7538,-10.543
-0.26183,-9.8942
-7.3794,-15.616
16.616,-9.8518
6.2727,-9.7824
-0.22548,-10.022
-0.22565,-10.022
-0.084859,-10.097
0.049993,-10.145
0.00799,-10.135
-0.0018415,-10.13
2.702,-8.2665
10.762,-3.1913
2.6411,-13.826
-6.3154,-16.013
6.6792,-7.8426
4.7799,-10.404
-2.6373,-11.049
-0.22047,-9.9021
-0.24496,-9.8882
-0.21131,-10.02
7.8591,-8.4572
-0.97184,-9.8757
-0.22704,-9.9503
2.7164,-8.2638
10.776,-3.2617
7.296,-4.0582
10.174,-2.3505
-0.26449,-9.7127
3.8882,-7.0572
10.745,-3.2368
16.677,-5.1927
4.9094,-11.594
5.0373,-11.574
18.142,-9.6535
4.9748,-11.596
5.007,-11.61
5.0307,-11.616
16.631,-5.3504
4.7078,-10.959
4.8398,-11.23
4.8551,-11.017
7.5406,-4.1875
5.2393,-11.602
8.6773,-9.5844
-1.2748,-9.1068
4.9176,-11.271
2.7398,-8.3696
9.0053,-10.358
7.0722,-13.236
7.1195,-13.254
8.0834,-10.221
5.2316,-11.629
5.2912,-11.632
5.3122,-11.614
8.9932,-9.8886
9.4114,-10.009
5.3383,-11.616
5.4216,-11.667
7.0103,-13.005
7.114,-13.079
7.1702,-13.135
10.418,-14.853
7.092,-12.987
9.7238,-13.917
2.4483,-8.421
8.3054,-13.382
9.9155,-14.095
10.662,-14.892
10.403,-15.255
-11.575,10.635
-10.169,-8.2465
-8.8969,-9.5119
-2.5509,13.688
-3.8735,11.192
-2.522,13.823
-14.534,-2.6928
14.004,3.0179
-9.9197,-8.3765
-2.6879,-14.434
1.0034,10.136
-1.2389,-0.012339
0.93962,-4.1924
6.8288,-7.3876
6.7228,-9.8313
19.487,2.8512
15.558,-11.747
10.918,4.5063
0.60627,-13.601
3.3733,0.027013
18.096,-3.6057
5.4995,-3.8986
8.2422,-8.9624
5.25,-11.6
16.207,-6.2451
8.4371,-9.951
-17.73,-9.4988
6.7695,-7.3553
10.112,-12.129
-18.904,-10.115
-6.7876,-0.72086
4.397,16.246
14.797,3.4266
5.7193,-0.7702
-9.4479,13.164
-11.955,-11.779
0.20948,20.043
20.206,5.4604
-4.8106,0.10583
15.543,4.3983
-3.6883,1.4429
-7.7738,-5.5635
-5.5505,2.1591
-1.269,-0.34189
4.0334,17.732
-2.8578,5.9558
-8.3074,-16.783
2.5931,14.503
-7.7244,-11.168
19.88,5.835
18.929,3.4006
19.463,5.4324
-1.4815,-4.9823
-10.013,11.044
-14.289,2.0003
9.5862,-13.912
-10.989,7.9989
-1.6462,-18.306
15.13,5.276
-2.8762,-10.354
8.8293,-10.125
4.485,17.297
4.0679,17.317
7.1451,12.797
-1.688,-18.755
10.292,5.5892
4.0679,17.317
14.799,-2.1913
10.45,-14.861
-5.2091,-14.7
-2.1501,-11.537
-0.60808,-15.214
-14.575,-16.573
-10.335,-20.511
10.843,4.8396
5.2703,-5.8175
-2.0258,-4.5991
4.8421,-6.1043
9.4256,-13.792
17.051,-0.43738
-12.529,8.7593
-5.6923,-14.668
-1.7441,-16.473
-2.8611,9.5577
-10.628,-12.722
10.721,-14.237
10.359,-16.553
5.1116,-11.534
-8.9884,-9.4177
9.8175,-12.855
10.354,-16.628
3.5276,-4.3754
-19.434,9.4869
-0.20077,16.728
-8.8969,-9.5119
0.72756,-2.8941
10.354,-16.628
10.356,-16.585
9.642,-14.998
15.29,2.684
2.4446,17.901
-2.6879,14.235
-10.843,-12.805
-14.047,-16.906
6.7699,-7.3555
-1.7,-18.794
-1.1198,20.858
-15.277,2.2997
-4.8152,0.085211
-4.897,-5.7929
-4.8969,-5.7927
0.28391,1.305
1.7185,10.53
-12.954,0.52723
-12.954,0.52722
7.0969,-7.8272
-8.2846,-4.864
-15.961,-10.801
-14.735,-14.757
10.477,-14.956
-10.195,6.019
-10.195,6.019
-5.5819,21.364
7.4063,-12.562
-15.326,-1.2553
16.816,4.8284
16.816,4.8284
-9.8908,-10.382
3.3374,15.902
3.3245,15.9
11.525,-1.5054
11.525,-1.5054
10.422,-15.122
-5.6155,0.45934
-1.9796,5.2709
-7.362,18.873
-7.362,18.873
-10.298,-20.576
-2.5151,13.858
-0.85895,-17.236
5.5442,0.28498
5.5419,0.29442
5.5442,0.28507
5.5428,0.28586
19.046,0.35292
19.046,0.35301
5.1433,9.839
5.1435,9.8467
4.6223,12.776
-1.7,-18.794
-11.041,7.7699
-12.156,7.3671
-12.128,7.1739
-12.128,7.1739
-0.45765,-3.1527
-3.0111,-0.48469
-3.0115,-0.48489
-0.50761,10.659
-0.50757,10.659
5.2462,-5.8112
-2.6965,13.324
10.045,5.3408
3.9899,17.1
-4.9749,0.55319
-4.9749,0.55311
-16.607,9.7504
6.3374,8.8552
14.833,3.3687
14.832,3.3682
10.163,5.6431
10.163,5.6431
-10.62,-11.287
-5.5668,-1.1798
-5.5669,-1.1799
0.2354,16.334
-0.35495,8.6633
4.9689,11.755
10.111,2.8247
-0.69968,-3.8196
-0.004015,7.8158
-3.1908,3.5212
-3.1908,3.5212
-7.7605,-5.5667
10.027,-8.8782
10.288,2.6251
-17.619,-10.963
10.352,-16.628
10.507,-15.168
9.9916,-9.6542
15.642,-9.9141
16.146,-8.2276
13.756,-10.794
5.4529,1.0317
9.7599,-9.9799
18.84,0.071261
-4.1997,10.99
-3.2346,5.4797
-18.135,-9.6721
4.8468,11.693
13.378,-10.88
5.3599,2.0245
-4.976,-5.7308
6.096,0.97352
17.409,-1.3186
15.475,-12.67
9.4328,-0.049193
5.2305,-11.597
-0.43336,-1.6454
3.4177,-4.908
5.5207,-9.8308
16.413,-1.061
-9.1515,-9.2267
8.3071,7.7284
10.144,-9.6056
15.704,0.3297
3.8627,-3.4174
-13.748,-1.2179
6.8516,11.418
16.51,-2.3007
10.405,-15.09
14.656,-9.5711
-10.113,-2.5727
-10.479,-8.7685
10.062,-2.9792
7.8563,-11.136
1.6818,10.068
10.357,-16.588
12.884,0.2304
0.78268,-2.7192
14.512,4.0568
14.131,-3.1346
1.9181,-3.6843
14.612,-9.7756
13.936,2.9594
-5.228,-16.175
9.8867,-13.769
9.866,-9.714
-0.18918,0.20278
7.0934,0.28707
-3.4033,21.024
15.02,-11.25
-4.9863,-11.994
18.182,-0.23096
15.52,0.23877
-7.6627,-11.283
-8.9617,-9.5183
-0.028426,-0.64654
10.216,-7.8748
1.0562,-2.3314
-7.9766,-10.997
-16.454,-1.5105
14.576,-12.633
13.684,1.3689
3.6167,-7.3609
-0.35731,10.826
-3.8624,13.624
8.5391,14.306
3.1012,13.675
-2.2109,15.669
10.49,-9.0044
-15.452,10.486
9.8075,-8.657
15.711,-2.8671
16.254,-3.8229
-3.7848,10.695
15.959,-9.2289
3.4118,-4.3815
0.85153,-1.9697
-2.804,-3.1426
13.9,-1.8097
13.574,-1.8371
-14.215,8.1357
4.3648,-6.1103
2.5327,11.178
-6.6691,11.715
13.556,-1.8228
-9.0438,-10.357
15.537,-11.769
8.9065,9.4339
10.36,-16.57
15.875,-3.5002
-4.9888,-5.5595
10.678,-14.793
16.648,-3.6445
4.7145,-4.8932
3.8759,-7.0702
10.212,-8.7049
5.042,-3.8037
16.193,-8.7223
16.532,-4.0532
10.415,-9.4365
-14.19,-16.655
-6.474,-1.6913
3.9317,1.5902
9.0194,-0.2384
-15.699,8.8785
7.5631,10.325
-0.53123,-10.277
4.6982,-6.0856
-0.71279,-1.9001
-7.5401,19.765
14.763,-10.035
5.6048,0.47146
15.947,-2.2553
10.018,-15.017
-8.8148,-9.8865
7.0235,8.3668
-4.9138,-5.4272
10.373,-15.049
5.7867,-11.677
-4.3005,11.04
2.6152,-8.3992
0.80239,-2.6751
4.8301,-6.5795
7.0908,-0.15045
-11.365,-2.9731
16.585,-8.1536
-5.2156,-14.962
15.432,-9.2277
15.286,-11.813
18.038,-1.2225
-0.11324,-13.454
9.1827,-0.51481
9.869,-8.6917
19.167,-0.42535
15.83,-11.451
-6.5674,14.231
15.033,-2.0712
15.678,-9.0634
8.7422,8.5452
7.1982,-11.863
13.168,0.23625
14.1,-1.7199
16.583,-8.1374
-3.2482,-1.1141
-0.20598,10.424
2.7308,-8.4335
-4.0808,-20.09
13.802,-1.7486
9.8677,-8.7296
3.0676,-3.0001
15.95,-10.867
-1.386,-10.764
-7.5146,-16.121
-18.549,-10.955
-2.2141,12.807
-7.9284,-10.968
17.132,-1.1433
-10.337,5.9772
4.397,16.246
0.95404,8.6206
-15.033,10.79
8.4501,1.5714
-13.159,-18.634
0.17396,-8.4702
7.9971,-9.3822
-4.8215,-17.326
1.2841,10.346
-10.224,8.5157
4.5735,-4.0582
9.9568,-12.76
10.559,-13.978
-5.1203,-14.775
2.0495,14.229
-5.226,-14.797
10.06,-12.459
-13.633,-14.566
-10.869,-7.6595
6.7554,16.86
-1.3086,-17.961
-0.52423,1.8249
-14.188,-16.852
0.43993,14.121
0.12552,5.4355
8.1571,-13.312
2.3244,10.036
10.472,-13.325
7.5126,-12.667
5.1743,-11.602
-10.166,-9.9934
4.2579,16.539
10.518,-15.143
5.2155,-5.0302
-2.4865,-12.911
5.2243,-11.608
16.376,-3.3716
15.483,-11.762
19.031,0.27999
16.796,-6.254
6.3688,1.7153
13.829,-10.02
7.4021,11.397
-6.5236,-5.8106
19.491,1.0586
2.2227,17.783
4.5187,1.1229
0.54528,-13.936
-6.1084,20.332
16.457,-5.424
-19.118,9.7176
1.6912,1.4779
-14.479,2.1131
1.6949,-13.922
0.28369,1.3056
-11.827,0.0013728
1.0814,-14.224
0.9756,8.266
-10.738,-11.089
-11.976,-13.61
7.3074,-14.769
4.044,-11.22
8.432,-13.321
-6.1555,-7.4528
0.38533,-5.4535
-5.4405,-8.5976
-4.977,-16.888
-14.632,11.001
1.9178,10.198
10.04,-3.2714
7.2896,-8.1003
6.2134,10.632
6.5094,10.459
-16.437,9.7262
11.012,-8.1375
-5.1485,-13.938
-5.0659,-5.9255
20.242,4.6459
7.3937,-12.158
-4.6743,20.915
-17.784,-11.324
-19.478,9.1943
-17.4,-12.512
-10.175,-10.806
5.7062,8.2325
1.5037,-0.20742
7.4136,-10.27
5.0319,-4.9817
10.427,-9.6665
-18.15,-8.3992
14.627,-10.289
-4.0063,-5.28
-8.7617,0.23353
2.5647,11.189
3.2818,-10.854
1.8642,-0.29012
-9.886,-10.377
13.902,-11.878
-3.6515,-19.816
16.269,-8.897
5.2735,-7.5611
16.78,1.1161
13.709,-1.6878
15.2,3.7608
-2.6409,21.265
18.575,-2.1113
2.6468,-8.3811
2.7104,-8.3774
5.2382,-11.613
-8.0875,8.9079
10.042,-8.5252
10.511,-13.361
-0.070525,-0.59143
-5.961,-6.4663
19.93,5.1868
14.609,-9.8067
-4.825,-16.931
15.61,-1.9267
15.9,-11.157
17.148,-7.775
15.545,4.8589
7.0954,8.1057
-4.3867,-11.501
15.44,-11.75
5.5806,-8.4652
18.275,2.9811
15.462,-9.39
16.071,-0.033413
10.134,-3.1712
18.252,-0.20297
9.49,-6.1495
3.1931,-10.829
15.16,-3.1732
-17.19,10.092
5.1243,-5.6308
10.356,-16.618
10.101,-8.5123
4.6101,16.853
-11.95,11.643
17.074,-5.6672
5.8143,13.183
9.0174,-0.54292
-8.3237,17.926
-16.523,-12.316
5.1566,-11.591
-6.0964,0.54529
8.4598,-7.8534
0.77223,-1.7966
7.0553,7.8878
0.16061,-8.4767
8.1841,-8.0845
7.2394,-12.414
-9.7085,6.2563
0.41975,-3.083
17.12,-7.7852
-2.3974,13.488
-9.7306,-8.3959
4.9244,-11.49
18.944,-1.3961
15.645,0.28328
4.8067,-10.949
7.9518,8.2629
9.7515,-13.871
10.582,-13.203
10.102,-12.398
10.688,-14.42
7.6007,-11.423
-2.417,-10.816
7.3166,-14.725
-1.7297,-18.239
-2.1866,-10.073
11.023,-8.118
9.9893,-12.601
7.8969,-8.5593
11.033,-8.1067
-0.70736,-17.158
7.9353,8.278
4.7067,-11.233
7.7872,-13.464
-15.733,9.3336
5.0204,-11.389
6.9687,-7.7419
-7.5787,17.416
-1.7248,3.4001
8.8295,-10.03
-3.0899,13.696
9.2808,-13.543
-13.754,-9.2587
10.924,4.5179
5.3062,17.43
-11.953,-1.0588
-1.6945,-18.593
16.2,-9.236
0.50586,-8.3285
18.122,-9.4975
-18.969,-10.42
-7.7584,-5.5837
0.055934,-10.134
15.529,-12.745
14.543,-11.45
16.496,-2.6695
19.003,0.27493
5.569,8.1517
-5.1738,-18.191
-9.7235,10.574
-5.3201,-5.7673
16.056,-2.2723
5.1764,-5.5717
5.8149,13.111
9.2136,-6.1667
15.916,-8.5654
8.5868,13.783
4.01,-3.7731
5.3457,-11.63
6.4978,0.068793
5.1411,-4.9031
7.4248,-0.56403
-1.532,-9.4074
-7.8265,-11.196
14.581,-11.562
17.018,-3.2786
5.0708,-5.3578
14.567,-3.0719
5.688,-3.7699
2.6536,11.209
16.477,-9.7869
5.1005,-1.5488
5.638,0.98978
3.9287,-4.1843
14.454,-1.6458
-1.5426,16.709
15.237,2.1473
5.2597,0.8604
-15.655,8.8719
15.815,-9.9936
5.3299,0.071281
5.5619,-3.9544
7.1529,-3.238
7.6623,11.057
18.232,-0.7257
-5.0516,0.80771
15.765,-11.433
6.5487,-11.847
10.689,-15.123
10.355,-16.592
9.2265,-0.50498
16.093,-9.3705
-6.836,1.6282
5.5879,0.15099
-14.451,9.9353
14.275,-11.666
2.5448,11.145
10.433,1.0929
2.5548,11.162
19.796,1.709
10.665,-14.801
13.931,-11.59
7.2095,-11.898
2.425,-0.0019911
5.0556,11.655
8.1669,-7.9964
2.648,11.199
9.9852,-8.5883
3.6106,12.003
2.8747,-8.822
11.09,2.1905
17.884,-2.8881
10.615,2.7764
11.318,5.7968
4.6004,-9.1885
5.2549,0.20591
10.669,-15.026
10.664,-14.724
5.4789,-4.05
14.307,-1.5558
-14.11,11.463
7.2733,-12.174
-0.70997,-10.409
1.7133,-3.9785
8.5682,-7.6031
16.423,-0.7969
16.107,3.1116
-3.6126,-11.439
18.166,-2.8012
9.0384,-9.9273
10.354,-16.608
2.0251,11.118
0.76288,-2.9003
4.0651,-4.1156
15.877,-10.326
-16.744,-12.102
16.778,-3.4504
5.1784,-10.294
15.921,-11.202
9.519,0.088338
-10.717,-8.392
18.179,-2.7544
13.471,-0.85848
-0.68613,8.1277
-2.3527,-0.61121
-4.9039,-14.42
-4.6496,-4.4148
10.365,-16.544
-1.6093,12.878
7.438,-0.79499
-0.79895,8.5774
16.775,1.4897
-14.081,-2.3236
-1.5759,9.1533
16.376,-2.6595
9.9102,-3.1623
0.33078,-0.24825
-7.4649,-11.404
15.232,-5.7201
18.222,-0.82291
15.708,-4.1708
-3.3362,10.946
9.8459,-14.009
18.603,-2.475
16.223,-8.5955
14.478,-1.9254
3.1513,12.336
10.353,-16.629
17.686,-3.7391
-15.822,9.1779
16.236,-11.55
7.7815,8.2315
-10.242,-11.234
15.666,-11.062
8.7379,-10.052
2.8719,-8.4207
5.4038,-9.9242
6.7368,0.18304
2.9991,-3.3369
-3.893,8.7622
-2.395,-4.4114
19.261,-0.8347
10.357,-16.585
15.946,-11.921
7.9817,-6.5934
-7.913,-11.208
-1.5709,-0.10941
5.1058,-5.5748
7.8453,-0.34179
10.564,-9.1114
15.813,-11.088
13.048,0.072789
15.731,-10.707
3.2995,-7.7563
-6.0122,-5.5959
8.0237,8.0704
8.0573,-1.4794
10.55,5.5868
10.354,-16.607
10.348,-16.627
14.724,-10.551
-13.655,-8.3848
16.122,-9.4403
8.7286,-10.151
15.508,-9.467
12.906,0.063162
14.115,3.027
3.4566,-1.3883
15.704,0.32857
0.54625,-4.4705
16.505,-2.0608
-8.0884,9.1428
4.6424,12.745
-10.555,11.136
-0.3716,-0.31467
-3.0243,-3.715
15.554,-12.111
15.075,-12.075
15.763,-11.162
-2.006,13.174
16.788,-3.2074
17.426,-5.159
10.346,-16.622
4.1342,-3.783
13.86,-1.7404
7.9904,-9.2341
16.823,-1.3942
16.405,-3.6891
9.7264,-1.5644
10.279,-2.5638
-17.922,-12.661
2.7338,11.212
10.119,-9.5947
10.028,-10.304
20.663,3.8594
-16.378,-11.205
7.9356,-0.05749
4.9534,-3.3468
13.92,-10.784
-2.5961,-4.6647
5.3271,0.43503
5.5671,-9.7021
4.0544,-3.8334
4.8592,12.024
18.791,-1.6931
17.435,-4.1195
15.333,-11.782
16.054,-10.496
18.11,-0.19968
17.205,-5.6942
15.725,-10.637
15.793,-11.399
14.784,-10.248
7.5029,0.15877
3.7574,-7.1918
10.396,-13.715
14.516,-11.765
15.72,-11.044
16.656,-3.7106
3.1024,-8.0986
14.012,-11.604
16.797,-2.9778
10.604,-13.113
5.6469,2.0146
5.1525,-5.082
7.4164,-0.4917
14.352,-2.9501
15.94,-10.624
16.962,-1.1951
10.533,-13.26
15.849,-1.9455
6.8462,0.18218
14.257,3.3889
1.9904,-13.032
10.351,-16.628
8.4749,7.6642
-2.7833,-10.315
10.353,-14.996
10.504,-13.563
-16.508,9.9689
15.706,0.11893
10.579,-14.949
-7.6656,-5.609
10.58,-15.05
-9.6895,11.107
17.909,-0.5725
9.5332,-0.72992
-12.736,-2.8257
5.5926,-0.98547
-4.8514,-17.427
-4.7843,-1.7726
5.6576,-1.0388
2.4748,18.262
0.83005,14.271
-9.9404,-4.577
-0.38271,15.922
19.509,-0.90023
5.7062,8.2325
