-12.475,-0.33782
-1.221,-13.052
-6.0606,-16.706
13.857,8.3698
-7.0849,-11.228
-9.6113,-10.845
8.6231,0.55438
10.523,1.3426
9.3388,1.1725
9.0131,-0.13358
10.743,-1.4451
-17.098,2.2927
10.885,-5.1207
-4.9063,-11.548
-17.321,-2.7822
13.756,10.327
-11.771,-7.6893
-11.656,-9.7194
16.592,3.521
-21.122,-7.732
-11.454,-8.3987
-11.256,-9.3827
-3.7411,-9.1073
-8.2321,-16.167
-21.714,-5.2854
-18.795,-4.8863
-17.161,-5.444
-16.563,-6.0251
-21.963,-8.4246
-21.283,-8.0708
-18.243,-5.4316
-17.512,0.21691
10.797,-11.016
9.2468,6.025
-3.7158,15.016
17.108,8.9838
8.5119,17.216
5.3576,5.7952
-1.4586,10.266
-13.757,-0.23347
-0.14256,2.633
-11.404,-8.4418
15.767,-4.8107
-18.089,-7.7522
-10.894,-11.548
-8.0369,-16.268
-1.7659,3.461
-14.217,-8.2203
-8.0764,-16.028
-19.005,-8.3416
-16.611,-6.117
-16.792,-5.9516
-19.845,-6.1967
12.794,7.0751
17.243,6.9532
2.8844,-14.067
-17.568,-0.021591
6.6356,10.019
-17.084,-5.6413
1.381,-1.3984
-17.603,-0.021853
-21.819,-5.2962
-5.5717,14.083
6.7369,-2.4144
0.73215,-8.8753
-21.976,-8.3875
-16.946,-9.9675
-19.378,-4.4708
7.368,-16.404
-8.2834,-13.595
4.9253,16.763
9.8647,3.6667
6.3033,-5.6752
10.79,-11.087
7.2934,-1.9668
5.5893,5.5663
5.7666,2.2764
1.9356,-16.973
-0.81039,-15.955
16.28,-2.3971
-8.0968,-10.101
-14.254,-0.55293
-9.0511,-16.511
16.234,-2.331
10.095,16.568
-11.332,-8.5083
-6.3961,-7.9892
11.079,-5.059
-10.94,-11.017
-8.8605,-10.453
15.9,2.9742
-8.4355,-17.037
-20.764,-4.5042
-17.435,0.64461
-17.015,-11.848
-0.39336,-14.005
-19.267,-4.9358
-2.2856,-12.977
5.6668,2.5403
5.8334,2.8522
5.8048,2.8932
5.7248,2.6384
-7.351,-11.438
-9.1988,-10.966
-8.5705,-15.619
6.6715,-4.3646
-17.303,-5.6336
-7.6565,0.43614
-18.823,-7.094
-3.9404,-4.1479
-14.341,-0.10704
-7.9771,-15.84
1.564,-8.4234
-17.062,-10.087
-19.734,-6.9909
-1.6716,-16.386
0.013526,-2.8149
-8.6281,-15.706
-8.2679,-16.159
-10.868,-11.301
-16.696,0.52371
-19.161,-4.5035
-19.964,-8.1647
0.53068,6.515
8.8616,-8.5144
8.8858,-8.4322
-9.8169,-0.72091
8.5259,5.6046
10.213,-11.308
7.7356,8.1209
2.9821,-8.5125
-13.648,-0.057761
-1.3596,-11.926
1.5239,10.583
10.022,1.3202
8.997,1.1676
-22.083,-8.942
-21.169,-4.5208
-21.22,-4.4995
-21.805,-5.1475
-19.265,-4.7474
-22.109,-8.6327
-21.835,-5.2704
9.0738,2.4188
-22.042,-8.4459
-21.981,-8.3919
-21.201,-7.8978
16.567,-0.063637
6.9619,4.0971
-21.421,-8.0436
7.3068,17.251
5.2189,-16.757
5.9916,5.6467
1.4256,-8.364
1.1221,-8.3959
-0.75785,-13.646
0.48906,-6.1385
0.031036,-5.6934
-21.79,-8.2402
-22.15,-8.776
-1.854,-13.04
-1.3956,-9.3269
-19.106,-10.199
-19.745,-6.8473
0.92266,11.407
-5.502,-5.5211
-19.315,-10.335
-0.030763,15.491
-17.092,-11.707
9.2553,-9.6454
0.29211,11.868
-3.8733,-17.652
-0.13567,2.6436
-8.862,-12.594
9.639,-3.9286
-1.1217,-12.988
-8.8643,-13.925
7.953,-2.803
7.8461,-2.3635
5.7739,18.073
10.989,2.9371
9.2617,1.6547
6.4414,22.293
9.2616,-1.121
13.347,-5.0969
5.5804,5.5555
5.7332,5.7894
5.6986,2.4102
7.4078,-4.1915
17.161,6.8043
0.12004,-13.642
5.8211,2.3562
8.2792,5.2659
16.652,10.643
7.5876,1.4184
13.995,0.063671
16.569,-2.8878
16.145,-2.0978
-2.3149,-12.958
-2.176,-12.953
7.7453,13.503
-3.9422,-6.9684
-11.634,-13.954
8.8143,19.574
8.0764,4.7641
16.153,-1.7524
16.403,8.0156
10.835,-1.3133
12.172,-4.9142
-7.6671,-6.6658
-1.244,-18.699
-21.331,-6.883
-11.096,-9.2635
-2.0236,-18.649
-8.5036,-16.163
1.166,0.82508
-16.939,-12.133
5.0499,-1.2955
-6.1706,-16.742
8.8673,5.3395
-1.9673,-9.6046
-17.978,-7.4786
8.4907,0.070196
16.898,-3.2516
16.856,-3.252
16.68,-2.9881
10.861,1.3787
16.681,-3.0103
16.901,-3.2013
16.026,-1.9824
-3.2752,-7.2025
9.0118,19.396
6.1668,-5.3403
5.297,-1.088
-8.1758,-14.311
1.0368,11.232
-10.834,-11.546
-10.703,-16.641
-7.9345,-15.922
6.2794,-5.66
-3.9144,-17.432
-1.8595,-16.285
-3.193,-8.1532
-3.4601,-8.0045
-3.6915,-17.421
-2.7031,-17.639
6.3447,-5.6696
-18.73,-6.6372
16.427,-3.1627
-10.899,-11.23
-0.74882,4.1235
1.6925,-9.0019
14.469,10.202
16.884,7.7962
10.73,-1.2918
-0.69603,-16.766
-2.8352,-18.265
0.3774,-8.9315
-10.897,-11.075
-17.18,-5.6194
-3.4883,-6.7973
-11.622,-8.0137
-18.979,-8.3952
0.14087,2.2448
-8.4756,-17.142
-17.212,-5.5444
7.155,5.6655
16.815,7.8889
-8.7509,-16.427
12.828,-2.2017
15.379,-0.87045
15.478,-1.976
-16.821,-5.9978
-8.2332,-15.983
-11.507,-8.4024
-7.7915,-15.852
-2.6987,-18.01
0.15066,2.2254
-18.955,-7.2335
-19.964,-4.5022
-19.196,-4.7837
-17.612,0.077731
-19.263,-4.7999
-18.469,-10.419
-21.772,-5.3738
12.121,-11.061
4.1787,2.2421
0.19991,-9.3403
10.322,1.3305
15.899,6.0722
-1.4189,8.5856
-9.7251,-16.585
-10.552,-8.3766
-8.8714,-16.77
4.7014,16.565
-21.793,-8.241
8.356,0.17439
-20.105,-7.0926
6.6551,9.7207
6.0891,-2.3768
9.3144,-1.1028
15.892,-1.4216
-3.4929,-6.7989
16.925,4.8107
-7.6051,-16.108
-6.0352,-16.563
0.16729,2.129
-10.731,-16.626
1.1794,-1.0254
-19.188,-4.2171
-19.298,-6.3092
-18.95,-8.484
1.3071,-1.2472
-21.837,-5.1872
-7.6576,0.44777
-7.5597,0.4721
-2.3935,-12.179
-21.674,-8.1323
-21.847,-8.2437
-10.593,-11.063
16.567,-0.063637
-20.57,-7.5251
5.3141,-16.684
5.3141,-16.684
-18.503,-11.007
7.175,9.897
-19.675,-11.11
-19.02,-7.4542
-17.591,-0.017993
-21.861,-5.2517
11.991,3.0927
-19.989,-6.872
7.7567,-12.316
-0.70633,-18.325
0.85918,-7.9897
16.657,10.666
10.713,11.389
-2.953,-16.351
16.145,-2.0982
16.154,-2.193
4.7736,-2.0567
-5.5268,-8.3173
-10.866,-16.142
-11.236,-9.0896
0.85951,3.638
0.88092,-8.0084
-19.258,-11.374
-2.8542,-9.3546
1.9374,4.5227
1.3512,-1.2749
1.2281,-1.0437
-0.22633,2.9191
2.3009,-5.7149
-9.9518,-10.713
-0.012795,-5.6475
-17.664,0.16777
0.4806,-2.9306
-7.6079,0.4952
6.5725,5.2459
-14.194,-8.2097
9.6001,-12.295
1.0386,11.249
11.206,1.8422
-11.152,-2.739
8.5143,1.3697
6.7436,19.035
12.786,-5.5093
16.478,-2.9964
5.0099,-1.4282
-0.45042,-5.4038
-8.4181,-16.878
-21.859,-5.2619
5.3239,-16.625
9.4441,-12.541
10.588,-10.971
0.026233,5.8351
-2.6171,-13.477
5.3256,14.092
0.93198,1.1416
-9.2139,-10.545
-7.0518,-17.387
5.5612,11.173
-19.095,-10.081
-10.822,-16.244
16.608,3.5553
6.0675,22.232
-11.233,-9.5157
-8.2506,-5.7245
-15.603,0.98258
-1.0148,-16.723
-17.169,-2.6883
-10.738,-16.588
7.995,8.5675
-16.576,-6.031
9.2687,-7.8022
10.951,1.6242
10.118,1.2564
5.7435,2.146
-1.1498,-16.38
-3.7933,-17.905
-16.565,-6.0939
8.3436,8.3112
7.226,-12.507
12.13,-11.012
16.576,4.3105
-0.21265,15.88
0.044722,-9.0589
-13.428,-0.342
2.8566,-14.026
8.1444,-0.21982
-21.852,-5.2965
-3.8858,-0.58864
-8.4172,-11.56
9.6071,-4.9454
-10.925,-2.7932
-6.6012,-7.457
15.905,9.1513
7.3935,7.2372
-19.668,-11.15
6.3383,3.7004
-3.0708,4.0849
-5.3121,-6.0023
-8.5559,-6.5041
-2.9325,-13.309
16.814,7.977
-18.466,-6.2198
8.9967,-9.6323
8.9963,-9.632
-1.9135,16.107
-1.1383,-5.7473
1.6228,1.7025
2.7688,-0.0072138
-9.2545,-9.8401
-21.601,-5.0905
7.4334,-9.6374
-7.5583,0.53438
2.5405,-8.8727
10.794,-10.941
9.3228,-12.569
8.9958,-9.9005
-10.721,-16.665
9.7361,-0.54836
-6.9112,-2.2973
8.747,3.2613
10.827,-11.041
9.9657,1.3479
9.4042,-0.99986
13.968,0.036747
10.492,8.7308
6.1395,-5.3647
12.129,4.3015
-10.462,-10.553
-17.391,0.066686
2.208,-14.815
-10.906,-16.103
-10.688,-16.683
-1.8804,-9.7715
-14.141,-8.3707
-16.783,1.2225
-10.724,-16.693
6.9781,-11.117
10.8,-11.142
-8.2587,0.1745
-19.417,-10.49
16.574,-0.077455
-7.9336,0.3836
-8.2025,0.27686
-0.30831,13.1
-22.152,-8.7502
-22.141,-8.7774
8.0935,0.58619
15.111,2.8566
16.544,-0.32492
17.967,1.8025
1.5831,-8.0089
0.18845,-8.9547
-0.011527,-5.5082
16.703,-2.9928
1.3251,-8.5974
1.002,-8.9603
11.21,1.7761
-1.5742,-6.798
-3.0458,-6.5838
2.7993,0.030773
13.697,5.5767
6.0483,3.9806
-11.284,-4.0845
9.5028,5.7376
6.8412,22.308
-3.163,8.1651
2.0173,-13.264
5.361,2.1805
-11.734,-7.4838
8.2442,19.833
9.4937,1.6418
16.48,-2.7193
16.446,10.902
-3.023,-12.836
-8.7281,-6.6081
-17.958,-5.9047
6.3756,-5.6785
-4.2275,-7.2604
8.2399,4.9431
-11.266,-9.3766
-10.739,-11.355
6.5904,9.6167
16.511,-0.00087874
16.537,-2.9333
9.1223,1.1994
4.9672,-16.791
16.618,3.6026
14.872,3.7041
-2.7897,-9.0737
0.1395,2.2294
0.35692,11.96
-3.9288,-6.9673
6.4026,-5.6602
12.782,1.8233
-6.5585,-18.766
-4.2128,-18.029
-16.669,1.5775
1.6149,-1.9655
-7.8867,0.39594
16.588,0.051185
16.626,-0.0099485
1.4191,-8.375
-22.13,-8.6022
5.346,5.8178
10.896,-5.0722
16.535,-0.027244
-18.244,-7.2279
-16.914,-6.6936
10.841,-11.13
6.9119,22.356
-5.4439,-6.0386
12.861,-0.17094
7.2515,0.28135
-10.808,-5.2415
9.994,17.047
10.836,-11.125
16.582,10.763
8.2618,0.23293
-0.22108,5.4215
3.3606,3.1362
12.075,4.2658
13.946,-0.0045601
16.4,-2.4393
1.168,0.82469
9.9711,-5.147
-20.104,-7.0414
-10.982,5.0077
-9.9112,-7.7748
11.294,-2.2186
0.80777,-7.2703
-17.027,-11.668
9.7143,-3.7762
-11.483,-8.4263
-11.029,-7.6535
0.17895,2.1677
6.4855,-5.6467
-6.5307,-18.79
-10.698,-16.648
1.2958,-1.2906
-10.98,-16.317
-17.116,-5.5227
1.3983,-1.8087
-16.537,-5.9301
16.541,-0.060177
10.393,7.8572
0.72043,7.1939
5.5074,6.0085
-0.3716,18.963
-1.1201,18.133
-20.498,-8.022
7.8223,13.707
-10.692,-11.143
16.6,-0.075366
17.102,6.0097
-2.4073,-18.61
-3.6478,-6.7663
-2.6703,-18.713
-21.885,-5.4489
-6.4453,0.11649
11.225,1.4964
1.0288,-8.4779
-21.946,-8.3715
-21.642,-8.1097
10.324,7.9476
2.0783,-13.529
7.1264,22.13
2.6351,5.4258
6.5568,22.3
0.48009,12.14
-11.22,-2.8193
2.9538,-0.039718
-2.4892,-17.42
-16.432,-1.2419
11.116,-5.0044
11.402,10.919
-3.9141,-17.816
11.103,-17.012
-2.588,-18.54
-0.88281,-16.533
-10.531,-7.5596
0.54657,-6.1982
12.457,-2.1835
11.291,-1.9543
-17.218,-5.5665
-10.382,5.7989
4.1272,19.285
5.3874,16.798
7.1278,-1.398
-11.15,-2.7084
-13.983,-0.39737
-2.5251,-9.0661
-11.727,-7.679
-8.492,-15.847
5.0801,-1.1171
8.9076,-8.2298
0.66441,-14.005
-2.9992,-11.856
-5.4013,-11.457
-0.96162,-16.901
2.9546,13.54
-20.457,-8.0735
-15.22,-2.1863
16.162,7.9575
-7.5781,-14.592
-18.413,-5.1865
5.8673,5.8278
-1.799,-12.215
-14.321,-8.4649
1.8795,-14.579
-8.0775,-14.023
-8.029,-10.445
-8.2706,-10.398
-21.828,-5.2215
-15.247,-9.1931
-19.849,-6.6024
-20.142,-7.3764
-11.069,-8.4179
-2.8398,-14.005
-1.6312,-12.377
-3.425,-9.6035
-1.0821,-16.748
-2.1629,-16.9
9.356,1.9837
-5.5266,-5.5931
-0.22816,-2.4772
5.3336,5.9661
9.1448,6.4127
-11.096,-2.8395
16.855,8.0039
16.08,-2.2695
7.6873,1.2972
10.775,-10.944
4.2355,6.973
-21.649,-4.916
-16.642,0.69094
-16.857,-5.9769
-22.098,-8.5695
-20.267,-8.2206
-22.151,-8.8597
14.252,10.304
14.272,7.2493
8.8985,-1.1957
10.838,-11.1
10.762,-11.043
-1.5203,-6.2625
8.0575,-2.6467
0.67543,12.72
-5.5603,14.14
-5.5858,14.058
-6.9822,-15.345
12.895,-2.4838
0.13684,-11.28
15.84,8.6824
10.831,-10.984
5.9181,13.913
-10.885,-11.196
-8.0254,-15.933
9.42,-1.1145
16.956,-3.2531
-20.354,-8.9992
2.9707,-13.973
7.0838,-2.1772
10.814,-10.97
10.817,-11.203
1.9121,-14.144
10.704,-11.168
11.121,1.7936
9.051,-9.9862
8.8054,-8.5561
7.6318,-9.3365
-13.467,3.3733
-12.551,5.314
10.804,-1.2834
1.5761,-14.498
-0.019418,-13.16
2.1205,-14.689
2.3071,-14.771
4.6206,1.5386
9.0636,5.8447
4.3898,6.7647
0.33012,-11.137
0.37281,-10.975
-8.0824,-14.154
6.2415,-5.4011
-7.1094,-10.852
12.738,-1.7786
9.0777,-0.87481
10.844,-11.105
0.077546,-5.9512
10.768,-11.045
10.791,-11.053
14.668,4.6944
1.5034,-1.6155
-10.147,-15.312
-11.458,-8.0947
9.6635,-1.0985
9.5932,-1.0867
0.086306,-11.051
1.8332,-14.478
16.469,-0.22415
9.3562,-0.26947
9.9001,5.3703
8.2026,-16.368
5.2989,16.614
2.8714,7.9601
-17.729,-4.6592
-17.353,-5.3798
-11.57,-7.8513
2.5999,-10.577
-10.446,-7.4902
-8.8816,-12.509
-7.7033,-11.726
4.8117,-2.1318
-5.7115,-7.5446
1.884,-14.506
10.7,-11.041
10.71,-10.845
10.832,-11.202
8.9906,-9.9014
10.809,10.448
8.823,-8.3633
8.6414,-8.5162
-0.95469,-18.468
5.8617,5.7192
-0.50332,-5.422
9.2538,-9.5131
-11.758,-9.0427
-14.133,-8.2235
9.6617,-1.0977
16.588,0.01578
10.608,8.8902
8.2046,-2.7809
1.4075,-12.278
10.839,-2.8084
7.4251,4.1294
-11.206,-9.4324
5.3006,-16.701
0.86811,0.49744
-17.153,-5.56
8.9114,7.439
-0.013854,5.5532
16.893,0.35646
6.6279,-1.3021
14.478,3.9117
10.811,-11.134
-17.579,-7.8033
9.9092,1.0482
11.952,6.8778
16.6,-0.0076579
-6.2068,-15.96
-8.019,-16.05
8.0451,19.524
-3.2516,-11.883
0.6177,-14.601
-5.4757,-5.5415
-8.648,-15.721
7.0715,-2.1129
-0.021864,5.5609
-7.8256,-10.096
-2.96,-16.412
0.76135,16.074
0.39553,-17.276
-8.2959,-13.433
-10.828,5.5858
-2.0346,-4.6047
-7.2221,-10.812
-16.497,-6.0875
-18.619,-6.4894
10.779,-10.959
10.365,3.9195
-5.2245,-11.488
0.11885,-11.2
5.5215,2.4461
1.4057,4.0896
-11.64,-5.2203
-17.289,-2.717
-8.8459,-14.132
-1.704,3.5158
13.302,8.5915
10.821,3.9707
0.52517,16.387
5.4514,5.8171
-1.1346,-18.584
-6.3972,-8.1085
1.4081,-13.838
-11.096,-2.8394
8.5487,20.476
-10.112,-14.919
10.932,10.869
11.063,1.552
-10.694,-8.3383
7.5103,8.0323
-8.343,-16.071
-8.5211,0.077874
-5.0389,-8.127
-4.1044,-0.68716
4.4382,-16.88
5.1965,-16.74
-2.6028,-0.074134
-10.201,-15.183
-18.406,-6.0364
-0.50372,-13.24
0.46075,-9.2288
-18.1,-10.43
5.7289,-5.9703
13.632,10.378
-6.3489,-1.5493
1.4631,-1.7343
14.298,10.286
10.807,-11.062
-1.526,-6.5567
-11.036,-10.843
8.0825,20.228
-10.856,-11.372
-19.38,-10.582
-21.814,-8.2458
-17.342,-2.9318
2.2622,-4.998
-19.106,-7.8301
9.2693,-12.531
-6.9106,-7.4245
-8.5453,-10.399
-17.53,-0.047592
8.9038,-8.6141
-11.257,-5.4583
-0.5432,-15.32
8.1346,-11.972
-0.22085,-8.5283
-20.308,-8.5447
-10.101,-7.8282
0.75589,1.2353
10.899,-1.4216
9.7597,-12.517
-15.147,0.62596
10.491,1.0371
4.8937,4.7145
5.4532,5.6681
11.162,1.7023
-8.3692,-14.348
10.974,11.069
-10.545,-10.022
10.788,-2.8622
8.2246,-11.49
-0.18474,13.949
5.2489,5.4714
7.8748,13.306
-5.0775,-3.7435
-1.6175,-11.861
0.11694,-11.046
14.932,7.2968
15.497,4.7522
15.311,8.0745
-3.9313,-9.431
14.079,7.8559
-5.6584,-16.596
12.11,-11.071
9.0523,-8.1143
-6.3053,-16.075
12.322,-0.28278
7.4262,-9.3438
-17.377,-6.6367
2.109,-14.746
-14.123,-0.40925
-7.3104,-8.1086
-2.4406,-16.925
6.0455,5.2432
-14.718,3.2065
10.765,-11.034
8.5865,-9.7766
1.5241,-1.7038
1.1725,-1.0341
-10.435,3.5166
-3.9261,-17.423
6.7056,-2.6373
-7.5324,7.3316
10.836,-11.125
17.852,1.4621
7.2119,7.6736
-10.809,-6.5451
9.4471,1.4019
-17.431,-6.136
-5.373,-5.8766
16.87,8.0759
10.606,11.138
-10.778,7.8647
-10.783,-8.2909
9.0917,-9.9626
-18.438,-9.7711
6.2671,3.4289
-0.014342,12.603
0.89222,0.48423
-1.6164,-6.1734
7.8442,20.926
10.657,-5.063
1.0388,-7.2793
0.15453,-9.2982
1.0657,-8.1487
15.799,-0.44779
10.626,-2.9582
1.3056,-3.0561
-5.5028,-5.5836
6.3369,-5.5733
-19.155,-4.9785
0.69667,12.51
2.914,-8.5755
15.88,-1.6635
5.361,-16.55
0.34045,-16.306
11.487,7.6934
0.46661,-4.3042
1.5237,-5.5992
6.769,13.534
8.8265,19.686
0.028499,-10.948
0.082425,12.274
8.2903,-11.573
0.73635,-6.8476
12.2,-2.0669
-5.6749,-7.6685
16.596,0.0042173
4.2123,6.9613
4.9202,2.2722
8.786,19.764
0.12104,-2.6813
8.4451,5.6975
2.1354,-14.395
11.053,1.4546
-6.4389,-8.3363
-11.44,-9.7481
-14.249,-8.4264
-16.738,-7.2579
-0.11349,-15.011
2.7926,-9.7769
-21.741,-5.5918
1.825,3.8865
0.95587,11.351
10.82,1.2427
15.655,-2.0944
-17.824,-7.3886
-5.1897,-11.262
1.6378,-5.7558
5.6925,5.6411
-1.4286,18.463
7.8444,-11.883
-3.5748,-9.8636
0.58455,-6.3048
2.9291,13.734
-3.1877,-6.3934
8.4588,15.32
7.903,8.2996
2.7744,-10.764
6.0141,13.957
-2.9435,-14.008
9.4717,-1.0575
-3.4639,-0.2989
-10.836,7.5993
11.019,3.3852
-10.903,-11.196
1.1514,-14.353
-0.31969,-16.503
5.3157,10.741
15.552,-1.7342
-7.9437,-6.3856
10.477,11.225
-14.435,3.0158
-19.376,-10.473
10.429,11.048
-2.8348,-18.621
-2.6276,-14.066
-2.6255,-14.14
-14.241,-8.4113
-18.062,-6.3722
-8.616,-16.614
-5.1455,-11.499
-5.5841,-5.6711
-17.539,-10.537
6.9582,3.8349
8.2978,4.4344
-0.55113,13.45
10.452,1.0345
-10.845,-9.4582
0.82762,7.1604
9.3942,6.5578
11.259,-2.4972
11.271,-2.3367
-1.9203,14.437
-5.5772,0.50105
-16.77,1.6627
10.812,-11.179
-18.976,-4.7431
-16.761,1.3319
0.12681,-9.3415
5.656,16.745
6.4813,1.0689
-9.1223,-11.326
9.3494,16.653
-3.8891,-0.40729
6.7386,-5.5912
0.070243,-10.381
-19.354,-10.712
6.4035,2.5362
5.7417,2.1947
5.7789,2.1891
11.033,2.2053
16.447,8.1013
-0.5555,-14.679
6.0354,5.6114
8.2657,19.468
5.4656,11.009
-16.622,1.1635
8.655,1.228
12.147,-11.008
10.829,1.3774
7.1758,-10.969
-6.5458,-18.757
6.0052e-05,-10.991
-8.5881,-11.555
0.11156,-11.022
-6.507,-18.681
1.2658,-10.177
10.681,1.4889
10.259,1.5565
13.75,0.13675
8.8644,-10.467
7.9177,-16.085
-10.878,-11.47
5.2116,-16.728
1.5261,10.506
10.702,-11.014
10.639,1.7186
4.525,3.4802
-11.512,-13.631
9.6092,1.4006
-3.0913,16.615
-11.617,-14.012
-11.596,-14.162
-11.602,-13.91
10.707,8.5465
0.36319,15.791
16.519,10.692
10.787,1.431
0.51557,-4.4745
12.56,-2.1034
-2.3307,-17.242
12.489,-1.3896
-2.8556,-14.11
-8.496,-11.151
-6.8798,-15.574
-9.7199,-9.2323
-0.68292,-17.495
8.4303,0.29201
9.5756,-3.8724
-0.19598,-10.993
2.7682,0.0032522
4.326,4.2778
2.7597,-0.0088192
-5.6403,-5.6574
11.035,-17.474
-8.1151,-13.824
-2.4962,-12.509
5.6616,5.4356
0.1387,-13.796
8.9909,-10.028
-0.67159,-18.344
11.497,-4.1172
-0.38712,-16.328
14.872,3.5993
-3.342,-7.7478
15.47,1.2964
11.828,3.0986
10.8,-10.998
1.5625,-5.9135
-19.337,-7.2989
9.408,1.787
-1.6799,3.4568
-11.259,-9.8358
-16.761,-9.7465
10.848,-11.638
-1.2556,-13.186
11.406,-14.087
8.1014,-16.494
12.127,-11.033
-8.3293,-13.886
11.634,-4.6592
-6.2566,-8.1536
0.62379,4.994
4.2126,2.2907
10.658,3.975
10.324,4.9071
-16.604,1.081
-1.8144,14.308
0.56084,12.17
12.574,-2.0182
5.5272,-16.692
10.105,11.076
0.087401,-11.133
-19.996,-6.3403
-11.319,-5.574
2.2784,-4.8072
-18.477,-9.4172
10.102,-3.5097
2.0909,-10.306
-5.725,-11.435
9.148,-8.6177
8.902,-9.1545
12.293,-5.3136
-0.0052072,-11.181
-4.2117,-18.25
-9.4059,-2.2823
-5.5937,-11.417
7.2054,-12.295
-11.623,-7.7924
-8.9718,-6.4456
7.8086,-9.6926
-10.914,-11.476
14.925,7.5661
2.6264,-8.9895
10.792,-11.049
0.1661,-2.4215
9.9325,0.57578
10.595,-11.335
9.7637,-12.5
5.7261,13.923
-8.0075,-15.747
1.4652,-2.8562
-10.926,-11.03
8.7296,-8.5825
-16.837,1.2858
-3.3431,15.033
13.973,5.9624
-1.5629,-6.7128
15.149,4.062
11.796,2.9325
5.7646,3.3309
5.0217,-1.241
6.9909,10.002
-5.5358,-5.5549
9.2361,-11.999
9.1368,-0.41549
-8.5623,-0.084419
9.3106,-12.034
-0.16438,-5.6512
9.353,1.9574
-5.8661,-5.6702
8.1705,-0.14203
10.146,-0.54041
4.4894,7.4
-7.2017,8.0868
16.647,3.5547
5.0996,-16.772
0.16956,-9.2888
-2.3781,0.33227
-4.2761,-4.1918
9.9205,-12.509
9.5648,1.3925
-6.897,-8.2215
-5.0438,-11.141
0.80321,-7.2388
8.8361,-8.4516
-0.012323,-5.9022
-17.597,-5.9497
14.057,5.4239
-13.933,2.7367
9.5009,-10.004
-7.2408,-6.2554
-13.105,6.1546
-2.8406,16.758
10.766,-11.08
12.617,-2.9015
-9.8802,-9.9966
9.1545,-17.906
-10.841,-7.4576
16.596,3.6471
0.32311,-14.809
-10.285,-6.4594
-8.2574,-13.936
9.2183,-17.875
12.967,-5.2951
-10.655,-2.5487
6.2732,-5.6811
2.7519,-0.008569
-18.55,-8.3731
-0.060758,-11.042
-0.3034,15.21
-19.356,-4.2002
10.54,11.115
16.591,10.788
10.732,-11.104
9.0302,-9.5537
7.7708,-0.67497
7.6286,8.0708
5.5527,11.263
10.401,2.3993
2.9472,16.061
4.0718,2.4917
10.442,11.042
-11.427,-7.7178
7.6777,17.584
11.251,1.915
1.386,-15.604
-10.724,-16.693
10.424,8.15
8.1168,-0.17004
7.1846,1.923
0.77399,16.574
7.0415,-16.531
9.2015,5.9378
8.933,7.6444
-1.7485,0.29968
12.631,-0.25048
-5.3778,-5.893
-19.584,-11.182
-18.138,-6.541
8.2749,-16.4
-4.6278,-0.55748
0.56412,12.124
-1.9191,-3.4041
-17.326,-5.6906
15.32,-0.95458
0.68469,2.4163
-16.965,-12.059
5.197,3.1876
10.304,-4.587
6.5049,-5.6116
-15.666,1.0036
11.582,3.5504
5.6525,2.6741
6.6974,-5.6422
8.225,5.6145
1.0193,0.68242
10.807,-11.098
10.84,-11.112
-10.021,-6.1749
-3.7395,-8.3893
8.2734,0.25076
5.7641,2.896
-0.32736,3.1849
10.552,-4.9363
0.94677,0.61898
2.9425,2.7357
-8.8515,-9.5489
-21.856,-5.3194
15.057,3.7128
-0.15653,-6.06
12.137,-11.001
-20.302,-8.6115
-19.678,-11.213
-3.3626,-9.4664
-3.0106,-16.42
-8.1663,-14.003
-19.621,-11.127
-20.846,-9.4449
-0.082113,5.591
-3.8737,-17.652
5.2121,5.5622
4.5164,16.464
10.422,10.815
10.493,11.104
10.377,3.8946
-2.5942,-9.0219
-2.5166,-12.803
15.476,2.7111
9.3515,-12.616
-7.2403,4.1278
2.7205,13.925
13.434,-3.1105
-0.91276,-17.035
1.6563,-16.784
1.1589,-0.91323
16.245,8.2038
-0.7665,-11.472
-3.9015,-0.49281
0.037737,8.8368
8.9406,-8.8982
-2.8306,-8.9557
12.186,-11.001
5.4456,22.189
12.071,-4.9675
0.77439,13.188
5.8179,5.0847
5.6793,5.5552
7.9079,7.6792
2.1347,-4.5554
-11.27,-9.379
-1.0737,-16.962
-6.9797,-15.523
10.593,11.345
9.542,-0.37312
-20.083,-10.952
7.9674,-2.8169
-5.5633,14.118
13.116,-0.30313
0.042643,-10.989
0.59173,16.465
-0.66888,-16.809
10.625,-16.253
-10.722,-16.583
-1.9003,-5.9574
16.578,-0.026039
10.767,11.015
9.2935,-1.1448
-0.86609,17.513
2.6322,-8.4827
-1.7682,-12.142
-4.5011,-18.104
9.0364,8.9683
7.2618,6.2358
-10.443,-16.643
6.6085,-16.72
1.9175,-10.371
15.576,8.8542
0.82326,6.0249
-0.06218,14.167
11.838,-3.2175
16.524,-1.091
-18.138,-10.205
-1.5639,-9.416
15.405,-0.89285
2.9203,-13.615
0.79686,11.401
-7.9718,-5.1316
-2.7547,-8.401
-0.27045,-17.835
17.896,1.5447
11.177,1.8215
9.7831,5.542
-3.81,-17.764
5.3062,-16.681
16.77,8.0437
16.314,8.0545
-0.041231,-12.568
16.742,8.1202
-10.518,-7.3242
-1.1633,-14.023
11.47,1.7544
0.53551,-8.5546
15.22,2.7642
13.723,5.9377
-1.7222,10.232
1.2238,-1.0814
-0.25766,-5.6957
5.5259,22.221
-3.3112,-9.2048
-2.5481,-16.951
-7.2558,-10.877
5.5265,22.206
7.3811,7.7158
0.99468,4.3601
-5.4574,-5.4482
0.89787,7.9589
-10.726,7.526
7.3438,18.432
4.7725,-16.043
-6.8279,-17.046
9.2225,-9.6219
6.4396,1.9368
11.188,6.0072
11.845,2.9734
8.334,-11.403
11.705,5.0345
8.3072,10.531
11.398,6.1381
-0.19955,-8.5205
11.181,-2.0654
5.6692,22.242
-7.9077,0.32052
-9.196,-10.79
-10.013,-10.975
15.786,6.5362
-21.257,-5.3558
-11.408,-8.4065
10.829,-10.986
10.814,-10.971
10.72,11.352
10.71,-11.011
1.9649,-2.9901
16.541,-0.060177
16.541,-0.060177
11.164,6.145
-2.5366,-12.959
-8.1802,-13.72
-2.4675,-8.6797
-2.0363,-9.7954
-22.091,-8.9991
0.27702,11.728
-7.9555,-6.6157
-5.5498,-11.25
-11.695,-5.69
-10.649,-16.684
11.482,11.03
0.098665,-11.062
-10.8,-10.783
13.05,-0.66784
-18.058,-7.0151
5.9961,5.9736
8.2136,-0.24325
-4.5412,-12.349
11.709,5.0335
6.6833,1.2985
14.946,3.4897
-3.0444,-9.4058
16.212,3.5245
-0.2278,-11.749
-0.31335,-8.3273
11.117,-1.9625
10.68,4.1594
-16.593,-2.7182
10.934,-4.5633
11.24,-3.8367
8.8825,17.521
-0.39775,-5.6944
-1.8955,-1.5145
-11.217,-2.539
9.1526,-0.10975
9.4224,-0.27786
-8.6859,-11.448
8.9715,16.404
10.514,11.388
-10.234,-7.3051
6.2619,-5.692
-15.892,1.0536
0.76016,-11.661
-16.128,0.89081
-11.207,-9.4308
1.8615,-2.2812
-10.551,-7.3864
0.79444,2.5997
1.9842,-16.824
16.878,0.37229
0.52648,7.0703
0.35249,-9.3356
6.8268,-11.074
10.254,-3.789
1.4754,-2.9113
-8.9489,-12.292
1.9764,6.8075
9.0129,8.8743
0.72486,11.622
10.42,-17.025
-3.653,-3.9617
6.8328,-16.005
10.935,-0.58339
-7.2268,-0.61184
-3.8354,-0.45081
-10.674,-8.3338
8.4281,17.154
9.9037,17.13
11.419,3.8184
0.073481,5.4913
5.7091,-0.22038
1.0334,-8.0664
-19.436,-7.4638
0.092143,5.5112
2.6761,13.972
1.0712,-5.7999
12.766,-4.1879
-0.64775,-14.292
6.5569,-5.5118
-0.28465,-5.4652
1.2833,-14.56
1.8498,-14.419
9.1371,-10.021
6.4244,2.5619
12.179,4.1966
9.7117,17.108
8.8425,-8.3638
16.751,0.22275
-18.708,-7.2679
-17.532,-0.34772
-2.7912,-14.073
13.936,10.39
11.133,1.8445
5.2316,-16.768
-8.3631,-11.266
8.8138,9.0244
0.63154,5.9926
6.7231,6.7625
7.2276,7.1704
1.9239,4.0048
-8.5699,-10.566
15.667,6.4244
8.2237,0.16581
-7.8074,-6.3056
8.7508,1.4583
-0.74343,18.617
-0.29328,-8.2841
6.7813,-1.404
8.4288,19.78
-0.88034,11.845
11.38,-4.223
-17.809,-8.0915
6.3197,2.6376
9.2149,1.4491
9.5715,-12.317
8.2004,-8.6442
10.842,10.919
8.3452,-8.5854
-20.035,-7.1297
8.947,-8.2028
9.884,3.7605
12.671,-5.1723
7.5564,-10.221
9.364,-1.1077
-3.4471,13.825
10.931,10.791
14.185,7.761
11.23,-2.4023
-0.07445,-11.109
-8.2993,-14.39
-8.49,-5.8717
1.0897,18.817
-4.055,-17.518
-0.88967,-3.9278
-0.53843,19.184
-2.8447,-7.3573
-10.211,-9.71
-10.858,-8.3099
11.244,-0.84003
15.149,7.2961
-2.2182,-13.264
-10.762,8.009
7.3592,22.053
-10.65,-7.2613
10.432,-5.0437
-10.305,-7.6016
5.5435,22.177
11.196,-4.7737
11.203,-17.058
14.919,8.0862
-0.23482,18.442
8.837,-8.6106
9.1485,5.3033
-10.823,5.9452
16.716,8.2845
-6.1837,-11.424
-17.508,-0.18631
1.7665,-5.7735
-1.5402,-6.7831
-6.5118,-2.083
8.2621,8.0807
-10.321,-1.0035
1.7365,18.705
10.172,4.0328
-5.5729,-8.4687
11.208,-3.2347
-11.696,-4.0307
5.6317,22.198
16.487,-0.033542
-2.6634,0.010558
-11.476,-5.2766
8.0523,7.2369
0.24352,-10.791
8.3683,15.257
5.9735,6.0891
7.2717,-10.608
-4.1554,-4.365
-3.0234,-11.804
-5.5496,-8.4603
11.862,10.551
-4.425,-8.2777
-6.5113,-18.701
13.956,5.805
10.989,11.009
-7.336,-1.7478
-4.9439,-5.2977
-3.6767,-7.1115
-17.494,-10.376
1.6876,-9.0015
-2.8328,0.23065
5.1974,14.193
2.749,16.741
5.4841,11.197
5.9266,-3.9166
5.5552,5.6998
-13.718,0.39382
0.35387,-6.1005
9.3897,6.1939
8.1009,0.62835
-1.4077,18.492
5.6815,-2.7496
5.4477,11.179
8.232,-12.003
7.6734,-10.166
0.94943,11.387
-2.0148,-1.258
11.067,8.3619
1.5081,-7.7237
-5.2537,-11.453
11.181,-4.8793
-8.5301,-11.419
15.101,8.0766
16.154,-2.193
-5.1306,-11.189
8.3367,17.06
8.4666,17.191
-1.1657,-16.593
16.582,-0.041421
5.5824,-0.11397
14.099,8.0542
-2.7843,9.114
10.77,3.5218
9.9001,16.617
10.745,-3.6358
5.7092,13.913
-3.9988,-6.8004
15.752,-6.4249
7.2324,-2.335
10.937,-0.58076
-5.5755,-8.3996
-9.0885,-11.26
-0.046521,-11.009
3.0029,-13.797
10.759,1.8525
1.9517,-8.7098
-21.846,-5.3049
-1.0509,-16.329
2.8174,0.075958
7.6947,12.852
6.8354,-9.3294
-1.4093,18.444
2.7236,-13.63
-17.037,-5.5066
7.7215,16.614
2.3813,7.6116
4.9438,14.445
5.8801,5.662
4.7966,-1.9207
0.86593,-8.7803
7.473,21.754
13.837,6.0846
-11.503,-5.3461
-7.8935,-14.589
-0.04832,-8.9565
7.3854,3.6722
8.3797,0.51886
10.572,1.1133
2.2521,16.286
5.4572,11.042
-0.047269,-8.7643
-0.54052,4.7957
-1.5956,-7.9663
13.707,5.5503
5.944,5.8209
-3.7341,-3.8374
-17.887,-5.527
-11.55,3.9236
16.687,9.7313
3.3575,3.9916
-1.8987,14.385
-2.6602,-13.837
1.949,-10.337
-10.408,-7.7999
11.25,1.774
-15.9,1.5159
0.012212,4.8718
-21.857,-5.3226
5.3209,5.806
11.5,10.652
1.873,-16.931
6.4919,-2.6866
1.4754,-13.887
5.2352,16.673
1.8437,6.7891
5.4534,22.103
8.2496,19.26
-0.039294,-11.115
-3.3934,9.2222
5.4123,11.167
-6.5134,-18.673
9.0433,-0.57507
12.11,10.279
5.6639,2.5653
-2.1199,-12.936
-9.724,-2.5917
-22.095,-8.9033
7.985,-2.7528
14.108,5.4746
9.7255,0.32548
0.11404,12.929
6.5537,19.061
-10.585,6.0129
-11.299,5.3578
-13.073,3.5645
-5.7213,-11.635
5.8867,5.36
-11.171,-2.3875
6.9313,-12.822
-16.601,1.4624
11.272,1.9187
-0.34666,9.5632
1.4103,5.9314
5.6898,11.09
2.4117,16.34
-0.0096097,2.4582
12.159,6.8033
11.109,-2.394
-7.4786,7.3087
-10.539,-11.059
13.865,8.3874
-8.3119,-5.6772
15.858,9.2134
-2.9551,-11.691
-0.00078985,-15.482
10.758,-11.056
2.6819,-5.335
0.026126,-11.1
10.43,1.6186
7.6736,9.568
-2.7697,-13.852
9.8731,16.626
9.7033,16.685
7.0764,-5.1961
-9.7221,-9.9825
-0.048477,12.595
11.444,7.7338
-13.743,0.012031
17.776,1.4525
5.6764,-0.18668
-12.242,5.5257
-0.1905,-13.947
10.267,9.1201
13.971,6.0649
3.9401,-14.984
12.298,-0.60184
-14.194,-8.2528
-2.1084,18.062
15.783,-6.3084
11.025,-0.41834
15.462,-1.7684
16.601,-0.00010327
-5.449,-11.19
10.102,7.662
5.5309,11.234
0.4231,-16.172
-0.83861,5.3725
-10.368,-7.5381
0.38681,-2.9275
11.235,-3.9673
8.5512,-2.1853
-3.531,0.43462
0.16906,-15.837
5.4021,11.412
-7.246,4.1302
7.9279,7.5733
7.4165,7.9017
13.812,6.0197
7.7684,-2.8938
8.2957,0.31703
-17.191,-2.8168
14.946,8.0222
13.826,5.4203
0.20949,-2.8372
-10.773,7.9039
-16.83,0.83129
6.5379,-5.598
-0.16702,2.6568
17.79,1.4667
5.5407,5.5542
10.528,-10.635
8.3332,5.5112
1.5934,2.1637
-11.471,-5.2731
-0.17644,2.7013
17.097,8.8073
14.093,5.5351
11.123,-1.8348
-7.5683,-0.6966
10.227,1.0587
-5.7502,-5.7776
10.045,7.7318
-8.2771,9.5682
-10.239,-6.1789
8.3314,-0.32411
-2.0603,-9.6247
-6.0997,-8.2003
-8.3559,-5.9882
4.4171,7.1856
8.3339,-11.631
-3.7324,-0.42165
5.421,5.2338
8.948,-8.7545
5.2822,10.905
2.6579,16.577
12.041,10.868
1.3438,-15.391
-6.1402,-5.1725
1.4335,-10.529
1.9411,-3.0595
6.6364,9.844
12.699,-0.36273
8.2619,17.278
-0.046002,11.947
0.092301,-11.247
11.087,1.6786
-0.031978,-2.7758
-8.8348,-12.571
0.053195,5.5028
0.50629,-12.925
0.0057695,6.2738
-7.6496,-14.592
11.123,10.898
10.829,1.4048
-11.355,-8.5244
-0.53109,19.166
12.134,10.049
-1.0086,-5.4014
1.6787,4.6197
0.10618,5.0522
5.3055,-16.718
-0.14356,2.7221
11.166,-4.6062
0.21643,-13.563
-13.069,6.2338
17.998,1.8491
8.7293,19.559
8.2319,-0.21878
1.4678,-1.5932
-6.1626,-0.29799
-7.7863,-11.504
-1.3935,-12.618
0.28744,-16.277
0.33846,-6.5167
-4.3667,-0.58466
7.816,19.931
-12.076,-2.2531
0.84056,-15.049
8.0026,-0.10919
-1.8519,15.849
-7.5383,4.3392
0.52194,2.9203
-16.593,-2.7182
-5.6036,-11.336
-9.0955,-0.31183
-4.7236,-9.1806
1.4182,-13.815
-0.26032,12.726
0.27366,-15.892
15.322,8.433
4.6194,2.6865
-13.737,-0.019181
-16.073,-3.1999
6.5797,-5.2707
0.86714,3.7983
10.194,3.7387
5.6302,2.1384
9.2145,6.1711
-16.415,-6.1705
12.707,-0.2281
-12.865,-0.32988
5.786,-16.741
-1.1385,-11.437
12.471,6.9697
-10.512,-6.8377
4.7586,-15.629
1.8802,6.4083
4.9148,-2.3601
12.583,7.1727
-5.2633,-7.2091
12.002,-11.185
13.839,10.44
-13.251,2.7996
5.4912,22.207
1.088,0.96367
-4.5433,-4.6749
10.595,11.159
12.13,7.8489
6.0353,0.14465
-9.5392,-4.6588
1.6533,1.8587
12.079,-11.138
-16.122,1.1729
6.6689,-16.749
-13.875,-0.29615
9.5199,-3.6451
2.355,-10.411
7.3664,21.116
11.06,7.3516
-15.792,3.2926
15.04,7.6772
-14.443,-8.1168
15.762,-6.3143
15.954,6.2355
2.3241,6.0022
-2.3673,-13.01
-2.7096,-12.938
-6.0078,-16.624
-9.0228,-11.27
11.292,6.1637
-13.565,0.047164
11.301,11.258
0.13894,-9.3195
0.26074,8.6403
8.3026,-0.18994
0.16911,-2.2576
-7.9147,4.4537
5.642,16.85
-3.3545,-9.7261
-11.049,-9.2645
-14.865,-2.188
12.052,4.6641
-11.481,-8.8785
-2.4849,0.082529
11.318,6.791
-1.8106,-12.793
6.9737,6.9906
-0.81471,-5.5488
-10.977,-4.593
-7.2257,-12.971
10.086,3.8732
6.7829,-16.74
-6.1035,-5.9543
1.9262,-10.393
9.7829,2.27
12.341,9.8804
-8.6684,-6.276
-8.4232,-11.115
-3.7591,-0.46523
11.373,7.8558
11.306,-2.2449
-7.9867,-5.126
6.9985,-1.2452
12.602,-1.8254
9.51,16.781
-15.666,-9.4387
12.821,-5.1723
-6.4766,-8.0512
0.042485,-9.4663
6.4481,-4.8471
-3.8571,-8.3323
9.4564,1.7634
10.042,1.7037
10.371,2.4806
9.1809,1.5465
13.899,5.2651
5.4559,22.164
6.8656,13.39
-5.3844,-1.4819
10.198,11.141
0.26359,16.772
-10.588,-16.618
8.1796,-9.8394
0.086832,-15.514
9.1935,17.951
7.3448,19.315
2.884,19.843
15.526,-3.1284
-16.495,-6.1175
-0.087868,12.567
4.2706,4.1443
-0.82151,-12.785
15.492,-2.9038
10.106,-12.503
-3.8676,-0.54981
9.2908,-7.786
0.020673,15.642
12.165,-11.022
16.7,9.8429
12.464,8.0918
8.3164,-1.3606
11.082,-3.2182
-6.9374,-13.098
9.898,-5.127
-11.074,-10.778
17.976,1.8037
3.0593,19.139
-15.415,3.3417
-1.7481,0.19595
0.69045,16.206
11.538,-3.742
9.4021,-4.8699
10.461,-3.0937
11.921,-2.8596
-4.1003,2.6742
-0.25827,-8.3009
0.13454,-2.8173
12.168,10.103
-5.7874,-11.518
-19.461,-11.198
-0.045892,-11.072
0.16572,8.8821
5.2663,13.995
-11.885,4.1722
-4.4491,0.69011
0.15619,-11.397
-5.0576,7.6773
10.796,-11.071
-9.3604,-2.8947
2.4391,-8.3326
17.923,1.6535
-1.1416,-4.7197
5.7749,17.395
5.4232,11.226
5.528,11.244
-2.7563,6.2805
14.954,7.8757
2.7424,-0.0087702
7.4601,-3.8073
5.6194,11.165
10.981,11.143
16.389,-1.401
10.62,1.1497
8.4026,0.27469
-7.6557,-11.438
2.171,6.0544
-18.306,-4.6561
-3.0014,-9.4837
5.3876,10.875
-0.19086,-8.4772
-9.5255,-3.0212
1.8582,-17.366
5.4902,11.156
-1.0574,-4.6421
8.7918,5.6492
7.4663,-3.438
7.8566,16.978
16.372,-2.6571
0.60993,15.885
1.2437,15.346
0.29749,16.595
9.8955,5.6038
15.855,9.822
-1.7765,-17.087
-10.711,-15.238
0.28347,-15.916
-6.0967,-5.4767
2.7629,19.607
-1.6737,18.474
-5.558,14.09
-1.8736,-17.134
-17.292,-5.1054
-3.1207,-6.5641
11.083,6.0121
0.72982,-6.3366
6.1079,-3.9345
10.526,11.009
-16.393,-6.256
9.0777,17.772
-8.3902,-0.34783
-11.735,-3.657
-5.8311,-5.6415
9.1782,-4.1827
-15.983,-3.1379
11.367,10.849
-19.558,-7.0532
-0.70238,-17.423
-5.5717,14.133
10.816,-10.94
10.946,-4.8201
-0.73887,-6.414
-10.231,-7.8718
10.62,8.7571
-0.3005,-5.7747
-1.7313,-4.9256
5.6041,11.103
8.2485,-11.369
-5.5025,14.552
1.3056,-3.4591
-3.3511,-9.6675
2.4032,-17.493
6.7881,10.058
6.0618,7.6761
7.1852,9.5712
7.4972,-16.164
5.1445,-16.682
-7.467,-11.854
-4.997,-5.5837
10.709,-5.2759
8.2902,5.3593
-9.1037,-0.29183
-16.437,-6.0384
2.5251,16.478
5.5191,22.199
-1.6558,18.508
-1.2915,-5.032
0.97535,-9.2301
-16.96,-11.973
12.705,-6.3644
-10.5,-7.2509
2.2788,-8.948
-3.9833,-4.4164
5.7574,11.059
16.48,-4.6961
-5.9747,-4.9857
8.6528,21.991
10.6,11.295
17.819,1.9281
0.20504,-10.995
10.789,-2.8055
5.3958,10.967
-5.9181,-5.7968
-3.4732,-7.7197
-3.7578,-8.0558
-13.165,-1.1192
2.9988,-5.8518
2.543,2.9223
2.6704,3.1207
-9.363,-2.2066
15.701,-1.322
-0.91468,4.5985
13.195,-3.6958
5.287,6.2472
-0.34744,-2.4118
-3.7436,2.1202
0.20507,5.6179
5.6054,22.097
0.88119,3.8672
9.7436,-12.617
4.7907,-2.1036
6.4024,-5.6538
5.9024,-16.839
11.708,7.2788
11.252,10.873
0.11102,-9.1675
-1.7523,17.874
2.3554,-5.8088
10.558,-4.5642
7.4735,-3.816
-0.34751,-8.3775
-3.9245,4.7665
-2.6057,0.1107
-2.5709,-0.069494
7.4738,-3.815
2.0254,-16.062
-0.49291,11.367
-1.606,10.355
5.303,-2.9065
5.3193,4.9013
2.4944,-5.2649
5.6895,5.1408
-1.7655,-16.86
0.10716,-6.0649
0.59001,-8.0222
10.529,11.185
5.1455,10.833
7.5334,9.6563
-0.36976,3.4141
-0.13794,12.355
16.628,3.7862
-13.357,4.9646
10.676,7.0161
3.0899,16.11
-0.027486,12.564
-6.5363,-18.743
16.52,10.75
9.5807,-3.9232
5.2253,11.214
1.1849,-1.066
6.5396,4.8196
2.5894,-0.013079
4.967,-2.7772
-0.061516,-11.275
12.198,-10.994
2.5187,-4.3668
6.9416,-1.4532
-4.6242,-9.1362
-6.4151,11.077
12.394,-5.8981
-0.10013,-10.935
-10.825,5.9477
16.598,3.9599
7.4126,1.8664
13.214,-2.6428
15.508,-3.1614
11.307,6.7608
0.31315,4.8752
10.558,-16.873
-21.784,-5.3302
2.4279,-17.58
0.87184,-2.8555
-1.5891,-15.489
12.684,9.7185
16.222,-2.2916
-15.773,-2.2563
-1.5412,-11.716
6.229,-5.6154
7.9593,-2.7866
-2.3943,-16.871
1.6949,7.3012
-3.1803,16.271
0.021277,-15.421
5.5901,16.799
11.043,2.8513
6.3058,-5.6786
7.203,-2.2304
-2.053,-5.2567
-8.0984,-5.1336
11.381,7.1296
11.613,1.7445
-6.2798,9.0795
-0.55662,5.9036
13.185,7.4465
8.8471,7.6396
-5.6463,-11.414
4.8288,-15.359
7.6834,-15.993
5.9532,5.8053
6.6207,13.436
-0.26388,2.9654
1.8777,0.89543
-2.8254,-0.082509
-1.5964,-11.717
-0.62241,19.155
3.8959,5.7581
12.964,8.7185
10.74,1.5909
-7.2994,-1.7001
4.7935,-1.7065
0.22213,12.726
-9.0449,-10.786
0.56968,-1.7528
1.1169,3.8777
7.5517,-9.4469
5.4517,11.226
6.2814,-0.069154
-1.7285,-7.8367
-5.1551,-16.149
-2.8973,-18.123
5.7072,22.239
-5.3723,-8.3475
10.278,-11.402
5.1411,-2.9289
-0.31811,-17.989
5.5631,11.257
6.8456,22.305
10.532,-11.405
-9.348,-2.3272
-5.3554,-7.6809
-2.6931,-0.056605
-10.787,5.8967
-13.53,-1.5587
6.856,-1.4038
-5.4982,-6.8318
0.038842,-2.7958
0.5952,3.0889
-11.68,-3.5858
7.8763,19.72
-9.6879,-0.72638
7.7608,5.8161
8.2575,3.5616
10.438,-3.5466
0.76431,15.999
16.521,10.936
1.677,-16.303
-0.15214,2.6749
-0.42996,18.339
5.4151,6.0959
4.8687,5.6264
9.7319,5.184
5.2876,-16.598
-18.496,-11.166
0.11227,-11.187
8.0128,8.3568
7.5904,1.3201
-11.865,-2.5261
11.676,3.3648
-17.432,-5.6848
8.2521,-2.1917
0.4933,-3.185
10.777,-10.925
1.6421,-13.618
8.3393,0.34153
7.6516,19.292
5.4105,16.68
0.035249,-9.0419
5.5964,22.169
5.6241,22.233
10.581,-4.8127
11.729,4.9697
7.0322,22.253
5.5187,7.7232
-1.8159,-16.966
-11.617,-8.0593
1.5534,4.664
15.759,-6.3151
-18.184,-6.3511
-17.677,-10.534
0.6397,-17.015
2.7583,8.3008
7.3307,22.059
4.2939,3.0564
7.8832,6.2424
14.606,3.8576
0.49277,-11.693
-22.071,-8.2814
0.39322,-11.179
1.9538,-16.854
-16.107,-1.1293
13.182,-3.6747
9.3486,6.6274
-19.367,-10.781
-6.2954,0.096523
-19.347,-7.0271
16.56,9.4043
-11.057,-2.2729
0.2578,16.553
-13.623,5.7538
10.442,-0.14081
6.8402,1.6362
0.8163,-16.812
7.3807,-12.472
0.022028,-11.038
8.0844,17.058
6.4792,-5.387
7.3396,21.466
-10.737,-11.356
9.105,-4.8949
8.2863,17.516
1.0393,-9.0064
-0.012268,2.4405
5.2284,5.7226
0.042297,-10.889
-10.783,5.9192
0.50342,16.331
-3.2188,-6.552
15.852,-6.1515
7.4077,21.899
-8.1162,-14.222
12.142,1.6444
-10.526,-8.071
2.6499,18.841
7.229,-4.6469
-17.015,0.39835
-5.8319,-11.43
-16.555,-6.2129
7.3236,22.028
4.7975,-1.9289
1.5907,-1.872
-0.1058,-13.865
-5.067,-16.266
0.025023,-10.957
16.528,10.889
-10.828,5.8871
0.033298,-2.8072
-1.0287,-14.445
17.24,6.9933
8.4606,16.228
-1.6075,16.506
5.6534,11.22
-11.474,-5.2739
-17.548,0.14782
-3.1015,-9.6719
6.3964,-5.6264
-1.4105,-5.9813
1.0009,-7.0898
-10.39,3.5094
7.1747,22.248
-2.6102,5.3922
1.231,-10.312
5.5856,11.171
-2.2311,5.9182
-6.7836,7.8332
2.3053,9.5007
-10.594,3.7183
1.6691,15.871
11.694,10.742
2.5325,-5.5914
8.3528,20.171
14.569,4.9201
14.242,5.5296
10.435,11.241
14.868,8.0784
6.053,8.1327
10.646,11.436
6.127,7.8168
-9.8379,-9.8747
-7.5347,-6.5917
10.579,7.0793
-13.428,-0.342
-2.6939,-14.001
11.071,8.4625
7.6647,21.222
10.699,-11.245
7.1985,-4.9165
1.1326,3.7925
-10.62,6.6497
0.66213,3.2766
6.1886,4.0011
16.554,10.628
9.9843,5.8248
-0.38544,-5.7255
8.136,-0.0065256
0.23673,12.794
-0.066756,-10.976
-4.7002,-0.5641
-13.11,-7.5547
-3.6407,2.7095
-3.5429,-6.6228
1.493,2.0518
-2.6096,0.12026
-3.3993,13.257
7.4752,21.751
-6.5428,-18.682
7.4981,-9.0313
9.8542,17.277
-10.941,4.881
-0.34419,6.4412
4.9099,5.5162
-0.059663,2.5754
-17.03,1.9422
5.6251,10.845
0.19099,-15.874
16.581,10.624
-5.5579,-8.4473
2.3334,-8.7221
-2.7498,0.10455
-5.5756,14.167
4.7497,-1.8391
5.1162,6.027
1.5909,15.582
-5.5482,14.164
1.4687,-2.3525
-8.6912,11.352
11.289,10.133
-11.622,-13.861
0.11017,5.4647
11.083,6.0968
0.38415,2.6917
-7.5712,-5.0407
-0.054973,-11.147
-16.543,-6.1657
-7.7402,-5.1628
1.4602,1.2203
5.4516,10.935
-3.4706,0.52856
-7.8125,-5.2286
8.3944,21.93
16.603,0.053306
-11.262,-5.2867
-5.1671,4.6185
3.1166,16.608
-9.1804,-2.2075
-14.04,-0.41931
11.705,3.103
1.3559,-1.6263
-6.0309,-5.8854
-14.337,-0.66348
0.93913,11.445
10.534,11.303
2.7023,2.9183
16.635,10.596
-5.394,-2.8088
10.261,1.6562
0.024997,-2.7859
2.0619,-4.7062
-0.35943,14.807
0.017906,-2.8049
11.151,-17.017
-7.5357,-11.742
-6.802,7.8075
11.785,3.5269
-7.9086,0.41541
11.099,6.4317
0.16637,-2.2709
-0.057242,-2.7464
0.72899,5.9739
5.3716,10.954
0.37625,16.656
12.441,-5.9159
1.5735,-4.0451
16.601,-0.026256
8.7725,17.411
5.5031,11.276
2.8258,-8.4572
8.0337,15.882
7.3066,22.069
12.126,-0.13985
11.191,7.0503
0.12528,-11.057
-4.9059,-3.218
0.12783,11.785
8.3104,0.3869
-0.095734,-11.071
2.477,-5.7611
-3.9801,-17.738
13.114,-6.7768
-10.791,5.894
-7.7623,-5.0395
1.1406,2.4932
16.015,-2.1255
-5.7273,-8.9314
10.452,9.9274
10.716,10.337
2.3846,-8.3085
0.049624,2.3922
9.3315,15.908
9.3315,15.908
-9.3525,-9.7132
-7.9441,-6.2003
-8.0563,-11.952
-13.577,0.035437
-1.6092,-12.748
12.064,4.6218
10.802,10.632
1.7101,-16.495
-0.7534,18.45
9.5183,17.451
-0.085164,-11.061
2.387,-10.115
9.2686,5.1396
0.18558,8.8692
5.5401,0.043646
-8.5076,0.048193
11.149,-1.9623
-11.881,-7.0119
-19.267,-10.84
2.2578,-4.78
-3.2602,15.158
-7.8426,-4.9954
0.89337,0.58477
8.4498,19.477
8.5785,8.6771
-2.6499,-0.23927
-0.026327,13.35
0.22537,17.189
7.9595,16.37
-0.016482,-2.7972
6.7935,-11.12
7.2955,22.011
-3.0658,17.059
6.9271,4.1168
10.374,-3.4218
2.523,-5.8033
-0.10659,2.5753
3.8263,2.8692
3.9683,-14.83
-18.465,-6.4846
-0.032467,13.38
16.627,10.963
-4.7424,7.6659
-0.14549,-10.939
8.2696,19.736
-6.2359,-11.834
3.8983,5.8173
-3.9257,-3.3449
9.4201,3.459
11.661,5.1407
-11.161,-2.378
1.7275,4.8172
9.616,5.7473
0.042879,5.4996
1.2292,1.5023
1.577,5.8712
5.5703,-0.51026
4.9459,2.9407
7.2715,-14.832
2.0568,2.3685
8.7865,-0.29609
-16.416,-6.2523
11.435,10.567
4.1659,4.2261
-0.53624,-12.879
8.1318,-2.5553
-3.7589,-4.2983
-4.9908,-16.257
12.704,-5.0038
-0.080132,-11.014
-1.4904,-15.433
-1.3986,-15.454
8.2343,0.13079
-6.2513,-8.16
8.2912,19.755
7.2879,-4.3816
0.089388,-2.8143
8.2326,-16.46
-7.3945,8.7976
-0.16918,14.216
1.9861,-2.9799
0.79242,16.172
-11.266,-8.694
8.2118,19.684
2.4952,18.902
-22.083,-8.942
-11.086,-15.932
5.1815,11.062
4.076,9.8394
5.4159,22.196
11.244,-4.2349
-9.7693,-0.69783
-5.7577,-11.402
4.578,9.0011
12.168,10.156
2.3692,3.4679
10.624,-5.2223
-7.9216,-11.841
2.2009,-5.6352
-7.493,-11.918
-0.21225,-8.4326
2.2021,9.6376
-0.24638,2.777
1.4068,-9.7734
8.2365,-14.777
5.5675,11.258
7.7561,-2.5983
9.1644,16.543
4.2368,19.004
11.209,6.2604
2.4449,-8.6145
-6.1852,-0.23547
10.597,11.177
-0.0065274,-2.7865
-7.7807,10.545
5.3698,7.5411
3.1171,8.8623
6.3877,-5.5262
-16.957,-12.117
15.683,6.4207
5.6706,5.1422
5.8162,11.001
2.6271,-5.2703
0.09711,8.2682
11.375,3.8213
8.2703,5.559
10.699,11.095
-0.2554,18.503
16.665,10.459
-0.41642,-7.9128
12.464,-4.0494
7.5353,13.187
11.749,5.0305
5.5525,10.887
8.8568,-11.997
-2.5561,0.11488
-2.5187,0.099651
-0.25193,2.796
-0.27059,2.8559
5.4635,11.306
15.991,0.62246
10.345,-3.6219
7.6008,7.3643
0.73708,6.0592
-1.9564,14.416
-13.422,0.31143
2.8799,3.2956
7.4758,16.743
-0.016746,-2.7857
12.34,-5.7602
-5.6003,10.494
4.5419,2.0102
0.16447,5.3538
-17.189,-5.5493
-6.5256,-11.546
8.3248,5.5414
15.062,8.0209
-5.6162,14.308
5.4638,17.065
-5.9969,-5.8824
-9.0714,-5.4214
1.9873,7.5304
-7.9252,-4.9395
-3.6359,-9.8217
5.6055,16.965
7.7781,8.4201
10.275,-3.5844
2.9002,7.5164
-11.684,-3.0641
-0.14868,-2.9266
7.3642,22.04
3.333,2.8143
-0.7616,4.5486
9.6843,-4.9472
15.965,-2.087
-5.6971,-11.298
7.6242,12.889
7.4224,13.264
0.76672,-11.998
5.5897,11.138
-7.9095,-5.1898
0.166,-2.282
-2.3765,0.19995
-1.895,0.17383
4.2764,3.0475
6.306,-5.6786
2.6349,-8.4905
6.3917,7.3268
0.52521,1.4771
7.3928,-3.2496
12.944,-6.6113
3.0685,19.646
-0.461,-7.9588
-8.4405,-11.903
7.6738,-4.5143
12.121,-11.032
-11.489,-6.5891
-7.8191,-11.591
-15.785,0.65294
8.8093,18.205
4.7953,7.239
5.543,16.978
-0.30395,2.9334
-8.2723,-5.715
-0.11663,12.62
0.5766,3.1507
7.3129,-4.9441
0.97305,18.222
5.5401,11.052
-9.1288,-10.897
-8.1086,-11.094
-4.3262,-8.2654
1.5514,-10.435
-16.804,-6.2019
9.351,5.0885
-5.0106,15.195
4.8452,-1.8346
7.0157,19.262
5.5767,11.275
6.159,7.2218
-11.683,-3.1945
-1.637,-3.7419
5.3155,-3.4566
-2.6708,-0.080098
5.6672,5.4217
-3.8118,-3.649
2.493,9.2777
-10.312,-1.0067
-6.1335,-17.377
10.578,11.381
0.50916,2.9351
15.709,7.0346
5.2781,6.3111
2.7764,-5.7761
4.1165,15.63
10.735,8.552
7.5197,-3.4287
0.31442,8.7284
10.316,11.111
-9.0066,-5.8078
8.3822,-0.083556
-11.111,-1.3901
5.8905,4.9894
5.163,-16.681
-9.7969,-7.8714
-6.0941,-0.27724
8.1483,0.07501
-3.9777,1.7695
-1.3881,-3.9333
11.932,-5.039
-3.4144,13.408
-15.917,-3.1393
-0.026887,-2.7686
10.762,3.369
6.2999,8.3168
-5.09,-11.105
11.944,-3.6073
-8.9764,-9.3457
-1.1609,18.094
9.4995,3.4664
0.57061,3.5167
0.5643,6.5141
-0.030916,5.6428
-11.019,-1.749
6.5616,-16.788
-1.3387,-1.9896
4.4091,14.52
9.5313,16.197
-16.633,-6.2791
-0.12504,-2.5625
8.0863,-4.8045
1.361,15.172
-0.040903,15.699
7.367,13.263
5.4962,22.223
16.023,3.1424
-10.927,-1.9889
3.2345,-5.3916
9.6021,-4.2714
0.1207,-9.2207
-5.7501,-5.8391
-17.699,-10.383
10.98,10.62
10.185,1.6356
0.064429,-9.3576
0.47799,2.5116
0.55184,2.6259
7.44,19.905
5.4378,11.233
2.9972,-9.7681
5.5302,-0.14663
-3.1224,-3.9542
-7.6921,-11.434
-5.3825,-11.248
3.3095,16.258
5.0442,5.7667
-2.1436,16.639
6.5383,6.7594
5.3982,10.859
-0.30802,-2.3958
0.14312,3.8689
10.625,11.357
10.547,8.9801
2.6428,19.794
-1.461,5.0532
10.148,3.8444
-1.7442,0.10141
7.9196,13.243
3.1965,3.3652
-8.8597,8.739
-0.52552,-5.5155
14.557,4.9219
-7.3049,11.744
8.3354,19.29
-14.734,-2.0425
9.5383,16.974
-6.8902,-10.857
5.5437,22.234
0.60853,-4.3338
-8.2033,-0.63106
1.6354,7.8703
6.0108,-16.832
3.9308,6.4113
-2.7892,-11.589
1.5822,-12.36
8.152,-11.967
7.0852,3.1846
15.9,3.2994
3.0551,13.491
7.1999,7.6248
-4.5412,-12.349
1.0902,-7.598
-0.10612,5.8487
6.4625,22.214
5.1887,-2.905
-5.5563,-11.3
-15.111,-2.2495
13.514,0.099604
-8.2599,-5.9401
-10.743,-8.4544
12.221,10.649
12.029,10.982
0.1244,-13.19
3.6388,7.5321
-13.105,3.5093
-2.1548,15.95
6.9147,17.923
7.9864,13.329
11.042,-5.0652
5.4381,11.183
-0.051731,-10.969
6.7296,4.6875
12.105,10.507
6.8545,13.792
7.2308,19.383
2.3167,-5.6191
14.708,3.8596
2.6718,5.7038
-3.3756,5.453
-0.19937,-10.872
4.3392,7.2963
-5.3841,14.822
1.3376,15.27
-0.68648,-3.9829
-11.642,5.2534
8.0268,8.4944
4.5204,2.6704
3.7508,2.9505
-2.9612,16.527
11.4,9.7709
15.675,2.9809
-17.052,1.3754
-16.459,-6.0071
-8.1778,-13.878
-1.4258,-11.477
1.59,-2.4449
-18.164,-5.3356
-7.3235,-15.55
5.3435,-16.699
-11.718,-7.7414
-11.16,-8.4827
0.48099,-9.1083
11.459,-2.4344
-17.374,-5.4059
13.174,-2.6155
13.531,-3.6352
-19.867,-11.161
-14.021,-0.45852
-3.4986,-6.8005
-6.4012,-8.1088
1.2439,-1.0543
5.1499,5.8957
1.6359,-1.8609
-7.9888,9.9591
13.253,0.0069421
8.011,-10.211
7.9876,4.4832
4.8618,-16.145
17.375,6.7258
-7.9539,10.076
-11.622,-3.1898
-21.854,-5.2928
-13.656,6.1275
0.33171,-2.4108
-14.517,-0.86414
13.133,-6.7857
-12.829,-0.52278
-10.663,-8.4098
-15.826,3.2363
-2.5429,0.081363
6.2089,-3.0154
-6.0374,0.17063
-11.468,-4.0455
4.1958,8.9578
-1.3554,5.5845
11.055,-2.3243
-4.4491,4.7259
-6.2347,-11.516
-0.56874,13.024
5.8486,4.1595
-15.795,3.1415
-11.002,4.9147
12.601,9.8627
3.9076,4.2498
14.385,8.3428
6.8544,6.5364
13.775,5.679
-8.626,-12.851
4.53,9.1267
-2.1402,10.474
1.3218,-1.2279
4.839,2.7958
-2.1843,-5.0585
8.0619,-2.6015
2.1738,-9.9519
7.1889,-3.0064
-6.1822,-1.5646
-8.3068,-5.3765
-0.36737,-8.1346
5.4378,0.094687
-2.3683,-12.939
5.4319,15.727
1.8222,16.21
0.64029,-8.0302
-1.1699,-5.8672
5.6485,16.754
-3.0886,-6.5868
5.6948,6.156
-6.5071,-12.917
-13.977,-0.39193
10.586,-4.9328
-11.186,-1.7619
0.093507,3.7271
3.2219,3.3587
1.7863,-5.8157
-10.472,7.0742
1.4989,6.7425
7.3336,13.191
-14.361,-2.1402
-2.1576,-0.94629
-5.9886,-17.129
6.6786,4.6257
-4.1942,-4.1117
5.6753,2.6287
-0.45892,-3.3967
5.6309,22.196
-5.0703,7.7049
-7.3195,-5.6281
7.1615,-1.8248
12.139,10.841
8.8454,16.435
-1.018,-5.0751
0.26742,1.3501
10.981,11.072
0.28671,-11.453
5.3817,15.286
-14.298,-1.8056
-0.16464,-10.962
-2.7315,0.27522
5.6256,-2.8168
5.8211,-2.7764
-11.546,3.8824
5.2177,13.962
11.964,4.6858
-2.4446,0.12798
0.40086,1.2717
4.8114,16.5
-4.8848,8.418
10.828,-0.17833
0.86514,18.139
-4.523,-12.141
3.1155,16.235
5.8041,16.009
-11.895,-7.5303
-9.2609,-4.7438
5.0161,16.387
0.048664,5.6858
-9.292,-4.7113
-0.50413,-12.745
-2.3309,-9.4203
-7.7254,7.2902
-5.0958,7.7839
0.97775,18.069
5.3423,15.205
-5.6123,13.352
5.9936,5.3979
12.302,4.6195
7.3251,13.228
8.1981,19.381
6.3561,-5.6576
-7.6108,-10.72
6.3933,-5.6666
-6.7655,7.8886
-8.9179,-5.0618
15.238,4.2078
11.187,-1.5413
5.09,-2.9351
6.2434,15.65
4.1673,10.104
-8.3804,-13.956
2.6764,-13.813
-22.068,-8.976
-6.2097,-5.8491
0.12177,8.3321
-3.9572,-8.1504
9.2347,16.382
-9.9438,-3.3819
-0.1366,-4.7193
-16.772,-3.1589
-5.9648,-2.898
-1.2168,-0.73438
10.633,8.5427
-10.333,-9.9411
6.7679,9.6904
10.438,8.8402
6.3411,-5.6709
5.9661,9.4946
-2.9544,0.31559
1.8206,0.62921
6.2229,7.982
-10.994,-16.102
-10.828,-11.082
-11.23,-2.7202
-17.721,-5.3848
5.5318,2.7754
0.20426,-5.7219
-4.4403,-18.374
1.6656,-15.751
-7.616,10.685
-5.7339,-2.8501
-16.913,-5.8021
-16.249,2.9156
-11.134,-2.6909
1.2833,-1.207
2.0805,-5.7359
-19.031,-10.175
-17.167,1.1942
-16.745,1.6228
-15.28,-1.5177
1.5944,-1.7257
-0.30252,3.1275
-17.522,-0.048931
7.3408,-14.857
-0.028884,2.4634
-19.507,-5.2658
7.396,-10.658
-15.04,-1.216
-13.683,5.7835
-11.557,-5.5859
2.7688,-13.681
10.767,-10.877
7.3263,-4.7911
1.5934,2.1637
-14.222,-0.50666
10.537,-10.838
-14.029,3.0832
-13.775,-0.33083
-1.0864,-12.599
8.3382,17.158
-5.59,14.157
-1.3869,-4.4268
-13.472,2.6498
9.3844,-4.7083
10.548,11.149
-0.52408,19.091
3.3894,16.788
9.767,-0.36176
-0.0049725,-10.934
-3.2693,5.4531
16.512,10.668
0.1145,-2.8776
-8.486,-0.0027789
-0.73409,-12.75
-3.2431,5.4825
10.185,1.6355
-3.9655,-6.8163
5.2564,11.305
8.4562,10.836
11.109,-2.5002
5.4024,11.35
-1.9679,16.038
10.368,-0.44818
2.2874,6.0657
-6.1708,-0.16472
1.5278,17.771
-2.6034,0.12777
9.4117,16.848
1.5309,4.6094
0.28159,1.2684
9.7709,-12.609
0.48341,16.47
9.6099,2.0933
0.16525,5.6647
-0.26557,-14.165
-2.0018,15.493
-2.39,15.876
-10.842,-11.267
5.4101,10.978
5.7236,22.111
-8.7642,-3.8069
-6.3552,0.018094
0.27258,16.612
-7.7777,9.1964
-5.2037,10.736
-0.42954,15.579
2.4971,19.179
-5.4867,-11.303
-10.279,6.3151
0.81638,-13.35
5.5818,22.173
-4.2457,0.62123
8.3289,19.744
11.612,2.6543
-2.9746,17.255
-2.1547,15.95
6.5762,-1.249
5.5082,11.103
8.2364,8.2595
4.9679,-1.351
2.8412,-16.275
2.0314,4.3431
-5.603,14.125
-3.64,-6.6186
-8.1596,-0.44782
5.7525,5.6013
9.2813,14.093
-11.171,-1.8564
16.739,0.22989
2.7737,14.032
2.2802,9.4853
-2.5813,10.497
3.9891,9.4596
9.2255,-17.845
15.581,-1.8806
9.0695,8.2207
7.3985,21.467
4.216,7.5355
5.9934,-2.6641
-3.0703,17.236
-5.4292,-11.258
7.5623,18.561
0.62716,-4.1426
-8.1244,9.8916
15.223,4.1915
-6.9836,-10.392
1.6666,7.4683
-13.191,2.3375
4.9112,1.7084
4.2604,2.9866
-0.7783,4.7067
2.7469,-14.027
4.192,4.1762
-5.1471,-5.531
-0.32704,-4.8738
5.46,11.126
0.056916,-10.822
-15.084,-1.4098
8.3684,19.432
7.5547,15.527
11.007,1.3281
-6.9836,-10.392
3.0672,5.252
-10.738,-16.588
-2.51,-0.85725
-19.298,-4.3589
5.3426,-16.699
5.3141,-16.684
5.3439,-16.699
4.8954,2.975
-10.989,5.1315
1.8316,-3.0267
-10.738,-16.588
-16.429,2.4629
15.467,2.7142
-17.517,-0.063134
-11.727,-7.6791
-16.28,2.3335
-6.0237,-5.7298
-11.394,-1.3604
-8.3293,-13.886
15.467,2.7142
-16.955,0.86726
-1.8804,-9.7716
-0.23706,2.962
11.09,-2.4743
-18.051,-5.5174
-0.82027,4.5047
0.11188,-11.022
0.11191,-11.022
10.873,-1.6118
11.129,-1.7164
-15.532,1.0644
16.587,0.062207
16.588,0.051224
-17.45,-0.080222
-17.485,-0.11855
-8.7536,-14.031
5.643,16.17
-0.75622,4.3537
-1.8804,-9.7715
-6.6223,-15.357
-0.072468,2.5909
0.034724,-13.689
-13.597,0.43245
-1.4434,-0.11943
9.8456,16.601
4.8196,-2.1432
-2.4372,6.4856
11.023,-4.9008
5.2261,-3.0337
8.6727,16.424
0.18154,5.6797
-0.001264,-15.485
-0.00078985,-15.482
5.2393,-3.0095
-17.618,-0.12123
-6.0712,7.6523
-17.553,-7.2985
-17.256,1.0959
-13.246,2.5264
-20.921,-4.3894
-21.81,-8.2308
-8.3486,-17.164
-3.2664,-7.1602
-1.9716,-9.4338
0.025389,11.908
-8.5414,-13.844
-1.4689,-6.8065
-0.4351,-5.6907
6.0571,-1.8049
2.2385,-5.0617
-19.752,-11.162
7.5016,16.775
-5.8847,-11.337
1.588,-15.676
5.5446,11.183
6.382,-5.5795
2.77,8.1047
-14.819,-1.9479
6.9147,17.923
-7.5479,4.2366
7.4728,19.126
3.649,2.8732
-2.2909,15.662
10.558,11.407
-10.148,2.8001
-16.548,-2.8205
-5.5364,-5.9552
-2.1092,17.8
11.313,5.3
5.6486,13.994
-0.4515,-5.2935
0.49318,18.429
6.5495,-1.1822
-5.4091,-5.6665
-2.6914,10.47
5.6237,10.947
-6.3945,-11.564
6.4216,-5.5416
-8.5748,-0.18739
-8.9696,8.7165
-11.093,6.535
-1.4622,-4.3121
6.4021,-5.3914
-16.656,2.4837
-11.577,-14.077
10.357,10.864
-3.4799,14.046
-1.2284,-4.215
4.1296,9.5014
6.5619,-16.748
6.8483,-16.647
-1.1109,-7.5998
10.565,11.196
-3.3941,14.939
-7.6819,10.724
-14.261,-0.55881
10.518,-10.643
10.829,-10.986
6.8399,-16.624
10.808,-11.202
10.851,-11.125
10.821,-11.148
-14.185,-0.49196
-7.2011,0.58912
-8.063,0.33146
-0.10857,-8.9717
10.54,-10.881
9.252,-9.521
-2.7392,16.753
10.809,-11.08
9.0913,-8.0389
10.824,-11.13
-11.934,-2.3399
-13.657,-0.17136
-11.072,4.8499
-11.921,-7.108
4.1346,2.2624
12.136,-11.03
10.81,-10.996
10.839,-11.028
-14.379,-0.67803
7.6757,-9.8621
-7.3407,7.3467
7.5957,-16.15
-8.4782,0.073772
9.3796,-12.213
7.1729,-9.6973
-17.039,-5.5456
-4.6551,-0.23072
-4.4882,-0.85593
-3.5153,15.028
-11.109,-2.7215
-16.708,1.998
-7.2826,0.51872
5.129,2.5454
-4.1446,-4.4279
5.3587,10.989
-3.3448,14.935
0.0098338,-2.704
-11.294,-2.7934
-7.9974,6.2004
10.761,-11.069
-6.594,-7.4553
12.115,-11.055
-16.773,1.8233
8.8895,-8.7085
7.5054,-9.9455
-0.049173,12.077
9.1877,-7.9299
-6.8813,0.51659
8.5849,-12.224
10.792,-10.957
9.3789,-11.778
-7.35,4.1829
-8.4243,0.17813
-3.5194,0.4499
6.6714,-16.678
-4.3155,-3.8668
-8.4604,0.067227
-6.0093,10.118
-10.923,6.5444
8.4091,-11.343
10.841,-11.166
10.853,-11.162
5.4185,3.7114
6.9601,-12.836
-11.853,-7.1271
7.5461,-9.9815
-16.69,0.77405
-8.31,5.5164
-4.3083,-0.59664
-17.487,-0.15549
-16.951,-12.005
10.787,-11.051
9.5766,-4.087
12.105,-11.091
-6.5967,-7.4562
-7.1517,7.5422
-10.192,6.9903
10.805,-11.103
10.713,-11.002
5.8316,5.609
-3.4702,-0.33047
9.9093,1.0482
-13.406,2.7433
-11.231,-2.6004
16.48,-2.7193
-16.998,2.6205
10.44,3.5991
6.4977,3.7727
-8.7313,9.4008
-11.138,6.6886
2.2261,7.4252
10.674,-10.887
-17.958,-5.9047
8.2073,-16.49
-5.5565,0.48076
-5.6698,0.45121
-14.464,-0.78701
-4.3159,0.66049
-15.602,-2.1579
-0.22833,19.305
-9.0211,8.868
-9.0511,8.8293
-8.8786,9.3045
-13.226,-0.60814
-7.6033,7.1659
-10.756,5.958
15.798,-1.3698
-1.4868,-6.824
-10.962,-5.3606
13.91,5.7165
-3.4116,15.047
-2.4071,-18.419
-2.3692,0.077325
-10.933,-1.9792
5.4787,14.869
-12.093,-2.1484
-11.131,-9.1162
-10.145,6.5397
-2.8748,-0.11487
7.105,-16.557
12.79,9.9059
-1.9021,-3.3444
-16.964,1.1064
-3.636,-0.41046
-5.4347,0.46215
-0.12382,-10.967
-6.7118,0.4824
-13.199,3.7252
-5.2977,-16.768
11.45,-13.453
-0.08425,-11.126
-10.54,6.5285
7.6328,-8.877
-12.899,3.5272
-10.423,-10.192
5.3715,7.538
1.493,2.0518
-17.128,2.0571
-6.3215,-0.14562
4.6829,2.2856
-1.6463,-6.6923
-16.478,2.5644
-9.5354,-0.58998
-9.5086,10.919
-10.93,6.5386
-16.718,-2.874
-7.7282,10.938
-17.103,2.2254
-14.886,3.2554
-21.59,-4.6526
-1.1604,-18.625
5.4339,10.973
-10.944,-11.157
0.81591,-6.2735
-10.85,-10.978
2.8623,0.0029122
-22,-8.3614
-10.735,-10.802
-7.3922,11.353
-1.1789,-14.576
-0.14568,13.332
-2.5767,0.13964
-0.017048,12.6
-11.496,3.6958
0.56091,7.6337
-17.781,-10.437
-7.5067,11.408
-7.5649,10.741
-7.3408,11.24
1.0785,-2.0752
-7.6392,10.625
-17.523,-0.037181
-7.3565,11.42
6.9187,-12.822
-7.4622,11.533
-7.412,11.421
1.4821,-13.938
-15.744,3.2701
-6.7783,7.8578
10.795,1.2499
-13.885,-0.40995
-9.2176,-9.574
8.3707,10.717
5.1756,-3.4614
10.027,16.982
-5.3327,14.884
2.4114,-5.8176
-11.567,-3.2908
-10.476,6.5998
-3.7508,6.9623
-14.933,1.8636
-11.526,-5.1916
10.306,-5.1148
-3.5851,-3.9251
0.16036,16.679
6.4526,-0.14487
1.2638,15.311
-0.080264,-2.6552
11.001,-2.5146
-15.512,1.7748
-2.5448,5.7606
6.4046,-0.44738
9.7336,17.095
6.6932,-0.0569
-5.4328,-11.206
-6.829,7.9309
-5.945,-2.8113
10.458,11.076
-5.9572,0.24273
3.8442,-14.828
-6.7555,-15.178
8.168,19.608
-1.4133,-0.13857
-6.5971,11.28
5.7852,5.8524
4.5049,16.543
-2.1539,15.09
3.3391,17.794
-1.8532,17.984
5.5206,16.895
16.43,10.868
-5.3798,8.2885
-5.3697,8.2877
5.2657,5.0837
10.328,11.097
-6.3179,-2.2734
8.8351,17.079
-17.644,-10.563
15.015,8.0163
6.7156,-5.5939
10.62,11.1
11.367,7.8497
11.367,7.8497
5.7435,5.562
8.9208,16.86
0.38798,15.611
1.9442,17.605
3.9057,6.7422
7.6658,-8.8206
-3.6224,-0.31438
10.926,6.9012
-11.107,-5.4083
-11.502,3.9808
-14.224,2.9121
7.8611,15.009
5.5128,5.3142
-2.6318,10.467
-2.3348,15.961
10.053,-7.3654
-9.6004,-6.416
0.52113,16.15
12.224,-0.69855
-8.422,-16.888
-8.7222,11.384
-3.8741,4.9412
-14.068,3.2429
-9.9521,-3.387
5.5015,-0.15335
-21.809,-5.1308
-10.915,4.9478
-13.413,3.0074
1.0497,18.911
2.621,8.042
1.1398,-10.234
-17.685,-4.8092
-0.07459,-11.494
0.35084,18.834
-3.7579,2.4466
-0.19835,-16.463
8.2923,8.3363
5.4158,16.772
11.163,-4.6286
-1.6763,6.3202
0.11188,-10.98
5.1288,2.5455
16.987,-3.2578
5.4602,11.199
-5.8086,9.9987
-2.4155,16.884
2.7511,13.726
-19.6,-5.6161
-9.2308,-6.2793
-0.55724,11.519
10.578,11.447
5.4714,11.055
-12.476,5.8556
-2.0996,10.472
0.50912,17.145
0.32579,-12.716
-6.4127,11.279
8.2119,16.213
-19.867,-11.161
5.8167,15.94
-16.777,-5.9971
0.56873,16.319
11.77,-2.943
-7.6352,-0.63489
2.6327,-13.985
1.6156,-5.3081
-3.1478,-13.277
-3.1747,12.225
-20.872,-8.6267
-10.999,-16.049
5.5273,4.3252
0.37015,9.2847
-5.4015,-5.3935
5.5379,-0.57376
2.941,0.0023143
1.7647,9.8422
-13.454,3.3609
-8.327,-5.6465
5.3237,16.84
-7.4155,6.8699
0.77432,12.486
9.0697,-0.11477
2.8199,-0.021067
2.7549,0.03588
7.0618,16.886
-9.8984,11.534
5.3789,5.6617
-1.5785,10.41
-0.5601,12.423
2.7029,13.675
2.0663,7.2716
10.999,11.09
-0.68578,-17.376
-1.7647,-16.884
1.4611,-5.7286
7.3797,17.047
-4.1369,-0.62378
2.7441,16.561
-8.5999,11.423
0.094559,5.5098
6.8016,19.234
0.27102,-5.8828
-6.1316,-5.7054
-12.696,-0.5441
10.013,-7.417
-9.8456,-4.1149
6.7001,10.007
12.457,6.5531
0.24982,-2.2165
-20.995,-6.8864
-20.27,-6.6662
-21.866,-5.303
-17.303,1.7722
-19.632,-5.0738
-5.8413,-16.456
-5.6459,-16.628
-5.8586,-16.588
-13.8,0.46256
-11.721,-5.4319
-17.167,1.1942
-15.736,3.2107
-5.6857,-16.602
-16.543,-2.5427
-17.182,-3.1258
-10.896,-11.088
-9.1063,-11.246
-18.385,-7.6747
-4.2482,-18.496
-8.831,-13.801
-16.475,-2.5738
-16.023,0.95158
-16.891,-5.9112
-17.409,-5.4629
-14.83,1.9196
-3.4963,-18.619
13.014,-5.2233
-6.7822,-16.479
-2.5847,-12.934
-13.68,-0.18092
-13.858,-0.26548
-13.786,-0.27023
-5.9777,-16.502
-20.425,-8.2355
-10.966,-8.9809
-10.938,-9.1145
-16.45,2.6043
-15.662,3.2855
13.34,-5.1279
-16.399,-6.2068
9.3332,-4.6848
-0.43919,-13.752
10.689,-5.3938
-21.743,-8.1472
-1.1275,-18.613
-1.1465,-18.631
-11.855,-7.1276
-11.206,-2.8831
-4.915,-16.254
-21.541,-8.0767
-13.127,3.4061
-11.475,-4.1838
-21.813,-8.2318
-19.633,-11.017
-16.567,-6.1499
-16.432,-1.2419
-0.83855,-17.366
-0.98548,-16.295
-5.4369,-11.461
-11.203,-2.76
-11.201,-2.6706
-21.693,-8.1972
-15.912,-2.2966
-22.041,-8.2127
-13.794,0.60401
-6.7917,-11.221
7.2762,-4.7203
-7.673,-11.481
6.3939,-5.607
-2.4238,-12.972
-8.3083,-13.78
-8.2769,-13.667
-21.624,-8.2109
-2.9353,-16.277
-2.7006,-16.363
-5.6571,-11.304
-10.753,-5.4063
0.93528,0.43763
-3.0235,-11.685
-10.23,-3.5818
-16.638,-6.2301
-14.877,2.5625
-3.5197,-17.283
-7.4927,-8.0407
-22.09,-8.568
-14.111,3.2785
-13.525,4.6815
16.855,8.1466
5.0832,-1.1379
-18.851,-10.031
10.11,-5.0014
5.0469,-1.3148
-5.6258,-11.405
-9.6001,-0.66025
-15.07,-1.673
-8.3732,-5.6
-22.151,-8.8809
-5.7902,-16.695
-6.5942,-7.4553
-5.6801,-11.626
-8.1753,-13.727
-16.434,-6.2646
-0.58985,-15.196
-5.688,-8.3258
-1.8427,-17.045
-22.158,-8.6094
-12.832,-0.1217
11.38,-1.4708
-10.041,-3.1871
11.68,-1.068
9.2309,-4.7073
6.489,-5.5089
-0.077755,-13.893
-0.17176,-13.969
6.3781,-4.8909
12.335,-0.58053
2.7276,-13.976
2.6789,-13.996
-0.97645,-16.598
-7.6205,-5.7211
-8.3864,-5.7417
-6.0865,-7.4412
-15.071,-2.3574
-13.466,4.5658
5.1668,-2.8468
15.012,7.3549
9.4293,-1.0282
12.118,-1.4349
6.184,-2.2482
11.224,-2.5239
12.477,-3.0745
12.398,-1.4888
12.32,-3.6111
0.37745,-16.156
-1.0068,-16.23
16.841,4.3468
1.3959,-10.306
0.058639,-10.967
-14.244,2.6762
-6.9261,-3.5126
-14.499,2.7784
1.1014,0.7817
-9.4588,-5.7991
11.245,-16.568
-6.0157,-6.7965
11.308,-16.724
11.361,-16.488
11.209,-16.911
11.209,-16.911
11.18,-17.097
6.7758,-2.4314
6.2689,-2.3035
9.3448,-4.6657
2.8574,0.091836
9.4516,-0.85741
9.874,-0.38743
-10.614,-1.6399
-9.4225,-2.451
16.18,-2.172
16.179,-2.1752
-5.2622,-11.162
-12.495,-0.40674
-8.5654,-5.3516
-1.1222,-16.46
-21.064,-9.3764
-10.645,-2.4981
-2.1296,-16.345
-0.4133,-6.4908
-1.0118,-16.518
-4.034,-7.6045
14.156,5.4821
12.35,6.9856
9.6941,1.0787
15.501,8.973
-7.8553,0.38635
1.8834,3.9742
6.5981,-16.738
2.8682,-13.764
-1.231,-7.3884
2.3721,-5.0472
-10.552,3.5702
10.825,-11.177
0.70468,-6.4337
0.6409,-6.3111
-6.0211,-2.9309
-22.157,-8.8329
-0.0078441,5.7934
12.707,9.9189
8.2298,18.243
-0.038956,8.6879
11.478,3.6146
7.9616,19.877
11.605,3.5451
4.2348,2.8187
10.723,3.6516
9.6996,0.25854
10.636,1.4727
11.542,5.1544
9.7129,-12.848
10.815,-11.107
10.806,-11.061
16.662,0.11232
-11.123,-1.3135
0.45402,-5.9593
10.851,-11.125
-0.4482,-5.3243
10.857,-11.172
10.661,-16.984
7.4879,17.013
13.818,5.6234
-10.971,4.9172
3.9971,6.6745
12.626,4.4374
-10.993,4.8617
11.644,3.3289
7.8542,6.8037
14.779,3.8068
-4.2254,-4.2454
10.768,3.3705
5.7413,2.7637
7.0149,-16.447
-6.6501,0.26942
6.6807,3.896
5.183,3.2365
-6.0135,-2.565
4.6389,-16.057
-5.4278,-0.26276
10.759,-10.939
10.768,-11.078
9.0309,-12.695
-13.343,2.8081
2.2426,-4.7712
0.47501,-3.311
1.0399,6.9419
5.5956,11.223
3.7512,19.616
10.366,1.9701
9.1643,9.5594
6.9902,4.318
-3.3635,5.8271
7.7286,7.1158
10.003,9.7375
-6.4221,0.077292
12.173,4.2082
6.8211,4.1907
8.131,-11.242
16.599,0.0072563
16.579,0.021069
9.4624,-11.781
7.628,-16.04
8.9933,-9.8382
10.778,-10.995
9.5938,-10.189
9.9859,-10.123
8.2303,-16.467
-0.11289,-2.5677
-4.7111,-1.0167
10.918,-11.489
-13.139,5.8643
5.614,22.201
5.776,22.263
2.7948,19.498
-11.44,5.3011
11.002,11.254
9.6052,5.7613
6.0486,3.9158
8.7897,9.1472
6.2488,5.5233
7.3774,7.3098
10.182,8.2736
-3.017,-3.8849
-5.4684,-0.16131
-6.2963,0.33622
-4.4116,-0.64179
-4.9182,-3.1742
0.34372,-4.3175
1.5015,-1.5982
9.2327,-9.5063
-5.3355,-0.28055
5.4168,11.049
3.9001,7.0008
10.655,11.097
7.513,-9.8581
8.1501,8.2032
-11.169,5.5216
7.5894,-9.8931
7.643,-10.147
8.1303,-12.101
-13.104,6.1643
4.7272,7.0227
1.7128,9.7777
7.3861,-9.6864
2.3536,9.4335
7.2613,-15.356
-0.32051,8.7479
-11.142,4.7124
7.4879,-11.492
-2.5043,5.0085
-11.43,4.9021
1.1454,-1.0469
11.217,10.777
-12.467,5.1439
5.6899,11.11
-7.9076,4.5061
8.8368,-8.397
-5.8697,-0.24696
3.7747,16.567
-0.020542,18.833
8.3591,8.354
6.7371,10.197
12.111,-11.05
-1.4324,8.8039
-2.4894,8.3052
-1.5771,8.8174
7.4841,-9.2591
8.9132,-8.2607
0.85304,17.793
-10.943,6.4329
8.3203,8.3456
5.3597,22.14
9.3175,-7.7976
10.137,11.1
0.78242,12.518
-13.055,6.1898
-12.203,5.2362
-3.9302,5.0275
-11.038,6.5258
9.2936,-7.7906
-1.6885,8.9656
-2.9156,8.1289
0.15179,-2.2751
2.6724,13.919
-11.176,5.5663
-7.6,4.3839
-7.6,4.3839
-7.8332,4.6739
-8.0358,5.0203
-7.9062,4.8304
-7.8898,4.7658
-0.036458,12.045
0.49293,12.257
9.4991,-7.6204
0.59173,12.203
-10.811,5.8969
-8.2412,5.0958
-3.6098,0.4104
-7.4034,4.2319
-7.4779,4.2873
-7.4972,4.3246
-4.9242,10.8
-7.3888,4.2057
-7.4339,4.3015
-0.20606,11.939
0.48263,12.626
-3.4141,13.405
-0.13833,13.41
-7.2437,4.1693
-1.6404,10.588
0.26604,12.481
-3.4694,13.889
-8.0661,6.0494
-8.0228,6.1374
-2.6684,16.787
-7.9588,6.1904
-8.0089,6.1471
-7.9064,6.2602
-3.3415,15.384
-5.0757,8.4905
-8.3901,5.5983
-8.4426,5.6293
-8.494,5.6969
-7.3867,7.0304
-5.7769,9.9146
-5.6592,7.8491
-8.0703,6.1444
-1.4529,10.848
-11.317,6.7064
-9.136,8.7669
-9.1082,8.7707
-6.2374,8.9097
-7.4902,7.3945
-7.6384,6.8915
-7.1636,7.8757
-5.791,10.008
-3.3358,16.615
-7.0746,8.0447
-7.1997,7.9859
-8.9327,8.781
-9.0248,8.8696
-9.0666,8.9141
-8.6331,11.352
-8.9941,8.9043
-8.2555,11.377
0.03431,11.921
-7.9526,10.218
-8.2747,11.358
-8.6177,11.41
-8.9903,11.264
-8.0979,-10.206
-13.183,-0.25958
-14.267,-0.55708
-0.46595,-12.7
-7.3206,-11.557
-1.0652,-12.675
6.1223,-2.6527
7.2415,16.269
-12.507,-0.28914
9.7819,-12.978
2.9674,-9.3334
17.273,6.9838
0.29753,5.7957
-10.886,5.6508
-11.27,5.5489
5.8889,17.497
3.1079,18.264
9.3833,5.3857
7.5887,-10.239
7.4137,10.181
4.9849,13.834
-3.9302,5.0275
-10.417,6.9907
-7.3392,7.0972
-0.53016,12.91
-6.1794,8.7269
-16.541,1.6611
-10.965,5.5507
-6.3838,11.051
-16.381,2.6574
13.355,-2.4212
2.7732,-8.3852
8.6175,16.252
5.9355,8.2672
-6.985,-15.421
-6.0668,-2.7446
0.35934,-6.692
6.2981,-0.010715
11.047,-2.4727
9.5029,16.685
9.3998,-0.89121
2.9765,-0.012205
15.962,3.5442
12.938,-1.675
1.7095,-10.147
16.231,-2.3203
1.6862,-2.1255
3.7827,-15.01
-6.5895,-2.1402
8.3232,19.541
8.4121,19.616
8.464,19.673
0.87321,6.7671
-8.9208,-2.1047
6.4824,3.866
-8.2431,11.379
-10.727,-7.5867
11.101,-13.697
7.2271,-4.6183
-4.7031,-0.2166
-6.1463,8.7088
1.583,-8.0089
1.1358,-8.5897
7.3774,-15.036
11.476,-13.429
7.6485,1.7642
1.1358,-8.5897
3.2422,13.628
-8.6466,11.384
-0.47595,-2.3146
7.7567,-12.316
10.617,-10.957
-17.506,0.40123
-21.833,-5.1984
9.4937,5.3505
-4.3314,3.829
0.018462,5.9198
-3.9593,3.1319
-7.8574,10.834
0.86727,18.974
-8.545,-11.114
0.13044,-2.2504
10.777,-10.931
-5.9493,-5.4508
-7.0444,-3.573
-7.6014,11.776
-9.8916,11.53
-6.0645,7.8905
-13.824,-0.30185
-7.0745,10.775
-9.9526,11.559
2.7549,0.03597
-11.056,-2.6475
-2.9423,-11.878
-14.267,-0.55701
2.8452,8.2366
-9.9359,11.554
-9.9156,11.554
-9.4698,10.912
9.2476,13.909
0.19988,-9.3403
-2.4876,-12.926
-21.84,-8.1155
-20.064,-7.0512
-10.965,5.5544
11.501,-13.365
-2.5607,-18.71
8.8511,1.674
7.9531,-2.8029
0.026246,5.8351
0.026307,5.8351
10.508,11.096
12.068,-11.154
16.48,-4.696
16.48,-4.696
-10.62,6.1455
2.9568,-0.038629
-15.899,1.516
-17.388,-2.7973
-8.7164,11.341
-5.298,-16.768
-5.2979,-16.768
-11.048,-9.2651
-8.4578,9.4633
6.1078,-3.9345
9.8461,17.276
9.8456,17.277
-15.084,-1.4099
2.2791,-8.948
2.2789,-8.948
-0.3595,14.807
-0.35723,14.807
-8.6659,11.358
11.683,-4.1807
9.408,1.7871
-2.8306,-8.9558
-2.8305,-8.9558
-19.877,-11.22
-0.50435,-12.745
10.848,-11.278
10.745,11.442
10.745,11.442
10.745,11.442
10.745,11.442
0.69494,16.137
0.69512,16.137
-3.5429,-6.6228
-3.5429,-6.6228
-3.4173,-2.3974
11.501,-13.365
-10.841,-7.4579
-10.531,-7.5596
-10.305,-7.6015
-10.297,-7.5934
0.55963,2.9506
12.584,10.037
12.584,10.037
3.8442,-14.828
3.8441,-14.828
-11.582,4.4657
-0.61663,-12.991
7.0849,3.1845
0.86589,-8.7803
9.7303,-0.54892
9.7295,-0.54848
-11.255,-2.7555
-0.14621,-4.6795
8.3426,16.303
8.3427,16.303
8.1572,0.10172
8.1573,0.10177
-22.15,-8.7026
7.9925,-1.6148
7.9925,-1.6148
2.6264,-8.9896
-2.0531,-5.2576
-5.5396,-2.8547
9.2258,5.4175
0.53492,2.5307
8.2484,-13.599
8.2833,0.25486
8.2834,0.25491
2.835,-0.027125
-5.6249,13.537
5.4002,5.0525
-16.917,1.9633
-9.9278,11.564
-8.8618,11.312
-5.3083,10.676
3.5265,14.892
-2.157,15.749
2.6489,13.991
1.1944,7.6531
-5.854,10.415
1.4117,15.607
-10.199,-3.5919
15.657,-2.0461
-16.518,2.1346
-10.318,-1.3765
-1.8572,18.354
1.3879,6.8421
10.329,-3.5407
2.841,8.4963
3.6704,16.022
4.7151,18.558
10.386,11.375
-7.2601,7.1164
0.57999,1.5173
-11.064,-2.6376
-11.802,5.3248
0.4573,18.694
-13.897,-0.30857
-3.935,2.5379
-5.6582,13.52
5.2958,16.132
0.65312,8.1348
2.1611,3.6501
-1.7642,0.11864
3.3187,16.025
-8.5325,11.375
-2.4133,16.943
2.1741,7.565
-13.395,3.1286
0.29122,12.868
-7.2749,8.7649
7.0558,-16.511
-9.9106,11.547
-0.40251,3.3122
5.2275,11.06
9.8463,16.311
-1.4331,6.618
5.417,10.969
-2.1368,17.264
7.0986,16.267
-0.29387,-2.4058
-8.0317,10.924
-11.246,8.3869
4.01,2.7431
3.6416,7.3275
-8.6341,-17.048
2.5738,18.359
-1.4455,-1.68
-0.98617,19.12
5.4062,16.031
-2.6144,-0.61307
-14.261,-0.55881
5.7486,9.2922
-5.5721,14.116
3.6466,2.9535
-12.621,-0.41725
12.993,-6.7163
5.343,22.01
-0.031969,5.5653
-5.0403,4.6192
-8.3187,-5.6628
-11.133,-5.515
1.334,-5.401
1.9007,-16.873
-3.2738,-11.655
-5.3381,10.732
-11.622,-3.1901
-5.6349,13.351
-2.1597,6.4745
-3.1844,6.3293
-8.6402,0.041015
-2.5692,16.643
0.016617,5.488
6.3437,-4.7573
2.3446,6.1402
7.7734,14.662
-2.5957,5.5799
-11.138,-1.7139
-10.748,-1.5576
-8.2934,-0.22927
0.12431,-13.311
-2.7725,5.5368
-14.993,-1.3329
3.8913,18.878
-2.0885,0.23073
-9.8995,11.536
2.8542,16.54
11.083,-4.8831
-8.5423,11.458
3.449,14.356
-3.7298,4.2787
-11.463,4.0818
-5.5318,13.947
0.0032842,8.7195
-1.9301,17.764
-3.4801,6.4257
-5.383,14.833
-17.405,0.31201
6.7388,-2.3633
10.931,10.791
10.283,11.215
-5.4598,-5.7275
0.93719,-4.5489
-2.4546,8.3958
-11.73,4.0341
11.216,6.0465
1.8075,-15.909
2.7233,13.963
1.1265,7.2213
2.1209,18.145
-9.3326,11.001
-13.608,-0.092576
0.701,-4.2365
15.464,8.4673
-8.6969,11.347
-7.1897,8.5938
-6.2613,-11.162
-5.8435,4.841
2.9722,8.1283
-11.972,4.9156
3.0633,9.0368
6.3117,-5.2354
-2.8321,16.867
-0.11686,-2.5679
2.0225,17.482
3.1372,19.596
2.0674,16.071
-5.1944,-1.1072
4.0414,9.4087
-5.6194,13.411
4.1874,16.39
2.2639,18.278
1.4293,-13.756
2.1912,9.6204
1.6431,17.271
-13.344,3.2693
-7.3671,8.7837
-0.23029,6.3076
-1.5,5.6248
-2.833,16.931
14.316,9.7922
8.2841,-13.551
-0.0032913,-2.5894
-8.7267,0.010049
8.4776,15.353
-5.6252,13.53
5.3029,6.0118
2.8178,14.076
-1.3619,-1.2788
0.37457,-3.0495
-16.988,1.6162
-8.553,-0.88059
-12.553,-0.2867
5.0943,14.363
-5.3452,-16.671
2.7733,-8.3856
-8.2769,0.17776
-12.604,-3.8494
4.926,6.2642
-18.938,-8.2986
-4.3423,0.64992
-11.266,6.3074
-1.8347,-1.7634
4.8353,-15.418
-5.7545,-11.311
0.011132,8.2469
-7.1198,11.046
-8.1527,11.522
-0.048194,-2.8295
6.5356,-16.765
-0.038101,-2.7263
-6.9353,11.129
-20.775,-7.5103
-13.395,2.7429
2.5105,-5.1094
-7.5545,-3.9772
4.9858,7.3325
-16.46,-6.1303
-0.16452,-10.951
16.587,0.063012
-7.9539,10.076
12.089,-11.138
-7.3574,11.363
-8.6649,9.406
-7.489,6.7339
-13.638,-0.068717
4.7897,-15.343
-9.0521,11.176
-3.9004,4.6189
9.2579,-12.546
-7.7555,6.5844
3.9455,15.354
2.8877,19.312
-1.388,18.328
-2.1505,16.5
2.5227,6.0331
-2.0405,18.168
12.142,-11.002
6.4237,-5.5625
5.6209,22.229
1.7068,-15.93
4.0434,9.441
8.9116,-9.0362
-10.721,-16.454
-3.3941,14.938
-11.054,-2.7991
8.0617,8.3055
6.4977,3.7727
8.8427,-8.4843
10.508,11.097
4.4274,2.0619
8.8918,-8.8723
-5.2201,-11.072
-16.185,-2.5802
-9.5935,-0.61079
-13.201,6.0498
-8.3374,5.7751
-8.0078,10.674
-0.20084,2.7752
-3.5787,4.0226
-0.68121,3.8514
-1.8654,-1.5354
-8.614,-10.64
8.1608,-16.409
0.27824,12.97
-10.871,5.6769
-5.5615,0.47686
-5.5516,0.49509
-11.481,-2.837
-5.5113,14.178
-1.531,-1.7739
-0.30227,3.0895
11.568,5.1744
-8.3359,9.5656
-0.17005,-10.92
-17.213,-5.5021
-10.869,-2.813
-16.35,1.1138
-14.819,-1.9478
-1.111,-3.7989
5.5039,5.1819
-11.207,6.7144
-2.465,5.7463
-5.7489,14.272
-16.61,0.32227
0.46887,18.035
0.017459,5.8364
15.586,8.6668
-8.1542,-0.58997
-2.9253,8.2341
10.507,8.5375
-15.076,-1.3961
6.4626,22.214
10.397,-13.253
-2.4081,16.579
-11.094,5.8038
5.4138,14.003
8.1534,14.077
8.8551,16.437
-0.041236,-10.862
2.221,16.534
-0.50594,11.551
-0.77382,11.257
-7.6021,6.7658
-11.21,-8.5076
-5.601,13.648
-7.3997,9.8576
11.151,8.3482
9.7313,-3.9447
8.4896,19.868
-1.9719,17.382
-6.8833,-0.64323
8.0555,13.817
2.6125,18.133
-2.9665,16.469
5.3986,-2.5373
-1.8063,-3.3168
-2.6635,8.1938
3.1752,18.543
-11.747,4.7195
8.0201,19.557
2.1449,17.505
0.13119,18.71
-0.057995,13.024
-1.1824,18.994
-10.998,5.0455
-2.826,8.282
-3.779,5.2518
-12.275,-2.1007
-2.7058,10.474
-9.9143,11.557
-5.614,13.607
3.0777,-8.564
-7.6446,-10.63
-0.89106,16.08
-1.2553,-5.8811
3.9962,9.2049
-9.4512,-6.2662
-18.612,-6.4536
-6.2396,8.0353
11.977,-4.5127
-10.104,7.3233
9.8183,-0.22471
-1.963,-3.3829
-4.3057,0.65452
-10.516,7.2252
-7.9492,9.2145
-9.5684,-7.8143
1.2154,3.8276
-2.9605,16.644
0.26612,-13.341
-12.982,-1.156
-7.8005,6.5974
0.1603,16.679
5.2606,15.168
-8.457,5.5586
-4.3412,3.0993
-8.2467,11.323
-7.6099,11.434
-6.7671,11.126
-7.6381,11.723
-7.236,8.7517
-2.6798,-0.033591
-13.104,6.1643
11.052,-13.879
-2.5435,0.046559
-5.5396,14.185
-7.0678,11.051
-5.054,10.974
-5.56,14.183
10.823,-11.029
-4.2777,2.9069
-8.3687,5.5565
-8.2519,9.766
-10.019,-3.8678
-6.7224,8.2109
-10.808,5.9262
-8.4833,-13.249
17.907,1.5835
-5.9651,8.6965
-5.5506,-11.336
-7.804,10.925
-14.101,3.1561
10.265,7.9792
0.96729,-5.9286
11.508,-5.1558
11.435,-13.501
0.21764,16.85
0.35556,12.762
-4.2706,15.784
-16.775,1.1995
2.8972,0.014546
-12.679,4.9281
7.3798,17.716
2.4436,17.616
-0.86281,7.5983
-1.8871,18.581
-0.63438,-4.091
9.4365,-13.409
0.38416,-11.248
9.2666,-4.6243
7.746,14.491
-2.5941,10.557
7.3395,-15.198
-11.005,5.2153
0.10546,16.613
12.194,-10.986
0.18129,8.6073
-7.0183,8.4908
2.7908,8.1493
-2.402,6.5478
2.9283,8.6926
-8.2283,5.5125
-6.9348,-1.4957
2.1014,18.94
2.5377,16.639
-3.5379,2.7444
-2.4319,6.0377
0.46676,9.2295
-8.1975,-0.43498
2.5287,14.27
5.6512,11.147
1.2782,7.6577
0.09329,5.6756
7.8943,13.451
-4.4111,-12.117
8.1235,16.369
-0.014998,5.8568
-10.059,-3.6425
2.9898,13.963
-3.6398,4.0276
-1.3195,8.995
-2.4039,8.5418
2.7499,-4.2031
-0.93885,17.635
11.718,-3.2223
3.0188,18.462
-7.5422,8.6952
-9.1326,11.161
-9.926,11.548
3.9973,9.2512
2.6853,13.73
17.076,-3.3344
0.16839,7.9381
-7.9659,-9.8764
-0.25444,18.58
-8.3513,-0.26419
10.365,10.942
-6.153,-0.27185
5.5859,16.8
-8.5588,11.436
-0.32283,18.546
-7.4251,8.7557
7.4217,6.5112
4.1085,9.8679
-10.48,7.3776
-8.0348,-0.4758
-5.6028,13.5
-8.0025,-0.35742
-4.989,7.8751
9.1976,6.5276
3.9169,14.13
9.9992,7.2315
17.554,1.9693
-12.353,5.834
0.55419,8.089
-8.9147,11.31
-8.6119,11.402
-3.9288,4.6865
8.0207,14.45
-10.845,-9.7059
-7.2359,8.6838
-2.4825,8.3281
0.11232,5.8177
-10.785,8.091
1.7411,18.203
8.0726,16.98
-3.5287,-0.37003
2.7686,8.7078
-5.8248,10.036
-9.9131,11.557
-9.4074,-3.1616
2.7219,8.1662
-0.06602,5.2449
2.7342,13.941
-17.143,-5.5912
-2.0748,6.0505
-2.5338,8.5652
3.0354,14.136
10.779,11.277
-12.816,-0.53
-3.2611,14.978
7.6981,16.141
-6.0411,-5.536
11.768,9.4879
-1.2832,-1.6879
15.9,8.6784
-9.8883,11.524
-3.6115,-3.4435
3.0077,8.9683
-1.535,-3.9672
0.42597,18.703
7.5883,-2.6016
-1.5369,-4.5116
-1.0379,7.2629
0.39821,11.968
11.038,8.343
-2.1329,-0.66492
-3.1969,6.6118
-0.35948,14.893
0.19772,9.0749
-12.572,-2.4357
-7.8436,9.9618
1.7806,16.054
-2.5119,16.362
7.5711,13.487
-8.528,-0.097668
-9.9535,11.562
2.7777,13.53
-11.118,-2.9728
2.9591,19.338
-1.8556,-3.2338
-6.6282,-3.117
3.0239,18.338
-6.1892,8.9562
-2.6618,10.404
-11.326,5.451
1.403,6.6492
2.599,5.5824
-8.444,-1.3778
0.20204,2.6736
2.9593,16.619
-9.9027,11.55
3.5612,19.903
-3.1341,5.903
-2.2417,-0.83984
10.958,10.981
-1.94,10.459
3.6632,6.9534
-0.87709,12.695
2.2239,18.189
0.53301,7.2619
1.9302,18.069
-2.597,10.467
-9.3332,-5.292
-4.3798,3.556
-3.5717,14.696
11.92,3.1821
-9.9062,11.548
-9.9213,11.558
1.7676,18.704
-14.08,3.1303
0.39425,16.945
-6.2219,8.7033
3.9226,15.15
-0.79105,5.7075
7.0843,16.393
5.5736,11.129
4.0644,17.621
-10.224,-1.432
2.6659,15.66
-10.558,-8.313
-5.8008,-2.615
-6.3213,-16.047
5.5013,-0.15192
2.272,3.7264
4.4477,18.852
3.5701,19.108
1.5965,18.29
-8.3821,-5.2942
3.9861,15.162
-2.8058,15.056
-9.9217,11.556
0.026677,8.7234
8.4613,15.226
-10.7,6.8415
1.4575,15.284
-3.8134,4.8065
-0.18332,14.08
-0.26165,12.959
-17.166,-5.6947
-8.1456,-0.419
-5.4477,10.704
-6.9916,11.197
18.011,1.8394
-17.022,2.3332
5.7991,7.0636
-3.1404,4.3948
0.37662,18.086
5.6104,11.172
11.317,11.257
-11.978,5.2399
0.18753,8.4879
-5.9417,-2.8997
2.2788,16.596
2.334,15.528
3.463,18.893
1.9659,17.526
-0.49253,19.037
2.6339,13.438
2.4105,18.246
2.8346,18.438
2.7164,13.967
4.1467,7.1567
-1.561,10.329
-7.641,11.428
3.6199,19.151
2.8314,13.873
2.5176,16.254
-3.0198,10.746
-0.47534,18.515
4.6667,15.65
-7.2656,11.336
1.2796,4.2246
-3.3114,5.0304
2.8034,8.312
-1.4481,6.5757
2.7071,14.104
0.44,18.544
-7.3338,11.376
-1.7145,6.0031
0.91908,3.97
-0.70242,5.1452
-4.0272,0.54583
-9.9371,11.548
-3.8813,2.5107
-4.5804,-0.092179
-8.8045,11.348
-7.5814,11.425
-12.318,-2.2838
3.6253,17.368
-8.8024,11.339
2.822,-0.073315
-8.7237,11.38
2.7028,-14.039
1.0519,17.363
5.5654,11.089
13.304,-3.8215
5.6433,11.066
-6.1103,-2.6202
13.363,-2.4204
5.5229,10.997
1.5909,-10.555
0.11655,-11.057
-11.478,-3.1903
-0.2127,-14.47
3.1072,16.604
-1.1109,-3.7982
