12.913,-12.198
7.8417,7.5905
7.7324,-0.71161
-13.444,2.6672
6.8322,-3.6459
11.119,-5.9161
-11.476,13.95
-12.505,15.312
-12.049,14.64
-12.144,2.1262
-5.4635,-2.5511
20.676,-7.1146
-5.0365,-1.5148
9.1531,4.8612
19.707,-3.734
-9.8845,8.5643
12.515,-3.0765
12.212,-2.3509
-13.485,10.807
18.216,-2.0543
12.027,-2.1364
9.8768,-0.08279
15.967,7.0689
7.6241,0.52364
26.379,2.7167
21.829,-2.0535
23.022,-0.85307
19.711,0.38373
15.201,-0.089569
17.107,-0.37829
21.825,-2.164
20.657,-3.9817
3.2784,19.978
-17.264,-1.2344
-3.7503,-20.68
-13.996,10.317
-8.9551,1.0325
-19.479,-2.4286
-2.2563,-20.542
13.794,-9.748
0.23181,-4.0524
11.937,-1.9418
-8.3875,12.122
20.315,2.8132
6.6832,0.010244
7.6797,0.67177
-0.3351,-7.2788
13.859,-1.7112
7.7494,0.79147
23.503,0.79049
22.76,4.4041
21.515,-1.6597
18.85,-2.9675
-13.655,0.23708
-11.83,9.7946
3.7908,6.4986
22.085,-5.4461
-12.561,-3.3427
22.716,-1.2837
3.0532,26.898
23.837,-6.6707
25.614,2.4832
-0.043982,-31.921
-11.254,1.6427
8.699,13.732
16.876,0.095302
19.909,-0.71445
19.751,-2.2415
0.020675,16.257
6.0117,-1.5628
-9.0923,-14.768
-7.3786,14.635
-2.437,-0.99832
3.5675,19.708
-6.8649,1.8524
-12.024,-0.27846
-9.5053,16.543
0.14216,15.933
12.882,8.4735
-18.875,13.911
8.8454,-7.1169
15.161,-8.4612
17.825,10.73
-18.886,13.889
-6.5782,-7.8452
10.243,-0.27863
13.134,3.6517
-3.178,-0.26959
10.086,-3.5997
9.9569,-6.5688
-13.419,10.519
17.367,11.784
26.606,2.0289
22.013,-3.7925
23.98,4.9854
7.4861,7.9719
19.37,-2.4658
9.5403,7.8168
-19.203,5.1344
-8.8396,16.386
-8.7226,16.451
-8.8255,16.415
6.1435,-5.0555
10.255,-6.1004
7.1774,-0.088488
-4.5061,4.174
23.517,0.27155
-0.012269,7.8858
23.152,0.3858
2.3679,7.2742
20.035,-4.9468
8.0035,-1.8017
7.9028,14.402
19.821,-0.66618
19.48,1.5084
4.8476,-0.35989
-0.29616,14.362
9.91,-3.5601
7.6183,0.55335
9.7955,-3.0399
20.594,-5.1812
21.868,-2.0343
18.725,0.76453
-5.2458,-7.7793
-3.3658,22.486
-3.344,22.502
13.155,-0.18114
-17.591,-1.5036
-1.9439,14.72
-17.26,6.9722
6.7595,17.136
14.06,-10.973
8.1407,6.0127
-0.67893,-15.726
-12.38,15.058
-11.803,14.512
13.582,0.11539
26.766,2.4295
26.883,2.4449
25.691,2.4552
23.357,-0.065818
16.749,0.34187
26.049,2.7983
-19.234,10.107
16.773,0.15075
16.861,0.10399
17.272,-0.41599
-19.465,11.859
-17.588,-1.5956
17.059,-0.22265
-10.022,-12.228
6.6639,16.131
-18.406,-0.55004
7.7352,14.533
8.1763,14.225
7.6799,7.8482
6.5819,15.189
6.2085,14.77
16.91,-0.021928
16.254,0.46222
8.3096,7.8451
18.01,13.884
22.523,1.0438
19.377,1.3428
-22.966,0.064491
20.034,-9.8558
23.353,0.92846
-14.766,-13.927
24.42,4.6577
1.7833,21.164
-2.0236,27.207
16.101,11.483
0.1059,-4.0057
6.5127,-2.5865
0.17302,-2.8116
7.4609,6.7028
7.7446,-2.5821
-7.1287,0.31344
-1.8952,4.6481
-9.5581,-14.195
-18.001,9.5974
-17.185,1.7409
-12.822,-15.726
-7.9169,5.4592
-6.5296,10.029
-12.063,-0.38998
-12.404,-0.69972
-19.209,5.1457
-1.8226,3.0135
-11.756,9.889
12.782,8.3089
-9.5374,16.447
-7.8324,13.561
-12.115,9.18
-16.713,1.6462
-6.3853,7.3663
-18.879,14.139
-19.091,13.342
8.8359,7.561
8.3581,7.2027
-20.188,7.3897
14.62,5.0993
0.45861,2.1564
-11.644,5.0508
-7.8943,13.51
-8.3703,13.559
-10.193,8.5664
-6.646,4.0368
-5.1957,1.4407
4.247,2.2275
16.589,14.355
17.626,0.31028
12.081,-3.9614
16.558,13.242
7.4073,0.012499
-0.49227,0.90563
9.5067,18.323
-6.7424,9.2894
7.7057,-0.73031
-17.282,-1.2389
18.678,11.793
20.354,2.5797
-12.763,2.7731
-4.8141,6.5342
-4.8826,6.5156
-18.894,14.379
-18.512,2.0059
-19.078,14.643
-4.6187,6.492
-18.894,13.568
14.909,6.4398
-6.9333,9.2247
-2.2628,0.44417
-6.6394,9.6587
6.7762,-0.00057623
-14.242,9.9193
6.6614,0.065481
19.685,11.633
6.8851,-0.0023449
-2.4676,-1.3303
15.69,9.9611
4.9574,-0.44714
15.714,7.2952
15.949,7.4489
15.675,10.014
15.606,10.179
-1.9101,-1.0917
21.326,-1.0697
-7.2015,12.609
11.787,-5.6219
0.65411,-3.8063
9.2441,12.979
-10.425,9.1666
-11.767,9.9785
-6.1686,3.6924
14.389,10.973
16.503,12.013
9.6093,12.622
10.079,-3.723
22.738,-1.2107
14.901,5.4594
11.881,-2.1351
23.8,0.70483
-1.0799,-5.7731
17.448,11.643
18.915,-2.7246
-15.143,-4.1182
-11.099,9.0048
17.832,10.669
-6.434,4.0025
-20.28,9.4395
-18.148,13.794
20.585,-1.1046
8.6639,-2.125
12.109,-2.207
6.9424,0.20139
16.391,12.142
-1.0526,-5.5851
19.33,1.6785
26.615,1.8585
23.192,-0.26359
20.783,-2.6606
23.039,-0.27729
24.222,1.8269
25.458,2.3605
-2.722,18.781
-6.4972,14.268
9.9043,12.001
-11.504,15.544
-11.578,15.701
5.6281,-8.0935
16.864,8.1296
11.629,-2.0024
17.804,11.05
-7.3571,-15.917
16.899,-0.019659
-16.3,2.1263
19.091,1.6226
-12.4,-3.12
-1.9136,2.0113
-8.1694,5.2328
-19.232,12.805
14.897,5.4532
-12.809,10.427
6.7458,0.12697
8.3647,-1.7666
-1.1287,-5.5837
20.116,11.42
-0.13585,26.177
21.928,-1.942
24.475,1.0523
23.812,0.74703
3.0143,26.89
26.366,2.8431
0.043104,7.8665
0.11207,7.8315
7.7793,4.525
17.007,-0.076458
16.873,0.032406
6.1787,-8.2904
-19.465,11.859
19.556,2.1088
12.548,15.214
12.548,15.214
22.486,1.3219
-10.294,-3.9051
17.718,1.9871
19.445,1.1851
23.813,-6.6873
26.429,2.8354
-17.631,8.3116
19.134,1.493
-1.5673,12.227
16.443,14.47
7.5387,15.067
-12.131,9.2305
-12.51,8.0102
5.6063,0.52012
-19.09,13.342
-18.987,13.541
-8.2169,0.86887
13.671,4.3819
10.342,12.07
12.289,-6.3358
-2.3197,-7.0763
7.9021,14.435
17.956,-1.953
16.773,8.0645
-3.7453,-7.6807
0.14133,26.193
0.015974,26.195
0.15286,-3.9284
1.5212,12.23
10.704,-5.9575
4.1894,12.687
21.898,-5.4797
5.024,26.081
0.031651,7.8632
-17.086,-2.2053
13.87,-1.7478
-1.7008,13.393
-13.997,9.1714
-11.346,15.776
9.9858,-12.386
-17.077,1.5106
-13.461,-8.9442
0.92922,2.5424
-5.3267,6.5436
-6.5844,-0.23073
14.781,6.8135
6.8237,0.33242
26.33,2.8893
12.571,15.191
-2.5024,12.735
0.096946,20.503
-5.6093,-5.317
6.8328,0.046332
-16.802,-7.9655
-0.53434,0.79152
11.373,-6.3203
8.7072,0.7623
-13.266,-0.36768
22.954,1.049
20.737,11.491
-13.468,10.782
-13.134,-15.07
20.5,11.148
10.095,12.077
22.933,-4.7515
14.531,10.076
19.706,-3.7325
20.35,11.375
-21.137,-3.6081
13.407,-0.4431
-1.7422,23.851
-12.225,15.397
-12.497,15.274
-10.21,16.53
15.052,12.298
16.344,11.942
22.621,4.3835
-20.537,-1.8579
-0.80143,11.608
-3.2811,19.828
-13.317,12.011
-12.767,-15.917
9.9614,11.739
13.439,-10.12
3.608,6.6091
-6.6,9.7857
25.986,2.8757
-3.5111,11.953
7.3333,-4.8317
0.78415,-2.3004
9.6466,-12.056
12.189,2.9983
-8.8656,8.6752
-16.921,-1.7666
17.65,2.018
-8.799,16.291
-2.3806,-10.873
12.096,5.5418
11.561,0.87022
6.5702,-2.4684
-11.314,8.874
23.588,-0.003761
-1.0507,21.574
-1.0507,21.574
-6.0458,-18.468
13.765,7.6497
-2.6474,-5.2844
-0.66168,-4.0918
9.2854,-6.6099
26.231,2.465
-3.6703,16.299
0.044719,7.9199
7.1659,15.898
2.8398,22.127
-2.5602,12.675
-1.0013,21.378
19.912,11.453
-8.515,6.0803
13.232,0.012233
-16.893,0.14984
2.9779,22.113
-12.378,15.088
-8.6122,6.4523
-6.3396,7.323
-14.125,1.7584
-2.232,0.39794
-16.735,0.22458
10.051,-4.0121
21.68,-5.1336
5.1421,6.4803
13.572,7.6341
19.581,11.784
18.262,13.814
20.002,-7.4699
22.735,-3.0165
19.834,11.484
-1.992,15.511
3.6854,19.511
-0.019281,7.8273
23.885,1.4186
-19.466,11.87
0.016946,7.8525
-0.0028936,7.8452
-4.5901,26.71
15.171,0.16537
16.212,0.59294
-16.434,2.0001
-14.038,1.1814
-19.334,12.309
-17.08,8.097
7.8237,14.477
9.8787,11.952
14.476,7.7463
-19.089,14.524
8.1624,14.239
9.8144,12.204
-16.569,-0.21927
2.5103,9.0232
4.0936,9.0803
-0.77358,-3.9495
-14.045,5.3021
-8.7396,-1.6004
6.8881,-3.9139
-9.9303,15.442
-13.905,-12.414
3.1858,-12.485
5.304,8.0344
-8.4672,16.253
11.551,-6.8772
-12.104,5.4429
-17.233,1.1608
-19.094,14.433
-12.688,8.687
9.7837,7.4632
11.648,1.0027
23.917,-1.5849
-1.1777,-1.4669
14.236,4.9042
-8.1081,13.702
9.9271,-0.035477
9.8372,7.2482
-12.019,-2.8125
-19.735,10.703
-18.212,14.676
-17.198,1.7494
6.8796,16.109
-13.677,11.241
-14.303,1.538
16.426,7.8376
-1.0886,-5.8477
-1.9771,25.719
14.633,5.1053
-2.0941,-0.78138
-10.713,-2.6795
9.7616,0.60248
16.586,11.775
22.421,-5.8174
3.4629,26.947
-0.00565,7.8752
-20.043,10.981
-20.217,9.5058
7.7837,14.505
15.078,-0.019618
-17.467,-4.4199
-4.6402,-1.4033
-19.615,11.849
19.973,0.73386
23.24,0.30614
3.3381,19.566
-13.87,-12.305
6.3409,3.9257
-7.266,10.702
-9.0605,13.869
13.44,3.9614
-9.0326,1.1841
3.6422,19.611
-13.542,9.0259
-10.933,13.702
-0.2244,-3.7811
-0.17945,7.8573
-20.083,7.577
-6.3041,7.2943
-19.111,14.379
-0.49705,0.90605
-3.9442,-0.083847
19.053,1.523
0.24923,-15.663
10.701,0.010191
-6.3066,3.3248
7.2598,13.711
20.394,4.0627
0.23099,-2.681
12.109,-2.2043
11.983,-2.0988
-0.94911,-5.2531
-1.757,-0.51829
9.6261,0.72225
19.683,11.642
0.11221,26.165
18.998,11.518
20.814,1.591
3.6843,26.865
13.328,-0.26275
-19.708,12.04
-13.819,1.3286
-5.7665,-9.1235
-17.407,-4.6376
-13.8,-14.156
-12.019,-16.428
18.503,0.51495
-16.741,-8.5003
9.9479,-3.7088
-19.185,11.175
-11.737,10.034
16.788,13.566
14.602,5.0249
16.791,13.306
26.176,2.9033
0.8381,7.2006
-18.325,1.542
8.2885,14.151
16.798,0.12393
16.848,-0.035474
-13.821,1.1094
4.8937,4.6191
-13.391,-12.484
-1.8829,-5.0185
-13.048,-15.28
-2.0859,25.746
10.899,-11.619
-3.7269,-2.5399
15.563,10.402
24.588,-2.0225
-4.7619,5.7815
-12.888,0.20964
16.205,11.508
9.204,21.819
16.57,13.227
4.6273,-0.27345
11.095,-0.43469
6.4964,15.27
-7.413,4.4319
-6.5263,3.4203
23.125,-0.54963
0.3108,-15.495
-10.244,-11.05
-7.7214,-15.011
-7.2805,1.4091
10.022,-12.303
15.04,-8.7875
16.551,8.023
12.15,-2.2259
7.1461,-0.070588
-7.0591,7.7458
-1.6223,23.379
5.6638,6.1646
10.237,12.278
8.3218,5.8207
13.955,10.059
-5.4655,-16.386
18.505,0.48324
11.724,-8.9483
-6.5305,4.0426
6.6216,0.18424
23.015,-6.0058
-12.437,-0.50834
8.9339,7.0157
19.837,-6.8174
5.3193,6.2432
8.4707,1.2731
8.8096,-6.7128
9.1825,-6.7849
26.067,2.7683
19.68,-6.775
18.868,-1.9354
18.73,1.5113
10.216,-0.10243
9.9218,9.8372
8.6031,8.1326
16.924,7.8992
14.115,10.102
15.092,9.7731
-10.366,16.448
5.747,-6.9147
6.3698,25.67
-17.362,-4.6044
-17.085,-1.0709
10.853,-11.605
-10.344,8.7753
-18.334,13.624
-10.257,14.067
3.2807,20.828
-13.359,-6.1201
26.575,2.646
22.648,-6.4464
20.678,1.8515
17.559,1.7808
18.617,0.74975
13.784,0.12337
-6.6831,3.7545
-9.6541,3.7424
-8.4204,5.8082
2.16,19.366
1.8988,19.483
3.5198,9.3945
-12.377,2.0466
-2.1689,26.06
-0.046937,-31.918
-0.043949,-31.922
6.5644,0.097941
-6.3031,4.7306
6.6242,8.5213
-8.814,8.6603
2.9426,22.151
-10.101,2.5668
10.986,-5.0349
6.8736,-0.012248
-7.9957,5.5918
-4.6362,6.592
14.873,-5.1375
1.0718,-2.5822
-6.5908,1.6237
2.9006,22.152
1.8843,19.045
4.8849,5.8063
-2.5503,15.054
-17.638,1.0832
-0.31997,20.973
-3.3702,22.501
-3.9216,16.437
10.731,-14.61
2.4282,-17.265
-6.0728,3.7504
5.4769,6.1006
12.034,6.9812
5.2272,6.366
5.1341,6.488
-4.2076,6.3227
-17.359,-1.357
-16.926,-4.9471
5.3812,13.82
9.8317,12.033
6.7019,0.10534
-2.108,0.35673
7.5836,-6.0119
-7.0387,10.272
-8.2814,6.0508
3.3609,19.705
14.648,7.9993
3.2499,19.886
3.288,19.905
-17.46,8.9824
3.1184,26.916
9.6744,0.11164
10.311,-0.36945
-8.1976,5.9509
-8.1259,5.8567
6.783,4.1565
5.2949,6.3096
-19.291,12.316
-13.072,12.129
-19.327,7.7078
-1.4551,18.06
-9.6373,-13.732
-12.637,-6.6897
19.346,-3.0078
20.17,0.088406
12.351,-2.6363
7.138,16.038
10.531,0.074922
6.4813,-2.5452
7.3076,2.7354
-7.661,0.078244
13.948,4.4613
5.2693,6.3411
0.26312,20.46
2.8993,20.738
-1.4614,13.463
-1.0012,21.377
-14.065,1.2961
-1.5454,23.182
-3.381,22.394
16.451,14.109
-12.389,-0.22603
13.222,8.1319
-0.84707,21.439
12.582,-6.1863
13.908,-1.8051
-8.2892,6.0601
-20.065,10.687
-13.995,1.4825
-1.8879,4.6446
5.1483,14.482
0.42141,-2.1505
-8.306,14.68
9.8752,-0.0027366
12.743,14.931
-4.3779,6.5386
22.607,-1.4582
-16.007,-0.93506
-3.4106,-4.1186
-20.122,11.23
-4.4471,-3.1397
-13.959,2.1635
3.6459,19.562
13.396,-0.21516
-11.509,14.7
-7.4636,-3.3881
-19.839,10.634
8.3019,-2.0095
6.9773,0.0777
-10.053,-11.614
19.032,12.828
6.2622,9.2156
6.081,-7.0962
11.247,-5.5601
-7.1682,1.2319
-3.4493,-4.1354
8.1472,-6.9741
5.5319,0.47415
-11.879,-16.24
5.3172,6.5669
5.3755,-2.9964
0.20867,-15.655
1.1272,9.7017
7.4017,-4.8458
13.361,-0.28469
23.328,-0.0085749
2.6973,22.001
-18.737,7.3149
8.8078,5.1835
6.0505,11.533
-19.192,5.193
-3.1937,-8.053
11.331,-7.918
19.825,-3.9552
7.2326,-2.4103
-0.35534,-7.3122
-14.275,6.2361
-18.282,7.64
-11.912,-16.22
-18.124,-4.9437
16.475,13.873
11.564,1.5977
5.5076,6.4581
10.853,-11.605
-13.747,8.8281
8.3083,3.6606
-12.507,8.0185
-18.341,1.6689
11.599,-1.8235
-13.002,-5.1115
7.2289,-0.11993
-0.053329,7.8293
13.22,3.8915
-2.8775,12.008
7.0209,16.069
6.703,16.104
-4.7742,15.563
9.4737,5.1078
23.587,0.21026
7.578,7.4842
9.8017,12.402
23.589,1.8968
-0.06792,1.9407
-8.8913,2.5362
-3.8216,11.027
3.4139,26.918
-9.6776,8.5007
4.0134,19.707
2.4815,9.0322
10.275,-3.827
-12.51,5.8572
9.6092,-3.036
23.799,1.3011
16.88,0.0037053
19.838,-4.3832
2.283,16.166
20.014,2.3902
-2.5939,12.735
13.534,4.0534
9.5301,-6.6339
22.204,-5.5331
-3.3378,22.435
11.205,-7.8383
7.5627,9.3434
-3.9102,12.981
6.8027,11.794
15.588,-3.8918
11.462,-1.1996
-0.79961,0.56454
-6.645,4.0419
-2.9141,14.57
16.489,-6.2982
-11.568,15.31
-11.629,-0.3704
-12.003,-0.47997
-11.319,15.859
6.5719,-0.06282
-13.275,0.29462
11.079,-5.6877
-8.8298,3.6641
-2.6181,15.362
-21.538,0.016557
-11.768,-0.46909
-16.51,-8.9601
2.9906,8.6972
9.5758,7.8071
5.6226,12.51
-9.5699,7.1494
-13.295,10.399
-9.865,7.8429
16.976,7.8871
-13.801,1.1633
16.884,11.664
-2.253,18.886
-3.2471,22.618
8.3014,-2.0533
-9.864,5.96
-4.1413,16.373
23.169,0.073422
5.1372,6.5035
15.046,-8.7423
13.51,4.1039
14.622,9.9081
-8.588,15.197
14.926,-12.876
2.661,19.984
-1.0181,20.799
3.417,26.974
-0.63941,25.948
5.9759,-16.996
15.634,10.021
-11.626,2.0293
0.010177,-31.915
3.6427,19.611
-13.577,14.455
-12.703,-1.1534
11.952,0.027358
-11.079,14.723
23.56,0.29172
5.2024,4.1442
-12.1,9.5877
-9.9909,-6.0825
-0.14336,-15.678
10.174,0.040371
-0.42843,21.153
23.227,2.1847
-8.8567,16.39
-4.037,27.061
-0.28414,1.6667
3.2344,10.374
-12.292,5.9674
-2.1394,3.5588
6.8127,15.811
9.8739,12.619
7.0742,15.99
-19.415,12.324
0.49454,-2.1659
16.61,1.9961
6.0993,-7.0745
-0.53633,-3.9901
22.901,-0.55977
-2.2403,25.577
5.5051,16.156
-19.001,13.601
6.5415,15.98
5.6867,12.74
-6.8721,-4.1712
-0.18623,14.126
5.648,16.668
-11.312,-16.317
-12.876,6.4958
4.166,11.891
-4.5176,27.175
-2.6508,15.264
7.2879,14.768
-7.3343,4.7323
14.043,4.5634
-19.832,10.754
-13.398,-6.1082
-8.1716,16.403
-13.064,6.5341
-0.24344,14.518
-15.751,-1.1478
5.1161,6.0214
-18.309,1.6544
10.104,0.27557
10.626,-2.477
19.602,-6.7979
22.927,0.60335
7.4106,9.8145
12.929,14.745
26.158,2.8986
-3.2582,-7.9631
-13.947,9.1086
-9.7711,7.6809
-18.8,14.183
20.162,2.1505
6.0464,11.081
1.6561,12.036
-16.276,-5.1374
-12.723,-15.894
-4.1255,15.155
19.364,10.525
6.5349,15.096
-5.3264,-12.473
15.238,5.3741
-6.8981,-8.1015
-17.26,6.9313
8.7329,14.183
-10.139,2.7323
9.5082,5.4028
-8.9591,6.6334
-3.9171,12.244
-0.029133,-15.66
-18.218,8.6357
12.203,-5.8417
6.3168,8.0138
4.1765,-0.58844
-15.524,-3.8669
-18.887,13.708
14.085,4.1927
-11.476,-5.2709
15.021,-12.49
23.796,1.2654
-16.054,6.4243
16.75,12.974
8.6142,8.7081
8.5498,8.7483
20.179,-7.0611
23.115,-0.038961
6.7859,0.1607
8.8053,4.6395
6.1392,-7.0597
18.904,-0.2837
-8.9661,15.382
-7.6856,12.804
-12.814,-16.047
-11.932,15.108
9.7047,-6.6203
-5.6485,-8.7661
-15.592,-0.94156
-5.4066,1.0811
-5.334,1.1163
-6.9541,-20.91
-0.11044,8.1226
23.036,-7.2013
3.461,18.754
19.46,-2.7025
23.512,-7.0367
15.686,8.1009
-12.531,-10.702
-9.9138,13.934
7.3799,-3.4071
-10.174,3.336
-3.8523,11.78
-3.7632,-0.18621
20.262,3.2323
24.058,1.5503
-19.088,5.883
-10.032,16.549
-10.265,16.513
-10.424,15.401
-10.158,8.5095
7.7855,9.2236
-6.7445,15.268
-10.722,-12.027
-13.328,-3.8753
22.535,-5.8567
-17.106,1.7213
-2.7129,19.53
-17.555,1.4748
-2.9081,16.003
9.5629,0.67587
7.4431,2.9027
7.2331,-4.6269
9.5818,8.6126
9.3788,0.66179
9.9639,12.076
-12.453,15.367
-12.385,15.199
-6.3785,7.3486
-0.038713,20.642
-1.4294,18.348
17.924,10.664
6.6205,16.217
-0.70948,-15.705
2.7087,20.092
-11.932,15.473
-18.49,-4.5341
10.755,-5.0185
-17.324,1.9059
-10.119,-22.165
0.43851,2.2065
7.2658,-2.3156
-1.4202,-0.14243
-8.4625,-5.8937
-12.241,-16.036
-13.137,8.9359
-12.024,15.651
-0.26107,14.242
-7.254,4.5333
15.505,10.15
-7.8097,4.7658
15.83,9.0476
8.8018,-6.1141
8.0609,-2.0316
9.9618,-7.8517
16.528,14.475
-17.687,12.994
-5.2786,-1.7916
8.4189,5.8899
-0.53491,-4.0211
-11.308,-0.48109
-0.68072,-4.1293
6.3587,-7.1246
4.3746,26.961
6.0941,-0.35328
9.3073,7.4774
-12.27,-0.33802
6.6499,6.2806
-0.42323,21.079
15.861,14.977
-6.2096,-0.15556
4.8096,0.45301
-14.373,1.6617
15.837,7.6773
2.3519,16.289
-18.248,1.4824
3.4155,20.587
6.0854,16.376
19.832,1.9754
-18.663,10.689
-0.33828,-7.28
20.556,11.14
20.012,-0.79395
-0.80595,12.425
7.8067,7.7752
5.4983,11.151
-0.68598,17.302
-3.3759,19.848
6.4458,-0.020083
-5.5121,2.3239
13.225,3.8495
-3.589,-7.8071
-6.5694,14.334
-18.407,7.4629
-18.457,7.4872
22.867,-6.6287
-6.8285,-20.391
-2.163,24.335
-6.8441,4.6189
12.579,15.218
-19.795,0.37937
6.6228,8.5718
18.614,-2.4871
11.284,-7.8766
1.8017,15.986
23.21,2.1464
-6.5526,0.45264
12.849,14.827
6.0637,-4.9954
-0.53427,22.822
-1.1044,21.822
0.10353,2.8845
6.8649,3.2616
16.698,11.549
5.1163,-8.3664
11.741,5.9327
-4.3307,16.63
12.264,-2.4691
11.805,1.1605
-2.8883,16.265
7.3051,-0.13807
-8.5507,6.1968
9.3013,12.821
2.875,19.782
4.2136,24.942
-11.672,14.421
-2.617,14.94
-2.9337,14.697
-15.821,8.1798
6.8681,0.14513
5.1541,27.516
10.006,-3.1885
-3.3741,22.426
22.663,-3.1596
-3.858,-20.417
-13.621,7.5445
3.1202,8.726
-14.914,2.0055
-18.346,1.7936
-18.24,-2.9903
-7.0301,7.668
-13.994,-1.6214
20.073,-9.772
-1.5287,13.264
-7.2908,6.3302
0.17663,7.3501
-1.5529,13.293
4.5937,12.625
-18.684,10.954
4.6363,-6.1049
-6.7132,9.5447
-7.5887,10.145
-17.789,-5.8022
-0.010528,-31.956
-13.462,10.829
6.6589,16.251
10.12,12.295
0.00051917,0.021723
2.0988,6.7696
-2.7298,14.607
-17.867,12.218
10.156,-0.076112
4.9083,11.864
13.178,14.549
-3.3623,22.515
14.731,8.0577
20.027,0.56446
-13.142,12.145
14.277,-12.798
-0.96943,21.31
3.9216,1.7675
6.6055,-19.927
-9.6105,-22.34
3.3141,19.765
-6.6036,4.3846
9.6339,-6.3737
8.7666,18.076
11.281,-0.62016
-13.653,11.467
6.5241,9.1897
11.881,0.095091
6.4677,0.061208
9.1981,18.51
0.95533,2.615
6.6996,-11.513
-2.474,-1.0194
-0.60078,-4.0802
20.263,3.9244
12.723,7.7896
-23.436,-0.23245
23.912,-6.6972
-16.032,6.4964
-13.35,0.5398
-2.5828,15.034
-1.0614,21.638
-2.3215,3.7352
-17.359,6.9999
-7.1254,-11.015
-12.408,15.16
-6.1839,-17.135
-1.327,0.21429
-15.438,5.7727
11.904,-1.6474
-13.245,-8.8452
-18.264,1.6253
4.1621,12.097
19.819,11.471
-13.967,1.1921
-6.7014,9.5358
-16.882,1.5198
-11.481,-16.321
0.026313,16.182
-17.235,-1.0929
-16.867,-0.85145
-2.6088,24.013
-9.9471,6.1084
4.0136,-6.2391
17.275,1.873
23.469,0.32303
-1.1504,17.985
-2.5474,10.629
-2.0396,24.345
-1.5319,-10.025
23.524,0.27386
-17.83,13.262
-1.8682,-5.7354
23.752,5.2013
-17.319,-3.526
-4.9808,0.52826
-0.38552,2.1389
23.23,-3.9592
-17.826,8.3774
-8.723,16.404
-4.7009,0.25545
-16.845,-1.36
-0.35879,1.2837
2.8523,19.582
3.3427,19.646
11.884,0.042298
16.797,7.8795
-17.01,12.956
-18.243,-2.8811
0.91733,-5.391
-3.7405,0.0027227
-0.46049,1.3241
-2.6196,3.7186
8.909,-6.7597
25.87,3.0294
-15.243,2.1402
7.3825,14.112
-3.3652,19.931
15.412,-3.9576
17.192,1.9296
16.852,8.0719
5.5854,0.55336
6.7147,0.21024
17.636,2.0069
17.269,0.10624
-3.4437,-4.1712
16.101,11.463
-11.795,-0.71439
-7.292,-16.261
-16.082,6.5388
-16.188,6.6375
-18.775,7.1269
16.285,7.8177
9.1387,7.357
-11.925,7.8367
-2.4788,12.65
4.4113,-13.093
-10.019,-18.934
0.21901,3.7494
14.177,10.485
4.0179,12.334
-0.93468,26.011
-10.656,7.626
8.0857,4.6156
-3.7018,11.822
-3.1537,-19.851
-1.1505,22.011
16.718,7.9088
-3.4058,19.958
-15.235,-13.686
0.084354,3.5656
-22.377,0.58063
-12.429,-0.22241
-12.308,-0.5156
-21.224,-3.3887
1.9687,16.063
9.9271,-0.035477
17.267,14.038
7.0734,-0.6266
-10.696,-5.4414
-8.3379,5.4545
19.359,3.027
-7.0289,0.34591
-0.046733,-31.918
-9.6175,5.9847
9.6696,8.5862
-11.605,-16.452
14.197,10.641
5.4984,11.39
10.567,11.966
3.3089,10.068
-19.718,10.98
-15.019,6.9896
-8.3593,5.9502
-12.566,-16.055
6.5413,15.688
7.9983,4.9835
16.795,11.652
-14.395,6.4635
-8.7623,15.255
19.013,11.528
0.1013,15.982
8.0436,15.496
-8.848,8.6702
-11.624,1.6625
-7.5283,23.936
-0.39141,3.2719
-19.377,12.854
20.183,3.2257
18.094,13.804
-17.371,15.12
4.0369,4.504
-22.972,-0.042233
6.2089,-10.411
15.826,7.1939
17.496,14.336
-17.006,8.1654
-18.349,1.6187
-19.209,10.059
16.172,11.871
6.6442,16.174
-10.708,8.9478
-10.188,8.5378
7.0851,8.043
-10.996,8.8195
11.45,-0.22842
8.0757,8.3165
-16.499,-0.56842
8.3614,13.858
-13.893,1.0091
-13.271,0.60987
-1.4634,-10.833
0.029983,26.198
14.51,7.7739
-13.682,-12.546
16.682,8.0753
15.642,12.273
7.1889,-4.6834
-14.652,-13.675
-14.463,-1.7192
-3.1994,-8.0844
19.986,-9.9599
-14.685,-6.3264
-0.0092683,-15.677
-7.8676,-14.831
6.5829,15.964
8.3237,0.87997
-1.0076,21.491
-19.201,7.4462
-5.7064,3.5144
-17.848,8.9805
-1.8774,14.967
-20.11,7.5826
-19.859,0.45332
-7.047,12.414
15.594,7.3067
-4.3874,0.80106
-13.626,-13.938
0.047028,7.8007
10.622,-6.0496
8.5496,-2.263
-9.8043,7.878
24.267,0.98568
10.243,-1.0391
2.9347,22.146
2.8999,22.151
-12.572,8.056
3.0996,20.107
5.1209,27.487
-19.709,12.039
-19.709,12.04
-7.6949,13.414
8.0571,4.5074
8.7273,-0.74832
15.301,7.4236
18.574,13.472
13.583,0.1321
-1.9993,27.189
13.407,3.7474
11.848,5.9349
12.406,-2.9037
19.129,12.582
-10.358,-3.8884
13.273,14.458
7.5038,-3.4564
-6.6112,4.3819
19.971,0.69816
-18.107,-0.55522
-6.6121,6.1793
10.362,8.3009
-20.099,7.5724
-9.9336,14.008
-14.332,1.5995
16.826,7.918
-13.716,11.161
7.0005,4.2346
9.6038,11.852
-5.4673,1.3327
-18.684,7.393
15.592,-7.2186
-4.1053,0.52648
-4.3243,0.71325
-10.177,-12.233
14.811,7.568
-3.9857,10.011
10.161,-12.858
-7.7022,6.3301
-7.5572,6.7108
7.0204,-3.4373
-10.014,-12.082
-10.609,-4.7032
11.077,-0.20956
-2.5356,-1.0397
23.309,-3.734
5.1218,14.722
22.961,-4.4611
9.8718,-0.011517
2.3593,15.16
11.018,-0.40265
-2.2444,-5.8985
4.5367,13.397
-20.594,11.613
-4.0079,-14.189
9.8029,12.381
-0.28203,20.624
-5.4927,1.0814
1.1309,15.542
8.2781,-5.2705
-14.261,-4.1177
-14.103,-3.1458
-22.932,0.013326
8.3256,22.242
1.4669,11.205
0.069327,16.078
-5.9216,-2.9811
1.8354,0.89544
-3.7289,11.85
11.608,-1.7864
-8.9857,1.0092
-7.9634,0.36445
-17.625,7.8393
-3.3238,-3.8213
-14.247,2.6369
7.8362,14.509
19.971,0.87257
-4.0149,-3.3167
-10.049,-18.959
5.8184,15.294
0.13743,3.598
7.6243,8.4652
-5.2296,0.59732
3.9447,12.207
5.7586,6.7366
5.2691,6.359
1.9237,20.966
-18.175,-2.5603
-20.055,7.4911
-10.077,-12.142
-3.3939,22.534
-20.371,11.915
19.965,2.1066
19.839,0.41053
15.84,8.78
-9.4832,8.5194
-20.651,11.6
6.6227,16.13
10.594,-6.2972
-9.1169,-7.3124
-4.1386,-8.8259
-16.958,-2.911
-16.694,-2.4266
-18.316,-3.7162
9.5682,-4.6354
-9.8384,7.4501
-11.06,13.594
11.235,1.4259
-17.012,1.1365
-13.2,-15.048
6.7253,11.805
-6.3522,-3.6202
-13.123,6.1753
-10.215,-7.8852
-5.6668,1.8114
20.271,2.9661
-19.069,5.8502
-17.881,12.467
-1.7484,13.355
-4.3142,16.607
-13.363,0.27755
-4.3222,16.657
19.054,1.0423
-3.3501,22.545
-7.2839,14.484
-4.5763,1.9166
-3.3235,16.022
-8.434,6.0121
-4.1204,-19.689
-10.733,-6.1282
-8.8417,6.2176
-6.798,3.605
7.6537,8.1774
6.7913,-0.031779
12.339,2.0102
-10.411,-14.167
6.8747,0.077408
3.0584,7.6723
-12.958,-13.378
14.856,5.4026
9.6233,-6.1947
11.71,-2.1757
-6.8642,-3.6777
-9.7636,7.2355
8.0578,7.6063
-0.23064,-15.606
-13.462,-12.409
11.22,-0.03712
-3.7113,-0.33197
10.946,-0.29601
-15.181,-13.919
-5.4886,1.8147
9.555,21.959
-11.1,7.5852
-11.73,-16.365
-1.4038,22.812
-17.487,-0.82445
0.27641,-15.692
-10.315,8.6607
6.0535,-5.0507
20.023,-3.72
1.5937,12.104
2.509,8.9563
6.2359,-8.3462
-21.24,-3.3454
0.22668,8.1132
-10.178,-17.967
-18.725,5.9598
13.39,4.0417
-1.8016,4.0177
11.258,-9.456
-13.663,-14.294
-20.108,10.577
0.1235,0.11891
6.9709,-7.2001
-20.215,-2.2275
4.2301,24.35
-6.9427,-8.1441
-11.927,-1.6698
-2.9597,16.102
3.1149,7.652
18.879,12.108
11.791,1.8085
-9.539,-4.9451
13.345,4.0578
9.4253,0.65008
-13.959,6.5798
-9.9981,-5.641
6.1641,-8.4073
11.72,5.9883
14.673,5.1759
16.993,-0.065401
9.2441,12.979
0.10502,0.082227
-16.786,-7.9055
-7.3241,-17.023
-6.1858,-10.577
-17.083,15.444
-12.307,-0.32239
15.24,-9.274
6.523,14.811
-16.307,-0.57159
-9.5412,14.28
-12.772,-15.9
-13.862,5.0173
-6.1911,-10.712
-2.7047,12.649
-3.3014,16.072
-22.959,0.023754
0.30773,0.2065
-9.9867,-4.6183
7.6856,14.621
8.5266,5.8022
-5.3107,0.78202
7.5677,-5.1277
-11,7.6316
-18.987,13.541
11.911,6.9735
-8.6959,0.54518
-8.9065,0.97402
14.707,11.719
-19.933,10.408
-12.352,2.0772
-13.778,1.0454
0.040716,-0.062491
-18.173,8.8168
-6.5583,-7.7731
-5.4807,1.5568
-6.333,-14.459
13.778,5.2934
-9.5557,12.525
-6.9116,0.39569
-5.8288,-2.9253
12.482,3.3607
7.1029,-3.5021
13.043,7.1105
4.8753,7.9769
-11.045,15.459
7.188,15.834
25.881,3.0171
13.374,8.4858
-1.1327,-3.89
-16.792,-8.342
-4.2055,16.59
-12.688,-15.94
4.1806,5.1463
22.315,-1.6061
-6.9074,-7.9636
-14.186,6.2264
-6.6186,-15.59
-18.393,-0.77366
-8.0336,-13.484
9.1872,13.209
-13.301,-12.24
-14.106,5.5887
7.1199,-7.1954
6.5808,0.13189
9.9529,12.08
-14.099,2.2942
-11.252,13.908
-12.448,15.355
-11.115,-16.314
-14.562,-5.5114
16.754,7.9192
0.24986,-6.545
14.386,5.4611
-12.73,2.3203
-7.7414,16.167
2.0411,8.8763
22.264,-1.5218
1.4247,-16.108
-11.17,8.5078
-19.218,-6.1094
-6.8683,-20.471
8.909,8.5652
6.598,11.753
10.459,-0.055469
-16.446,-0.22418
23.273,-3.724
-3.4489,-4.0123
25.88,3.0392
-17.807,-5.9217
-11.021,7.1301
3.6833,12.807
-2.0655,2.7533
5.7833,7.0911
-11.006,-16.247
-13.64,-4.2468
-11.295,-13.753
-12.099,5.1796
12.832,7.6113
0.0073482,-0.025657
-6.1104,-10.551
9.4136,0.6568
-7.4322,6.4637
-9.2218,-4.8893
-19.227,5.0399
8.5969,7.1384
8.6025,-7.3475
20.175,4.1799
-5.8905,-4.4608
-9.7842,3.9931
-12.925,12.259
-2.8694,26.347
-13.542,-9.0553
0.092753,-15.599
0.72186,-15.782
10.221,-15.523
8.1003,5.4028
-16.405,-3.1082
10.051,-13.087
-0.58838,11.419
21.98,-6.584
-10.437,15.583
-2.8855,-20.55
-5.7356,-7.2726
-13.671,-7.0633
-7.2462,-16.099
-4.0169,-0.99505
-6.6547,-4.0058
-7.7136,2.2519
0.010682,-31.912
9.9835,-3.7888
-13.43,2.6406
4.2574,2.1801
-12.472,8.0004
10.079,12.354
7.3847,9.506
2.8449,19.795
3.7955,14.223
7.0507,7.0021
-17.913,1.9644
-12.64,-2.2025
8.3877,3.1504
-6.5769,-7.8285
-6.7105,-7.8685
-1.5358,-2.0112
9.4314,-6.3419
-4.5159,26.865
-8.4255,-5.9826
13.964,-10.541
-17.913,8.8332
-14.412,2.5077
2.322,-17.229
6.9978,8.5798
-13.313,-0.071106
-14.038,6.6191
4.5319,15.232
-9.4061,4.8453
13.923,-1.7956
-12.561,-16.534
-9.7747,12.694
-6.9865,-3.9017
-19.043,14.495
-11.279,16.04
6.8007,4.0773
-14.3,2.2246
-6.692,-10.779
6.1386,9.2179
-5.5697,-13.643
11.467,-0.19721
4.4195,25.332
-4.2,0.63663
-12.268,1.8883
4.1616,-12.713
7.2341,9.9282
-7.1881,-11.258
4.4373,-13.135
-17.227,6.7842
-12.65,-1.1395
-13.261,0.54548
-2.2159,3.766
-11.35,13.766
19.799,-4.1141
-9.3532,7.0002
-13.84,1.6613
5.6387,25.669
-0.19221,-15.6
20.583,-4.028
-0.46348,2.1084
0.49912,-4.2876
-13.509,14.5
-16.204,-4.585
-0.15692,21.032
-10.048,-3.8817
-2.5677,-5.1676
6.9381,-7.1569
0.73705,-4.6491
-12.594,9.8774
-9.1357,7.1588
-6.7252,3.7754
1.9318,4.0573
-11.469,14.893
6.6189,3.9377
-14.289,2.2233
0.0086398,-31.985
11.909,0.06213
-6.9344,6.1109
16.734,8.2103
12.508,3.275
13.694,3.7792
-12.844,-6.599
-2.0486,14.799
-3.647,12.042
-11.597,-0.1642
-1.2639,22.345
-14.562,-4.2761
-7.2631,-17.088
-12.853,0.088204
4.124,11.823
3.233,-0.0063954
9.4403,13.754
24.204,2.2797
-12.584,-3.268
-9.6458,5.8817
-9.1827,1.1674
-3.2804,27.32
6.7754,6.9295
-18.431,1.7164
5.8719,25.27
6.6257,-2.7086
-3.3621,-3.7923
5.9576,3.4365
-2.929,-10.423
6.6521,0.16617
-11.558,7.5231
-12.422,15.387
10.346,0.39446
-12.961,-13.567
-9.3557,-4.9152
3.4235,8.722
-3.7879,-7.6458
-3.6274,-3.9063
12.498,15.259
0.65171,-4.6827
-5.5805,1.6661
12.792,8.3553
6.616,-19.976
-17.314,8.2027
-11.534,5.0248
-6.6201,13.032
3.3504,26.957
1.9149,4.1609
6.8253,-3.2233
8.5949,8.4935
6.1265,9.7457
14.799,8.0692
-3.5507,11.887
-11.111,-11.903
11.48,-12.032
12.851,8.4019
-7.0156,10.146
-6.0173,-19.885
4.7823,-13.516
-2.2568,-6.6921
15.592,-7.2186
6.7053,4.0303
6.0019,-8.3845
12.632,3.9117
6.0171,8.2353
-4.6217,26.695
6.2426,9.5852
-11.364,7.6878
-6.5809,14.453
13.996,-10.592
16.39,-5.6659
-1.6932,-2.795
2.8469,-4.5947
-18.789,7.3337
-9.1643,16.597
-17.145,-1.1053
20.505,4.0093
-9.5971,5.417
13.135,-11.264
5.1631,13.84
8.9664,7.362
-6.912,-4.1182
11.518,-0.14999
5.9426,15.686
-9.1316,-6.2615
-2.3541,3.6051
-10,-4.3533
14.177,4.5563
-1.6301,18.669
-5.5395,-2.7805
10.923,-14.632
-15.094,-13.544
-0.45237,0.97294
4.3753,5.289
-13.587,0.23049
-7.087,-4.0475
-12.624,2.7681
5.606,-7.9213
-0.386,0.7738
-2.4839,18.874
23.219,-3.8563
3.8285,4.5705
14.022,-9.6196
0.66787,-3.3035
12.811,14.852
-10.519,-13.221
-10.08,-3.9505
22.132,-8.0312
-9.9891,7.3084
15.736,-4.3074
-9.9314,12.814
-10.071,8.2693
-7.7866,-2.4168
8.9383,7.4336
9.1023,7.3103
7.6306,-0.50404
7.265,-3.536
-1.5698,5.0068
17.177,-9.5607
-12.128,-5.153
10.071,12.39
-8.0395,-9.8366
-6.6831,12.997
-1.2741,23.828
1.5004,0.52144
-16.057,6.4026
19.234,10.372
10.028,0.19929
15.557,-10.482
-16.385,0.20992
11.35,-6.2524
-4.5448,16.189
-7.9754,2.2249
7.7819,6.6794
-16.267,-3.2961
13.475,14.061
6.0877,-8.3777
8.1472,-5.1922
-18.721,6.6147
0.66973,15.449
5.492,-3.9778
12.721,14.953
-11.409,15.969
-12.844,1.0981
11.693,0.85427
7.3831,-4.9973
1.916,4.0206
-8.5004,-6.0385
-5.6113,2.8376
6.2088,-10.409
-7.1907,-3.1596
-6.8102,10.2
-6.7446,-7.8447
24.167,-1.655
-6.5199,10.007
12.596,3.2953
10.092,11.88
-11.331,1.6307
16.307,6.7965
-17.199,1.1913
-11.63,15.303
-12.242,14.895
-11.773,14.579
-13.686,7.675
-15.245,-13.845
-11.202,-16.467
0.63226,8.3771
-19.874,0.41992
-11.398,-17.579
19.387,11.197
-1.3036,20.298
14.012,10.086
-8.8136,1.2216
-10.43,-12.234
-11.441,-14.878
-17.47,15.221
21.903,4.2673
-3.7952,27.115
-3.1583,-7.6867
8.9726,8.5161
-17.535,15.077
-1.2606,12.499
-2.8787,12.041
-1.6121,23.978
-12.174,-16.111
-2.6201,19.551
-12.406,8.1522
-5.542,-2.5588
-7.4633,5.5052
-4.3599,0.67598
7.9017,-4.962
-1.2398,4.509
10.324,-3.9104
-16.339,7.179
-8.8699,-15.41
21.973,-8.2109
-0.019015,0.032496
-11.759,-16.384
-3.8264,1.2326
-4.084,-0.38309
-0.036459,-2.3872
-7.1659,4.3017
-0.88527,-11.804
6.7057,11.845
5.7516,25.627
-9.3006,-4.9364
6.3201,-0.4543
24.068,1.9603
12.634,7.6944
-6.5766,-8.1357
-15.198,-14.092
1.5944,-16.255
0.060573,-0.023395
6.7019,8.6156
0.051853,-0.016089
3.3023,19.852
5.9845,-8.3471
6.6542,15.565
-16.96,8.2186
15.377,5.591
-13.21,-14.862
-6.0789,-9.6505
-6.836,-10.898
-0.39643,-15.39
-10.698,7.5774
-0.60496,-3.8629
-2.2138,3.6362
-14.762,-2.7454
-13.345,0.5031
-18.888,13.273
-12.056,15.583
-17.613,13.031
6.6636,-3.8979
-7.891,-2.4229
20.189,-2.6577
16.738,7.8391
-20.601,-1.674
9.7724,12.035
4.4638,-6.5102
1.5572,11.624
-6.4753,-8.0038
15.437,5.6318
-18.863,10.714
-6.5359,0.84854
-5.9833,-6.0645
-18.847,14.657
-11.934,-16.232
-11.768,-16.23
-12.087,-16.175
-21.285,11.02
-12.528,8.0143
15.277,10.199
9.9248,0.082002
4.4977,12.153
3.4311,0.67085
-11.23,-14.776
-12.668,-16.151
-0.048112,-31.911
15.424,10.435
23.468,0.048883
4.3515,9.3011
-13.371,7.4416
6.4744,15.125
-7.7105,15.351
-16.138,6.6094
20.932,3.6355
-10.181,-12.14
3.7406,-9.5742
9.8265,-8.0553
4.4008,-5.1392
-5.1161,-1.7653
18.456,-4.3291
-15.189,6.0113
19.122,1.0879
16.402,14.215
-0.043797,-31.922
2.899,22.16
0.15054,3.5347
15.159,7.6657
10.583,-0.056805
-13.452,0.016037
6.312,14.652
2.1159,10.052
-14.66,-2.9552
-1.9381,14.999
-0.054035,-31.937
-0.010427,14.478
19.245,10.38
1.5155,11.85
-11.199,-4.472
-15.317,-4.3065
-14.222,-1.6225
1.1914,15.624
6.6989,16.139
7.6512,4.0121
8.0702,5.8747
-0.74056,1.9309
-10.034,-3.25
6.3452,-11.558
21.834,4.371
-6.5024,-20.025
-14.959,-13.564
-12.734,-16.036
2.2667,10.386
9.128,10.556
20.152,4.1762
-6.8465,14.048
11.261,-0.34158
6.9597,15.897
2.3391,6.8654
-14.035,-1.7696
-7.68,12.693
5.7159,-8.1969
-6.29,-3.2493
-16.185,6.472
-16.976,8.061
6.6228,4.0971
-6.8689,2.7128
-9.0877,-7.1884
4.9544,-4.1648
15.167,5.9916
15.275,6.0752
13.121,-10.402
1.9967,14.56
-2.4523,3.1525
-5.1265,-4.0081
3.7668,-6.9996
-18.931,12.598
0.20379,-7.0019
0.24282,3.692
-17.257,-4.6569
6.3942,25.674
-1.5097,-10.548
-0.4159,-6.4102
-12.207,-13.663
2.796,-4.5478
-2.7857,13.738
-7.4068,0.070136
-2.3411,-0.90285
3.8045,12.203
-8.0252,-4.496
-9.8773,-5.0035
17.255,8.0812
-12.303,-16.979
1.5903,12.154
-3.4391,-0.12111
-2.2442,3.5531
9.2902,11.28
-0.07288,-15.562
0.11061,0.10884
-4.8195,15.611
-2.2448,3.5533
5.1382,13.725
-4.0818,25.031
-2.258,-20.519
-7.1393,-0.14945
-18.192,-3.483
3.5833,13.506
-8.8403,-1.8646
15.372,12.359
5.6328,15.364
7.9572,14.012
-16.202,6.546
-20.635,-1.6713
-14.117,-1.1964
0.53849,-5.9762
-3.7649,26.439
-13.277,10.555
11.242,-15.8
-13.249,0.51426
-6.2017,-17.011
-4.0091,27.076
9.5611,0.67694
-12.154,7.9601
0.29112,-3.1438
-6.9345,-11.144
-0.27166,26.028
-17.688,-2.3677
-0.84241,-4.3387
-7.2992,-0.092702
6.7092,4.0174
-3.3629,19.913
1.9985,16.09
-7.1586,1.2998
12.75,3.972
-0.009878,-32.042
-4.893,5.1601
9.9552,7.7514
0.27644,-15.692
-13.261,10.447
-9.5709,15.682
-5.5699,3.7431
-17.341,15.253
-7.8744,2.2857
-3.3998,-12.447
8.8466,21.603
25.566,3.5267
1.5422,11.882
5.1539,26.261
6.5998,0.2185
-6.0959,-4.1249
-19.09,13.517
15.652,-7.1802
6.5349,0.097629
-2.7956,-1.8519
-7.156,0.23522
14.217,9.4651
-14.693,-4.3777
-10.555,-22.056
15.041,12.329
-12.502,-11.032
-12.159,14.374
-2.053,-1.0832
-6.6339,1.7752
2.2217,10.218
6.2768,-10.41
-8.1056,-5.6046
-10.528,15.567
-0.023908,-31.926
-5.6134,-6.4854
-13.149,0.45016
-16.749,-2.1506
7.0711,4.121
12.504,15.226
1.1382,15.61
-6.6619,15.22
-11.413,-16.405
-0.19492,-3.6379
-0.91741,0.43018
0.14573,0.13693
7.8865,4.0097
-13.236,-13.792
-18.943,-6.0135
-13.557,0.66692
-18.209,1.9894
6.1377,-8.4253
-6.9352,9.4179
-4.2266,26.625
10.209,-5.8888
0.013107,24.293
-2.9685,-8.2052
-3.7577,16.436
-5.9391,-9.9565
-10.585,16.358
14.409,5.1974
4.7905,-1.8509
16.275,12.223
-13.958,-13.972
12.806,3.6439
-2.1379,14.551
-6.5793,-7.9105
17.025,14.756
-7.0296,-5.2675
-12.67,-13.317
-2.2918,14.255
4.0316,-6.804
15.019,6.3183
0.44298,10.899
0.25141,-15.661
14.657,-6.375
-7.7656,-1.9577
13.957,4.0651
5.7364,25
-3.0372,-7.5263
11.371,-10.445
-12.495,5.5021
6.1625,-8.3631
-15.157,-1.7392
-18.971,10.11
-3.5299,0.034434
-11.868,-16.219
-22.002,1.0735
4.2822,12.194
0.65933,-4.4175
-12.155,-16.44
-17.692,-4.8843
-18.299,-5.3528
-16.871,0.34077
6.5328,16.106
16.744,0.049469
6.2333,11.432
-13.198,-2.3059
-9.1292,14.313
11.436,-11.922
-18.112,8.7882
20.107,0.41626
-12.184,2.0226
4.2332,24.753
3.1969,20.699
5.4027,7.9359
-11.296,13.876
-9.952,-13.523
-10.888,-16.246
16.866,7.9049
-13.691,-14.231
-13.64,-14.314
-4.5415,0.46492
-20.144,7.6024
-13.034,-12.779
-16.933,-6.7932
15.14,10.054
8.1293,2.9926
-3.6185,-7.7977
-10.128,12.93
21.306,-1.148
23.138,1.6471
4.1243,13.879
-16.64,-6.502
-13.549,-12.42
-10.993,-0.5268
-14.856,-1.5595
-13.309,0.48691
5.7624,11.596
16.649,0.27326
5.2512,1.9775
4.3794,13.393
15.297,-10.702
0.21743,3.7328
-16.189,-0.50905
25.029,2.2932
0.15833,7.9239
19.798,1.7914
-11.481,7.7531
9.842,-13.169
-12.365,-16.012
5.7036,-19.226
-8.898,-4.6986
-18.286,-3.0816
6.6892,16.022
-1.1146,11.725
6.0833,11.415
-5.8483,-5.8512
-3.0589,-0.059397
-12.153,-13.215
9.9948,7.4941
0.10487,-3.6392
-7.7201,-14.537
9.9508,12.147
-4.0567,-0.51128
-18.089,-4.8054
3.5152,8.0195
0.24986,-15.666
-11.894,-16.309
4.4228,9.3299
-17.122,15.451
-13.586,-12.354
6.7046,0.039841
-21.065,11.281
11.701,-2.0059
-8.8612,-17.287
-6.1747,-0.37434
20.296,-3.9248
6.7195,3.9695
20.442,3.9567
-13.28,-12.555
-8.1957,3.3328
3.525,26.958
3.9426,-0.7538
4.7247,-1.6457
5.3311,-6.1875
-21.903,1.1433
0.28958,-15.689
5.6552,24.891
8.0585,8.7371
-11.902,9.4212
-7.0068,-13.632
-6.3706,-20.084
-10.488,-5.2443
6.9138,-7.1919
20.338,-3.8987
16.768,7.8854
-1.1697,-1.6786
3.7586,9.4898
6.7014,15.865
6.0704,-17.014
-13.612,-12.444
-2.4606,-12.31
9.9771,12.093
-6.6285,-4.1319
-2.6104,-12.604
-0.010863,-31.93
-12.501,-8.0994
5.8752,-17.033
-5.5895,-17.501
-9.74,-5.4784
2.5232,14.652
-13.19,6.0925
-13.184,12.205
-13.156,12.051
-11.523,-4.9126
-12.845,7.7958
-10.104,-3.8095
-3.7723,20.202
-10.031,-3.6554
9.4505,-5.5155
13.612,3.9589
-14.374,-3.1847
13.439,-10.12
8.6804,8.7091
-10.802,5.8279
-12.905,-11.99
-1.677,13.683
-1.1089,2.2292
-3.2335,-8.2793
0.18729,-15.723
-2.5683,-7.0285
-18.191,-2.7197
-11.879,7.8224
-17.078,-0.77478
5.6037,15.323
-12.305,2.6618
-4.3087,26.469
8.537,5.6621
-3.2848,11.476
14.132,-2.251
5.8915,-7.3986
14.889,5.0549
-2.4266,-5.2818
0.1105,0.10484
-3.0253,-19.242
-13.303,-12.234
9.5172,0.65002
-4.4647,16.068
-8.1568,0.51367
0.22876,-15.694
-3.7446,-14.253
-8.8576,-1.7427
-4.2436,-1.3972
20.987,-6.2668
-14.547,-3.5361
13.558,9.9135
-12.059,8.2337
13.348,4.0028
7.253,15.221
0.10431,0.060507
-0.045085,-31.925
-8.4065,0.99037
-9.7876,-3.0912
-5.5682,-17.492
-0.047424,-31.917
4.717,26.6
-9.7655e-05,-32.091
-13.273,1.1403
7.6671,-6.6756
-2.1922,1.6724
-13.421,7.3089
-2.9215,-3.9293
5.9761,-10.497
12.715,7.7534
20.825,2.4419
6.163,-10.41
-2.6241,-5.4051
-14.475,-3.7943
-5.5699,16.905
6.1591,-10.303
-12.172,6.4467
-20.041,10.186
11.262,-8.0322
3.0542,-12.105
-6.5704,-19.921
3.9148,-6.8683
15.165,-8.7472
-17.987,9.0574
4.0568,26.884
4.9065,-4.3078
15.319,-8.32
-22.746,0.24065
-11.32,-4.9551
-1.3174,0.44667
-11.682,9.0095
3.1359,0.074541
-12.016,15.358
5.6643,24.375
2.7124,14.182
-23.394,-0.15166
5.6621,25.552
9.4994,21.926
6.1766,-3.9137
-0.0098963,-31.929
-17.635,-0.037134
0.038785,7.8734
-7.9734,2.2911
1,24.818
5.8331,24.8
-4.2248,-8.6805
-9.0669,-7.1944
-12.717,-15.644
-5.5541,5.7527
1.6657,15.863
-19.526,11.269
-10.234,-12.165
-6.9234,-11.005
6.4929,15.65
-9.4355,-12.213
-13.319,-12.345
-6.8019,-3.6553
-10.75,6.1918
7.3221,16.165
1.9365,4.0711
-2.0148,27.083
-9.515,14.91
8.4572,9.5434
0.15504,14.774
16.021,11.013
-13.088,12.222
0.29055,-15.646
6.1483,-10.45
-2.6733,-6.1557
-18.348,13.552
8.8237,-0.70136
-20.62,-1.636
-20.632,-1.6076
6.3136,14.611
-4.5327,-1.5596
-6.6444,-7.9551
-6.6444,-7.9559
9.2486,-5.8086
11.322,1.3277
7.5735,3.5065
19.683,-6.7664
7.9954,7.1919
-16.369,0.24387
-20.691,-1.606
5.1113,12.443
-12.786,-15.759
-8.2383,0.43626
12.673,7.7185
12.866,14.816
-21.14,10.984
-6.5788,-8.0651
-14.271,2.4575
3.2205,-8.4763
-4.4354,0.86354
12.481,-3.4475
22.849,1.2582
2.1386,16.031
-3.8978,-20.279
6.0968,-10.529
-0.33739,1.7111
-10.595,-11.969
-14.098,-3.1998
0.13547,0.17045
-22.155,-0.10402
-13.364,-14.752
-7.1199,-13.666
5.6837,24.38
-2.5243,15.908
-13.301,-12.42
-11.287,-20.995
-8.5181,15.036
0.55348,-2.2624
0.17146,14.757
0.64989,-4.3292
-0.28716,7.8631
4.858,6.819
20.084,0.5823
-22.176,-0.11058
-14.334,9.9199
3.6501,-12.411
6.1353,11.189
-10.597,-11.892
7.7602,4.8323
-18.915,-6.01
0.69155,9.3607
-9.6227,15.784
-20.157,7.5037
10.015,-13.033
-8.8135,-3.1239
-16.463,-1.3144
-3.8746,-12.118
-2.7264,-7.149
-6.2874,-4.0906
-11.752,1.8687
-19.165,5.28
2.7267,15.128
-3.8183,-6.979
-7.037,6.6461
16.481,-0.83775
-13.347,0.36777
-3.1914,-7.9477
8.1046,9.5328
-1.8137,4.6503
2.4338,7.0237
4.7151,-1.5985
-6.5935,10.486
9.7341,7.8552
5.6822,3.0974
5.6333,3.1216
-11.638,13.673
13.225,3.8496
-11.172,-11.843
-2.0938,3.3276
5.7902,25.586
0.72946,15.285
-0.018334,-31.967
-22.061,-0.21778
5.1859,27.539
-15.332,-14.026
10.187,0.40534
-15.358,-13.438
-9.5089,-17.537
13.582,0.11539
10.328,0.74496
-5.8879,-11.268
-0.026193,0.028174
-15.114,-13.914
-5.1856,0.43538
6.1767,-8.3572
6.9491,3.8705
-13.143,-4.4947
-12.945,0.34982
-2.4662,-8.5587
-3.5885,0.15089
6.2403,-3.7545
2.5694,14.866
7.5719,3.7709
9.9122,12.05
-12.636,-8.1272
0.024759,-3.8329
13.283,13.886
2.58,15.323
-7.8568,-10.006
-2.0452,4.3851
-6.2832,-2.592
-9.9397,-11.968
-13.46,7.2776
7.0744,15.886
1.232,8.0291
-16.004,6.4447
5.7312,25.665
0.00041167,-32.041
-21.13,-3.9067
-3.2288,-16.564
-2.9367,-0.19808
23.793,5.2498
-16.215,11.134
-8.3942,-3.0328
-12.283,-5.1163
2.8418,15.22
-14.703,-4.832
-17.97,8.2016
-11.836,-2.0763
-15.128,6.1134
-10.039,-16.503
-12.206,8.7071
3.9451,9.5302
-1.7961,4.7501
-16.769,-8.2935
-16.678,0.22107
-14.709,-3.3563
-1.6763,12.682
-4.7975,16.03
-4.8119,16.133
0.46571,-4.2624
0.45815,-4.2922
-10.105,-7.6829
-18.094,11.683
0.05244,-2.3028
-17.77,-0.46847
-4.0648,-8.7416
-6.9555,-20.963
14.983,-11.231
-2.4765,-8.4707
-6.8995,-7.9855
5.7931,25.005
-5.8711,5.2798
-0.028298,-31.915
-9.9076,-0.69747
-3.4112,-8.9739
20.961,-1.344
5.3805,-2.9844
-10.228,-3.5874
-14.108,1.3418
-0.0463,-31.936
-10.111,-14.103
14.355,3.9856
6.5677,-10.558
-14.692,-4.4447
6.1928,-10.566
19.333,10.45
-12.528,-11.382
-13.026,-5.0381
-3.3686,0.28549
-15.657,-5.1973
11.537,-10.888
18.914,-0.24542
-12.523,7.982
-5.1512,-3.8912
0.23655,-6.7341
0.85657,-2.4284
-18.326,13.93
6.746,-4.3376
-20.183,7.3678
-7.306,-8.0569
5.1538,14.547
-20.646,-1.3798
6.1733,-10.433
1.0156,24.831
0.050493,-0.01052
0.0020769,0.01406
-18.512,-4.1655
-2.0697,-1.1092
6.6604,15.605
-10.157,-3.5733
-1.9897,-7.1878
-6.9878,0.38548
-5.8501,5.4737
-11.392,-16.152
4.2229,9.3778
7.5047,2.8916
-6.6807,-0.5342
-3.3504,19.717
10.533,-9.6899
7.6522,3.7417
20.013,-4.679
-10.295,-12.258
-16.55,-4.7658
-10.016,-14.064
3.3095,-6.874
13.517,3.9174
-4.0371,26.457
-3.2796,-7.8483
-5.7345,-0.44387
-10.313,-18.011
-21.395,-3.5091
9.1776,-6.7113
8.2337,-6.2627
14.05,4.8528
13.308,13.883
20.056,-0.83111
-21.195,11.075
-0.096038,-31.902
-2.3113,4.3204
-13.515,-8.9761
-13.616,-1.0733
-10.692,-2.602
11.489,-10.77
1.6047,10.308
-7.0334,-0.69492
0.12753,0.13815
-16.577,-5.8621
0.94059,9.4077
-17.416,-6.7676
0.29339,8.142
8.79,0.80279
-22.174,0.82374
-2.1734,-6.8214
-13.622,10.507
-16.923,-5.4988
1.5577,12.107
-7.3486,-17.121
-13.269,0.040667
-6.9246,0.42687
-8.0794,-9.4425
-19.593,0.069218
6.7814,-9.798
-12.05,2.1494
13.528,-12.5
-17.836,-1.7591
6.7441,16.086
11.084,0.7384
1.9404,4.1091
-9.7391,13.988
6.1391,-7.2115
0.38916,13.211
-3.6641,0.51287
-3.1057,-19.353
16.547,-5.7171
5.7762,24.797
-13.46,14.465
-10.773,-3.0332
4.8078,11.777
-6.8324,3.141
5.153,-5.1738
-12.553,-16.132
-9.697,15.759
-3.3611,-7.9439
-5.1686,-8.1176
-4.3459,-4.8654
8.3418,-14.405
2.2027,12.023
-1.8763,10.333
-5.4681,-15.739
-6.6054,-7.8935
20.81,2.2807
6.2128,25.614
-6.5123,-0.63591
-11.667,-16.332
-12.245,-16.111
-20.174,7.3925
-15.268,-13.893
-14.077,10.359
10.478,-13.144
-5.1962,20.557
-4.7918,-0.25372
13.557,4.1478
6.6221,3.9605
19.373,-0.35459
-13.343,0.11394
-18.673,10.558
10.086,11.988
-1.7864,-5.9243
-2.0091,-6.0348
-12.937,-11.988
-6.945,-10.919
13.247,14.359
-12.089,1.8842
1.9648,7.9666
7.575,3.4933
6.793,4.1044
-6.7185,-16.195
-15.932,-5.4293
-10.303,-19.863
-16.308,-3.3247
-14.793,-3.6481
6.3652,25.663
-3.3444,-12.228
-22.073,0.92342
-13.755,0.92812
-11.643,-14.558
-3.4294,-8.2069
-18.63,6.8988
-3.3462,18.872
-10.626,-10.207
-2.4389,-8.551
-0.013627,-31.952
14.791,6.7219
-13.203,12.238
-0.020641,-31.988
-10.208,3.0414
13.137,-11.935
-8.2391,0.33685
6.186,-5.3406
-14.687,-13.641
-0.077364,14.204
3.9087,-8.4171
-15.713,-4.6713
3.6942,12.237
-17.026,-5.2129
9.7193,8.8845
5.105,4.1569
-2.7533,12.624
-18.004,-3.1085
-10.291,7.608
-5.0656,-16.479
-11.115,-2.0142
10.362,8.3009
6.8697,15.786
-5.6867,-9.6944
-13.205,-13.666
-7.1976,-0.15037
6.9677,4.0473
16.488,-6.2345
-9.6004,8.6446
12.265,1.9916
10.347,0.53608
-12.854,0.094756
-12.901,0.093391
6.8658,6.7561
-16.851,-6.5375
10.078,-14.483
-11.294,-20.029
-10.15,2.8875
-10.566,-10.04
-0.67455,2.4053
-10.001,-7.7914
8.4004,9.8873
-10.652,-2.641
-13.085,0.33401
-16.703,-7.9899
-12.024,-11.683
1.429,12.302
-13.978,2.1827
-16.309,2.868
6.0655,-17.028
13.257,7.6241
-16.307,-5.6512
-0.063698,-31.926
-11.619,-16.287
-0.018187,13.832
0.39376,-15.774
-13.241,-2.4841
-10.453,-0.84101
-19.037,-4.6454
-12.209,-21.312
-12.831,0.063038
-11.172,7.6343
22.812,-6.8919
21.846,4.351
6.1062,-0.2134
8.3652,6.2163
1.0501,15.498
21.87,-2.1679
6.6694,0.027361
12.651,15.101
12.121,-2.1428
10.192,-0.095512
9.8575,12.068
-2.2285,4.7578
23.63,0.32841
-5.7052,3.8121
0.3977,3.7109
24.998,3.9669
13.911,-9.6105
14.893,5.4452
11.6,1.6548
2.9822,26.874
-13.306,-5.2622
3.2936,26.935
-0.0021361,-32.028
-9.7078,5.9617
-1.3775,20.084
-17.614,14.947
6.6259,15.935
-4.6188,3.5231
-0.0019369,-32.032
11.454,-10.769
25.894,3.0208
4.8406,-19.155
3.7585,26.049
15.336,-8.1786
-13.12,12.153
13.094,-10.985
11.315,-6.7186
22.082,-7.9736
-4.5687,16.131
-2.0894,2.8678
0.025859,8.0285
10.363,-10.862
-3.6406,-16.721
-12.275,-8.09
-7.5916,2.8934
1.0191,-15.863
6.7445,3.1683
-12.604,-17.044
-8.8372,-1.7311
21.845,-7.8712
0.2605,-15.663
-7.8324,-4.6042
-2.9632,-8.6715
-11.003,6.8858
-16.696,-2.3397
-9.5705,-6.2022
5.4112,-2.6677
-13.15,-4.4343
-10.388,-8.0103
2.9926,26.871
-10.279,-0.95043
0.097529,8.0337
-1.8988,4.6006
7.5438,15.115
-2.2331,3.6169
-3.9009,10.94
3.8838,1.9279
8.1884,13.783
-6.4837,13.501
11.775,6.269
-7.0354,-8.2156
-10.315,-16.589
16.131,8.0262
3.477,9.2478
-12.429,-11.154
4.5647,9.5009
-16.97,-2.3176
6.1813,-5.1679
14.936,-8.9421
-3.5945,-0.031064
8.5553,-14.298
-3.3235,-12.192
-2.4506,-8.5465
2.422,12.296
0.12644,-15.743
-18.543,-4.8204
-16.803,-8.3613
14.862,-5.8474
-0.56661,-10.518
8.49,2.5204
-17.511,-1.9031
1.9543,4.1548
-19.235,5.0252
1.3087,13.184
-20.962,4.7021
3.4074,-12.114
14.583,4.1776
-6.4888,1.8303
-12.875,0.088823
-6.8497,-7.905
2.0756,10.366
3.7317,-4.9137
-12.864,8.243
6.1331,11.51
-6.325,-15.886
15.845,-4.4101
9.5488,7.8611
0.11157,0.06516
-6.5341,-7.9125
-6.5166,-7.8901
1.4509,-16.09
-11.726,-16.137
-20.074,7.4672
-0.037827,-0.015814
3.1939,-4.5499
-6.4497,-14.655
-4.4404,-18.481
-7.0822,-3.9147
-10.157,-19.56
10.372,8.277
-10.684,-16.261
-5.9417,-6.0141
12.616,-3.0355
5.5498,-8.1428
-6.4013,-14.576
-4.9245,-4.0603
5.6204,-8.1477
7.3696,6.9243
18.253,13.752
0.0083893,-31.929
3.3815,-12.116
-10.051,-19.642
-6.1579,-15.988
-0.030078,-31.919
-16.348,-2.9781
-15.846,8.2337
-16.78,-8.323
-10.201,-12.189
-2.5903,-0.7104
8.2852,-5.6053
-1.0261,-1.3909
-0.011218,-31.936
11.508,1.9775
-15.265,2.1713
-7.7578,4.6338
-6.3608,-7.9433
-5.7411,-15.47
-4.2661,-16.643
6.5971,0.10838
4.4953,6.2
13.522,0.23312
4.8153,-4.3428
-3.9879,-3.6372
15.06,5.9346
-6.8998,-7.5922
5.9896,-8.2767
-0.04845,13.928
19.252,-3.6151
6.2512,-8.3994
0.00075852,-0.01793
-12.085,7.8329
10.145,-5.5728
-10.296,-3.9355
-13.293,-0.063715
-1.01,-1.7793
-8.9257,-6.6085
0.092919,0.00012015
-2.7516,-5.0998
-10.687,-3.0066
10.335,12.129
10.063,-3.6257
10.06,-12.428
20.597,1.684
-19.161,5.1916
14.516,7.9805
17.078,11.968
4.1729,12.135
0.0025171,-32.039
13.04,0.18446
22.659,-1.2348
22.226,-7.7457
11.401,-11.453
2.989,26.902
3.0852,14.858
18.111,-2.0047
22.142,-3.8363
22.685,-6.7867
15.468,-7.5637
3.1204,26.919
-3.3378,-12.162
23.783,-6.5974
1.1146,12.363
-4.073,-0.56292
18.952,-2.6513
-4.0766,15.233
15.495,-7.5388
5.6798,-19.166
7.3349,-7.2198
0.59168,13.125
3.2268,20.889
-5.9579,-0.45575
-2.5677,-5.1676
15.303,-8.4104
-1.7591,15.184
15.056,-11.991
15.073,-9.0324
8.2849,7.8456
-7.2838,-13.646
-0.044542,-31.926
3.9209,4.6385
11.957,-15.279
-4.0182,-0.39137
-13.464,0.10499
-12.741,-14.033
-7.1014,-16.028
-7.96,-4.7698
8.3643,10.001
6.1653,-17.047
-11.901,7.3461
5.6462,25.172
-0.012988,7.7749
7.6051,7.4029
6.1628,-17.036
-18.673,10.558
14.278,4.8599
-7.1539,-11.297
-20.257,1.1218
-7.6987,10.068
-6.956,-11.134
-11.424,-19.997
-8.6833,8.6158
-7.8145,-3.1902
1.7961,7.9735
-8.1282,-18.578
0.10782,0.1032
-11.367,4.616
-3.6019,-7.7538
1.1182,-2.6699
-2.4579,13.575
-12.325,-15.968
-17.162,1.2672
-3.4988,-9.1507
7.4199,8.0464
-6.9448,-19.754
-11.185,-20.085
11.937,-5.7355
-15.004,-3.7582
-13.045,-13.455
3.475,-8.278
1.8826,4.0872
-8.7997,-18.794
-0.012809,-31.982
-0.11787,-15.774
-12.565,-15.924
-9.5627,-17.288
5.8634,-5.1078
0.19872,-15.714
6.4033,8.1447
-13.638,-14.307
0.060349,-0.026321
-20.122,7.5104
-17.969,1.0063
-11.451,-21.123
-11.294,-20.029
-3.8594,-3.3221
-20.603,-1.3025
-15.515,-1.1518
-7.9874,3.6735
5.2828,13.655
-3.7469,-7.5955
-0.043583,-31.927
14.825,4.4998
-0.82246,-11.857
-16.572,-5.7804
-7.019,-13.647
12.323,-12.174
-20.326,11.939
-10.08,-18.435
-12.471,-8.1225
-0.21564,-15.79
-3.7877,-16.736
9.1172,18.437
-17.601,14.927
-10.318,-4.0083
-12.949,5.9094
-16.23,-5.6782
-6.8109,-0.034644
-11.418,-21.254
6.7057,4.098
-7.7753,-14.682
0.51743,14.091
-0.0047268,-32.036
-15.137,2.2003
5.6598,-8.1388
-14.55,-5.2041
12.053,-15.044
-18.272,-3.3461
-10.917,-0.55248
-4.1408,-14.5
4.591,6.3622
-18.711,-4.4586
3.1784,7.7167
0.0051054,13.855
-5.4842,-16.203
3.5728,8.0918
14.203,-9.1424
-10.998,-11.944
-12.147,-10.037
-18.707,2.0291
5.6597,-8.1389
-10.738,-2.5737
20.35,11.375
-3.9917,12.544
21.929,-1.909
12.65,15.101
12.548,15.214
12.65,15.101
-10.782,-0.95317
-8.9202,-20.38
4.966,27.443
20.35,11.375
22.355,-7.5281
-12.037,7.8987
23.737,-6.6694
12.15,-2.2259
22.117,-7.5425
6.7431,4.0152
13.555,-12.165
6.4457,-0.019988
-12.037,7.8988
22.502,-6.0586
18.263,13.815
0.26093,-4.3463
-7.7134,10.067
22.906,-0.9302
0.22389,-6.9287
9.5818,8.6126
9.5818,8.6126
-8.1776,10.047
-6.4854,3.8862
23.339,-6.0607
-20.043,10.981
-20.043,10.981
23.547,-6.2907
23.021,-5.8039
7.7537,-2.4493
-9.0414,-13.907
0.33778,-6.7056
18.262,13.814
5.8244,0.50393
-2.3686,1.6599
4.6651,-0.6885
13.961,-11.419
-3.4399,17.819
-6.6145,-7.8497
-7.0796,-0.14521
-0.37129,-15.52
-4.631,-0.59805
-7.0281,-0.2429
-6.7573,-7.8308
-4.7075,-7.4115
7.3815,9.5063
7.3846,9.5059
-7.0702,-0.24649
20.59,-2.9761
4.9583,-16.214
16.12,-4.5098
21.903,-5.5309
11.916,-15.15
26.85,2.3178
16.989,-0.032082
17.278,11.829
15.079,6.8419
16.412,7.9479
-3.6173,27.733
6.7036,-1.8446
3.5632,10.085
14.925,7.5341
-6.5081,-0.45131
2.252,16.173
19.3,3.1207
-9.4839,-13.175
6.1555,-3.6524
4.3012,11.966
-6.8285,-5.0026
-2.8065,-3.6636
-0.43298,-8.7607
15.723,-8.4339
-10.15,2.8876
4.8376,-13.434
-10.257,3.4434
-2.7532,-7.1564
-11.173,-20.052
-22.312,0.63029
5.7399,-16.501
18.751,-4.0213
6.9428,-5.501
-12.607,-16.59
-20.227,7.4596
-6.5725,-15.518
3.7918,7.6923
-11.732,-18.489
-3.9654,-3.3739
5.4519,-6.565
-0.16115,-15.79
-14.716,-6.2521
7.1446,4.0403
-2.8621,-2.3735
-0.055319,7.7935
0.0088607,-31.94
0.27871,-15.732
4.1193,4.8771
-1.8318,0.25414
22.401,-7.7283
0.2861,2.5545
-15.42,-0.57535
-3.3447,-19.655
3.2173,8.1187
-3.787,-16.709
0.17935,15.836
0.10381,16.087
3.3984,8.5644
-15.864,6.2821
-3.7592,-20.464
0.0027348,-32.045
15.056,-8.5351
-1.0614,21.588
2.9355,22.146
0.071465,16.107
3.45,18.674
3.5961,19.576
3.3132,19.511
15.209,-8.4412
0.070686,7.749
-0.018476,7.8548
13.234,7.4001
0.054865,20.687
-1.0404,21.579
-9.5054,-22.258
3.3077,19.769
-3.2444,22.646
3.3489,19.578
11.032,-11.936
13.921,-9.8851
0.30864,-15.678
12.588,-3.2966
-6.4848,14.236
-3.3704,19.855
3.5241,20.535
3.6012,20.424
15.366,-8.3696
-3.4605,16.263
0.011383,-31.907
-0.25381,16.665
-0.033725,7.8188
-1.6423,13.236
-4.2505,15.895
23.82,-2.0975
-2.5944,11.568
-2.1128,11.877
-3.6728,-20.598
10.082,-12.599
22.271,-6.9865
0.13918,7.834
-18.831,5.9666
2.4663,6.8698
-11.302,-7.2514
-3.8094,-20.379
5.6504,24.649
10.457,-11.091
4.9083,-15.642
3.2877,19.825
12.188,3.0012
-3.164,19.696
22.187,-6.6733
-1.3491,22.555
-3.4877,16.177
-3.5882,27.658
-1.6869,23.745
0.22251,7.3794
-2.6476,12.631
3.2669,20.713
-1.4804,13.319
4.5815,-13.272
-0.03549,7.8339
-5.5038,16.941
0.089133,16.051
1.8625,6.9608
0.098986,7.7854
-0.024176,-31.974
0.2446,-15.724
-1.8542,14.974
3.7345,19.706
3.6348,19.529
-11.119,-1.1987
-0.62164,11.453
12.534,-3.082
-3.4448,16.144
22.59,-5.7646
5.1815,-14.245
-3.5407,11.881
20.033,-3.7167
23.656,5.1875
3.2989,19.896
0.032436,-3.1339
-2.2099,18.955
12.19,3.0001
0.004085,-31.92
0.30928,-15.761
3.6193,19.611
3.0996,20.107
-6.6335,15.107
-3.9851,12.612
-11.509,14.7
11.948,-15.191
10.022,-12.575
-19.094,14.433
20.581,-6.9772
-19.835,-2.1871
-8.9795,16.369
-0.0072202,-31.988
0.26935,-15.751
-12.711,-7.539
0.16347,20.646
23.925,-1.6115
-0.72707,17.407
-0.12714,8.1448
-0.088036,8.093
15.257,-8.2943
0.053666,-0.011994
15.9,-4.5436
-14.276,-9.9139
0.0020609,-31.959
0.0045031,-31.954
-0.002491,-31.985
13.116,-10.417
0.014854,-31.905
0.24562,-15.664
-18.413,13.276
3.5188,10.038
10.256,-9.4928
-14.011,6.452
-3.8035,-20.501
16.435,12.345
-4.5025,16.482
9.5213,-11.133
-6.542,-15.007
11.542,-12.168
12.096,-3.7143
0.1431,-15.723
0.15679,0.14981
-0.0060884,16.221
-8.4073,1.9874
1.4536,10.377
20.596,-4.3074
-3.7539,12.141
-0.17144,8.1608
9.8466,7.8871
0.033029,7.9637
10.332,-15.625
8.9595,1.5112
-1.0983,14.911
12.714,7.7271
0.19067,-15.719
-3.4504,16.061
9.9121,-14.449
10.152,-4.5685
-21.13,-3.9067
-2.4266,-5.2818
20.754,-6.9495
1.9154,4.1027
-10.232,-0.73306
2.6188,8.7029
22.076,-7.3033
16.532,-7.1715
0.0030939,-32.086
0.25175,-15.723
20.299,0.164
0.0012459,-32.055
20.833,-7.1132
14.966,-12.84
26.609,2.7658
16.465,13.825
-11.327,-7.2008
10.359,-2.9923
6.402,16.24
10.009,-3.4813
-1.8957,-2.8486
16.738,0.20764
9.3442,-2.8791
0.00059242,-32.052
7.9275,8.4565
-4.6183,26.533
0.10533,0.10057
-4.2654,26.957
13.326,-13.011
-6.6724,-7.5063
22.885,1.154
-0.00069421,-32.067
0.004401,-32.036
0.0063262,-32.031
4.5657,26.925
0.002378,-32.037
22.403,-5.5807
-0.0019514,-32.06
-0.53728,11.378
-0.0021129,-32.071
-0.001724,-32.062
5.6916,8.0265
21.997,-7.9484
-0.01105,-31.93
-9.8795,7.8908
14.997,-8.9509
8.8949,-6.0146
-20.192,1.0793
-6.5493,-7.9033
-7.4232,-14.764
-0.07363,-31.916
1.5999,12.18
10.025,-12.011
0.18515,-15.718
-0.026996,-15.731
14.259,-11.347
1.2602,-4.4858
-3.9175,0.013041
0.99247,9.7118
-5.9418,-18.303
-10.126,3.0694
-11.699,-16.304
6.2063,25.608
-7.2683,3.3335
20.756,-5.846
-3.0526,-13.751
-10.101,3.0298
-8.6801,0.81991
-10.089,3.0596
5.3571,-6.6506
-0.013133,-31.938
12.987,0.84562
-20.686,-1.4852
0.72572,9.4179
3.9129,14.999
6.3611,0.1222
-20.19,7.3528
-3.416,17.831
-0.0087117,-32.014
-16.961,-6.7206
-9.7383,-15.515
-9.1016,-20.192
-8.2468,-18.073
-12.54,-17.742
-10.182,-14.117
-12.411,8.1453
-0.036764,-31.892
-0.037197,-31.887
-18.579,-3.8003
-19.589,0.065498
6.1518,-8.3668
-10.046,-12.255
22.791,1.3431
-10.718,7.6608
-2.9621,-0.36577
-14.002,1.0029
-7.5265,-5.0784
-7.5269,-5.0787
-12.306,-0.46168
-7.1639,-13.569
-14.88,-14.183
-8.1174,-18.11
-12.915,-6.5767
-4.5273,16.12
-3.8618,12.162
-9.149,-6.2698
14.413,-6.1875
1.3117,-16.076
14.267,-12.959
-9.4238,-12.032
-11.175,-1.1324
-0.31222,-15.614
-10.884,-20.527
-1.1521,24.099
11.71,0.27785
-11.969,-16.25
-9.3268,4.5451
6.8199,0.32718
-0.00057438,-32.091
-0.53446,-13.945
15.125,-12.889
5.9896,-8.2751
-4.1932,4.5931
26.528,2.7144
0.16211,-15.704
12.509,-14.447
-9.7709,-15.465
-14.565,-4.3914
10.017,12.069
20.832,1.2331
6.5528,-3.7242
-13.846,-9.5055
-2.2183,-10.6
3.9844,-0.35268
-15.676,-1.3294
-10.938,-16.202
-4.3386,0.73754
-3.1155,-13.774
11.854,6.6039
-18.831,5.9666
-4.6728,6.6564
-9.9903,-7.7808
-0.031483,-31.937
-10.562,-19.79
-9.3597,-19.61
19.28,-2.8778
11.656,0.37254
-4.2254,25.116
-3.7693,20.336
-13.074,-4.2601
4.7975,-19.62
-2.0472,-20.344
-11.468,-16.423
6.6528,8.446
-0.013954,-31.979
-6.9767,-8.0377
24.999,3.9677
-6.0031,-5.9784
20.612,1.8694
-11.571,-16.63
-7.121,3.9817
1.9556,4.005
5.1095,7.4884
2.1403,14.424
6.5351,-2.8092
-8.9744,-19.814
15.416,-3.902
10.3,12.071
-3.6741,-8.2561
-0.29342,-15.766
3.0391,-0.2678
-6.4541,14.067
-3.4981,-2.8358
-2.5152,-12.918
10.352,-14.48
13.325,1.308
-9.968,-13.616
5.0967,-15.784
-1.2751,25.931
-7.3529,6.7076
-0.59789,-0.66099
-0.53993,-0.67796
-9.6164,-13.259
-0.00066589,-32.108
-11.975,-0.57726
0.11726,-0.07237
-0.056257,-31.91
-9.4211,-22.009
-7.9864,-3.2045
-12.717,8.1967
15.222,11.06
6.6688,0.18659
5.8661,16.501
-10.031,-12.104
-2.874,11.892
-7.1031,-18.039
-0.00045145,-32.092
-4.1992,-3.2754
-13.134,-0.12452
5.9692,9.2157
4.3289,-5.0659
13.268,-11.227
-1.2073,24.162
5.9465,-7.4328
-10.404,-4.2201
-2.9865,-4.244
0.50428,24.648
17.778,-0.71816
17.822,-0.81825
25.643,2.6799
20.992,-6.2079
19.309,1.6032
6.772,-0.042524
16.238,11.965
7.6274,-0.87993
21.546,-7.4496
11.5,-7.7054
22.142,-3.8363
20.502,-8.1901
16.623,11.65
19.779,-4.3376
19.222,-2.9267
9.8484,-3.0783
6.9571,-3.7801
20.157,2.5862
6.8652,0.084554
7.0609,-2.7052
19.154,-3.9257
23.015,-4.4704
20.933,-1.3295
20.6,1.484
20.374,-8.553
16.694,12.519
-4.4979,2.0026
7.601,-1.0752
11.717,6.1306
14.059,-9.8574
14.007,-9.5939
13.893,-9.6821
8.0294,-1.399
18.564,0.78978
7.4318,-3.4112
7.4258,-3.3934
14.946,-11.735
15.227,-12.412
-6.487,9.9691
16.603,-0.70599
-0.36501,-2.9452
5.4967,-1.9881
7.3078,-7.0533
16.855,0.042399
16.476,13.975
16.491,14.008
12.534,-3.0814
9.8699,-12.161
4.8287,-1.3583
17.039,-0.20492
10.086,-13.907
6.1546,-8.393
17.023,-0.055671
25.3,2.4981
13.247,-0.16883
24.588,-2.0225
14.138,10.783
12.894,8.5036
8.8271,5.0599
10.021,-12.216
10.072,-12.514
15.307,-0.16341
16.228,-5.2408
16.713,0.4551
14.972,-11.724
6.7233,-3.7616
-1.481,2.3886
6.6499,-3.6977
-1.3901,-1.4776
9.0013,7.447
6.996,-4.337
5.0903,-2.3993
15.309,-0.15624
15.388,12.384
15.332,12.358
13.435,4.0587
10.236,7.8773
-0.15166,1.8988
13.818,7.6836
8.595,5.6609
20.5,3.9862
14.994,-11.87
15.779,10.526
13.331,3.9078
16.783,0.25058
14.293,-13.218
11.513,-15.607
-11.401,8.6
-7.0202,7.7515
24.199,1.8772
-4.0621,0.0012285
-6.7688,9.2732
6.8173,4.0521
16.287,-7.6856
16.496,-6.0849
6.7566,-9.7871
15.973,0.87672
5.6395,-0.40397
12.188,3.0011
8.8797,6.3967
6.3417,-0.26065
20.789,3.6756
13.522,9.9106
12.321,3.1958
15.43,10.281
16.656,0.72631
13.263,-11.416
-7.1688,3.829
4.5486,-6.7315
-9.3258,4.5541
-1.0869,-3.1266
-5.8658,0.19292
12.813,8.2881
7.399,8.0616
-5.8022,-0.61484
-9.3778,4.6752
3.6002,6.5349
4.788,6.0033
14.013,10.381
11.572,1.8603
4.3308,2.2232
12.23,3.0872
16.532,-5.8777
11.542,-15.586
-6.9473,-0.13666
-9.7052,7.2787
-8.4156,6.3035
-8.9681,4.4763
-6.3396,-0.11976
-7.1357,3.5698
-7.086,4.1756
-8.046,4.7587
-7.1382,4.2305
13.546,9.9248
12.886,8.5065
-13.706,11.19
8.9275,13.463
5.8824,12.231
14.338,-12.754
13.414,0.83812
15.041,-11.952
-0.54531,0.86062
11.523,0.40544
9.0784,21.634
13.785,3.979
9.5415,21.902
9.56,21.857
9.2839,21.868
9.2839,21.868
9.333,21.954
-6.3627,1.6098
-6.5852,-0.28123
-4.8556,-1.7143
-1.887,-2.955
-13.058,2.9278
-2.5075,4.9727
8.0393,-14.616
5.1737,-8.3403
-18.933,13.696
-18.928,13.686
11.825,6.8454
12.944,-12.243
10.961,6.5483
13.746,9.2095
16.498,0.062533
6.6818,-11.646
14.181,9.2343
14.887,8.0042
13.736,9.3249
14.628,5.6674
-13.118,12.087
-12.103,0.83637
-10.501,15.28
-11.054,7.1842
0.030402,7.8137
-3.7305,-7.6046
0.13548,15.891
5.0598,7.9048
3.2962,8.6164
2.136,16.025
5.5973,-17.035
3.1777,19.317
6.5291,15.246
6.5042,15.319
13.146,1.1245
-2.2292,15.14
-5.4887,-5.7006
-8.7311,2.1691
-13.179,-8.6053
-6.5749,-8.081
-17.986,8.3691
-11.088,-11.853
-17.828,8.3779
-10.586,-0.73254
-18.132,8.2953
-14.452,2.1363
-11.554,15.682
-10.43,16.416
-3.1256,13.455
2.8255,19.526
3.2741,19.842
-11.388,16.005
13.358,-12.676
6.4282,15.29
3.5961,19.576
14.541,7.366
3.7397,19.718
8.9954,21.779
-10.09,-12.009
-14.045,5.5092
0.32644,-15.67
-12.991,-6.9009
-13.273,12.132
0.35423,-15.677
-17.897,8.4193
-17.5,7.5004
-14.431,1.8463
2.1477,6.8639
-18.145,8.8967
-19.209,5.0909
-0.066687,16.17
0.45865,7.6704
-17.832,-2.0683
-10.875,-1.0586
-3.1751,11.331
1.8396,12.128
17.538,-9.7468
2.9113,21.299
3.3036,19.785
-2.4869,12.391
3.8291,-9.7783
2.7719,15.611
4.2092,24.608
-14.955,-6.1944
-7.2073,-4.4698
-10.022,-11.99
-17.122,0.66371
-11.288,-6.778
-17.805,-1.9252
-2.3317,-13.42
-17.392,7.4265
-13.659,7.5573
0.83859,7.2497
-20.049,7.4879
-8.7621,16.372
-2.5667,15.749
-19.817,10.737
-20.199,9.7213
-2.6305,14.945
-0.49678,16.903
-0.98741,21.445
0.14125,20.714
-0.93853,21.208
-1.0073,21.417
-0.87951,17.65
6.2373,25.701
-2.2714,11.873
-0.71148,12.358
6.5844,-19.816
-13.523,-14.355
-13.607,-13.705
-9.9722,-11.964
1.6668,-16.324
-12.561,8.0271
-16.554,-0.22377
-18.143,-3.0156
-14.484,3.3825
-8.8952,-1.8017
-17.369,7.1483
-13.998,1.8552
0.42723,13.113
1.7905,0.85398
0.08031,7.9737
-3.5884,11.472
3.1293,0.17182
-0.16862,14.091
3.0982,26.908
-1.0483,21.595
17.608,-9.7814
-11.292,-7.2183
-12.922,-6.6528
-11.103,-6.1165
-3.5305,16.222
-17.229,7.3056
0.53795,-15.762
-3.4807,16.279
-3.317,16.139
-3.878,12.918
6.6078,-19.933
-12.831,-1.049
-7.0005,-8.4144
-3.6106,16.249
-17.226,-8.1504
-3.1252,17.881
-6.6557,-8.1885
0.3885,-15.734
-1.8327,15.403
-3.3716,-8.1888
0.43061,-15.773
-0.72886,25.874
-9.6559,-4.819
2.3349,-17.143
-10.401,-7.8582
1.8197,0.79398
-1.483,23.147
-2.4608,9.9101
-7.2515,-16.514
-12.383,-13.142
-21.309,-3.4126
-10.682,-4.5606
-3.3498,19.84
-1.5631,-9.8003
1.4461,-10.993
-1.4558,-10.8
-4.1463,16.349
-1.5679,23.37
-10.712,-18.227
0.25422,-15.716
-21.291,-3.4115
-15.092,-13.957
-1.7552,23.839
-13.196,-2.3702
-1.5862,25.916
6.58,-19.948
2.2297,-17.063
0.01107,-15.626
0.27056,-15.726
-1.7234,23.787
-1.472,-10.841
0.24599,0.081699
1.0087,24.813
-10.612,-18.546
0.4132,-15.758
4.7722,-13.548
4.7722,-13.548
4.8969,-13.767
5.0543,-14.032
4.9779,-13.842
4.9779,-13.836
-3.3922,25.842
-2.2925,25.781
-1.6888,24.279
-1.3303,25.79
0.30577,-15.598
4.0089,-14.721
-4.5175,12.498
4.598,-13.379
4.6459,-13.445
4.6949,-13.456
-0.085994,-15.767
4.47,-13.464
4.6013,-13.43
-3.7308,25.647
-2.5249,26.12
-3.1057,-19.351
-4.6557,26.509
4.4256,-13.235
-2.0598,-20.449
-2.9214,26.013
-4.1034,-19.73
5.4974,-15.225
5.5239,-15.229
-9.4877,-22.257
5.4965,-15.257
5.4603,-15.346
5.4734,-15.339
-4.1791,-20.07
-1.844,-19.324
4.2392,-15.211
4.2658,-15.208
0.08958,-15.76
4.9743,-15.974
-0.036404,-31.916
-0.014295,-31.887
4.9213,-15.618
0.097079,-0.058697
0.19003,-15.796
0.0088437,-31.946
0.0084351,-31.947
-0.023124,-31.924
0.0073992,-31.921
5.3071,-15.836
-0.0088205,-31.935
-0.032281,-31.939
-10.607,-22.089
-0.01297,-31.94
-0.0070474,-31.944
0.0015242,-31.956
0.0020841,-31.959
0.0025343,-31.962
0.00039032,-32.089
0.00045396,-31.962
0.0040179,-32.071
-3.5893,27.735
-0.00019397,-32.038
-0.00021177,-32.078
-0.00013489,-32.092
-0.00071619,-32.099
8.5211,-6.7426
13.2,-10.488
15.194,-8.4596
7.2439,6.3162
7.258,3.9274
7.5093,6.8476
-2.2033,3.8101
-6.8265,-8.0689
12.868,-12.361
-3.1917,13.456
12.713,14.999
-11.916,9.4215
-3.8163,-9.0782
0.2807,-15.644
0.59824,-15.778
-12.723,-11.47
-8.4246,-16.017
-16.831,-0.036319
-3.2872,15.97
-10.433,-4.4021
-17.245,-8.244
0.010862,-15.627
0.19082,-15.745
4.979,-15.994
-12.625,-16.985
-0.03922,-31.921
22.815,-4.856
3.6388,-16.685
-0.011987,-32.036
22.121,-7.4774
-6.2424,5.0098
6.1818,15.575
-6.6943,-7.9379
-15.765,-6.0206
6.6066,0.054849
12.86,0.59705
17.606,14.221
-10.719,16.299
-7.4565,3.008
-6.7558,-7.8785
-8.5102,5.9416
-4.6079,-2.1418
-11.088,7.6359
-6.3782,4.1244
8.3472,14.108
-18.422,13.68
3.6276,26.971
3.8191,14.173
6.2024,-8.377
-11.284,16.11
-10.646,-11.936
-11.934,5.2491
-4.7444,-7.9534
4.1826,-6.4321
-8.7638,16.389
0.0059172,-32.066
11.726,-1.9697
8.5971,20.734
-2.1672,-0.45124
0.64678,0.29453
-0.029579,-31.926
7.8236,14.477
8.3282,14.089
-3.285,19.79
-1.0935,14.92
-16.936,1.3413
8.328,14.089
-5.8176,-13.462
0.00023359,-32.089
6.4446,25.725
-1.5672,12.227
2.429,20.381
20.642,-4.4681
26.326,2.8663
-16.838,-0.02395
0.0099917,-15.584
-5.7999,-9.368
-1.1032,-11.074
0.0030574,-32.052
-10.614,-16.015
8.8423,-1.941
1.0206,24.784
3.4486,20.861
6.608,3.7736
13.695,1.2469
-0.0031889,-32.073
-0.00059445,-32.109
-0.013073,-31.916
14.88,-9.0867
-0.0047511,-32.047
-0.00088324,-32.111
-0.53993,-0.67796
9.6679,-12.737
10.241,12.244
15.194,-8.4596
-0.50089,-8.7718
-0.00085946,-32.111
-0.00071152,-32.11
0.0039037,-32.084
-13.064,-7.5696
9.9043,12.001
8.5784,6.9538
16.857,0.19344
19.131,1.614
3.6417,-16.689
-1.1177,14.924
18.249,13.505
-10.807,15.049
-7.1342,0.32314
-5.6093,-5.3171
-5.6095,-5.3106
-16.163,6.5688
-1.9048,18.961
-7.68,12.694
-7.6801,12.694
0.19611,-15.647
-2.0646,1.7333
23.273,-3.724
19.794,-3.8761
0.00021524,-32.091
8.9597,1.5111
8.9595,1.5111
10.028,0.19929
-0.0083984,-31.99
-7.7106,15.352
-8.1569,0.51392
-8.1569,0.51389
14.203,-9.1423
6.9597,15.897
6.9597,15.897
-23.404,-0.12997
-23.404,-0.12998
-0.0018112,-32.089
-5.668,2.0988
-18.663,10.689
16.718,7.9089
16.718,7.9088
25.346,4.0718
7.3696,6.9234
1.8112,18.957
-8.0443,-10.791
-8.0433,-10.791
-8.0434,-10.792
-8.044,-10.791
-11.839,-16.299
-11.839,-16.297
14.89,5.0553
14.89,5.0553
1.8585,7.9133
-1.1063,14.929
11.279,-0.6155
11.09,-0.4306
10.946,-0.29606
10.946,-0.29605
-2.296,-6.9922
-8.829,2.5229
-8.829,2.5229
3.9129,14.999
3.9129,14.999
0.39384,-15.682
6.9928,6.5739
-18.005,-3.1087
9.1873,13.209
-8.5069,6.079
-8.5135,6.0789
10.451,-11.352
-0.06224,13.943
-6.7475,-7.8965
-6.7475,-7.8965
-16.293,2.7199
-16.293,2.7199
16.306,0.46616
-7.1483,5.0313
-7.1479,5.0315
9.3008,12.82
2.2217,10.218
3.1712,0.092579
-17.163,-0.78007
-1.971,-5.9661
0.028299,13.638
-17.01,12.956
-17.011,12.956
-0.59181,-0.6661
-0.034654,-31.933
-18.515,-3.7394
21.261,-6.47
-0.0010807,-32.109
-0.00021826,-32.098
-0.016739,-15.763
-8.4872,-17.69
-7.3079,-19.774
-10.569,-18.436
-6.1192,-10.701
-0.052852,-15.856
-11.62,-16.337
6.9914,3.9333
-17.922,13.357
21.526,-7.2331
3.5582,-9.6024
-12.673,-16.277
-3.4591,-12.22
-3.5346,0.11489
-15.942,-5.8264
-6.6629,-15.86
-7.8001,-15.055
-21.399,-0.11046
4.9507,-16.069
-2.0585,-7.0757
8.8676,-12.797
1.9433,-16.802
-10.454,-15.581
14.199,-9.498
-0.91331,-11.696
-0.028577,-31.949
-6.753,-15.632
-9.2284,-9.5138
-0.50653,0.80875
-0.031185,0.046111
-6.7061,-16.143
-0.0026205,-32.084
-11.404,-19.696
-12.711,-7.4991
12.209,-14.596
-2.8507,26.278
-0.034693,-31.953
-0.077464,16.257
-0.00070573,-32.11
0.54425,-6.2646
-12.598,-7.4311
-6.6075,-7.8997
-3.8421,-13.015
-9.1205,-6.9645
-11.655,-19.125
-6.7079,-8.0442
6.4702,25.602
-0.0014799,-32.069
0.21781,-15.782
-2.9849,-8.1731
-16.276,-5.6172
17.716,11.497
-8.9068,-17.021
0.47374,0.13533
-12.723,-15.879
-6.9735,-13.97
5.869,-8.4068
15.056,-8.5356
-5.7317,-5.1468
-0.046967,-31.916
-18.898,-3.5092
12.894,-12.252
-6.4266,13.382
-11.586,-14.272
-6.3595,-7.9966
2.8711,-11.908
10.06,11.998
7.7398,2.6313
2.4155,14.353
5.0157,12.769
10.075,11.939
-0.088469,-15.816
11.454,-10.795
-0.02235,-31.94
-5.0361,-13.309
-0.23521,-15.581
4.9142,-8.3468
-10.806,-19.982
-3.9076,-12.082
-11.095,1.4574
-8.1797,-3.0881
-6.9136,-8.1366
6.5482,-17.058
12.373,-12.228
8.0991,-14.595
3.2934,-9.1996
12.051,7.0183
6.4633,-17.044
14.089,-9.0897
-8.3425,-15.2
-0.017419,0.039073
-0.00072283,-32.109
-5.9068,-10.665
-4.7793,-0.46956
-0.00068539,-32.09
-4.8847,-16.021
6.3009,-16.989
1.1813,-16.228
-0.044976,-31.918
-8.2066,-9.9446
-12.343,-17.035
-0.22378,-15.631
-0.061189,-31.927
20.638,-3.924
-6.264,1.698
-10.733,-6.1282
-19.734,0.043278
5.4828,-6.6439
-0.022231,14.362
0.035984,-0.00083728
1.5469,-16.185
-5.6781,3.1384
13.113,10.368
-9.3947,-19.072
-2.9305,-14.644
-7.3134,-16.098
0.0022608,-32.088
15.698,-8.7874
0.54464,14.11
-9.38,8.544
-0.001061,-32.091
-0.019165,-31.952
6.1425,-5.194
3.2241,-12.391
-0.54139,-8.7508
0.59066,-15.815
-13.416,-3.9437
-1.8087,0.31915
-12.185,-20.179
6.1967,25.693
-8.4969,-18.075
-9.8341,-15.275
-9.5132,-16.256
-3.2847,12.034
-3.3227,-16.783
-0.027389,-31.934
-7.0458,-15.716
-7.713,-17.125
6.0056,8.2345
-13.056,-8.1203
-8.2269,-18.48
2.8825,-17.931
-0.018944,-31.967
-3.8422,-14.173
-12.276,-8.1145
-12.249,-20.129
-6.5577,4.015
-0.094131,13.823
0.10769,-0.02049
17.357,-9.6245
-6.9114,-8.0327
-0.027979,-31.938
-9.9638,-2.8053
-8.7326,-19.263
0.19782,0.06548
4.5173,25.258
22.338,-6.3666
4.2449,-8.3951
12.821,-12.362
-6.7245,-15.635
8.8478,1.5281
6.182,15.575
0.030386,7.7926
12.829,-3.575
-17.718,-4.9282
19.591,2.6411
0.052598,-0.0038631
0.3005,-15.814
-3.9745,10.1
12.554,15.188
6.6113,-3.791
-2.9429,-10.973
-0.0023789,-32.048
-0.00022637,-32.078
5.6804,24.232
4.6856,13.314
6.0739,25.348
-0.0045006,-32.046
17.897,-0.96782
11.951,-15.267
3.2663,13.928
13.531,1.5263
-17.049,6.4471
18.943,0.73385
9.0024,6.3054
-20.043,10.981
-0.0019368,-32.032
-1.9624,18.857
0.00013255,-32.053
-0.0075842,-31.988
4.9812,-15.701
14.234,-10.915
5.3801,15.809
0.00015423,-32.097
0.056235,-15.556
-2.5645,12.671
5.3445,-15.675
-7.0136,-18.284
-9.1193,-15.782
-12.509,-16.224
-11.97,-19.801
-16.784,-2.0232
-12.595,-17.912
-3.3823,19.918
-2.7228,-2.2838
-12.673,-15.669
5.6517,12.513
-13.389,-3.8234
-1.111,21.989
19.53,11.281
-3.7588,-20.464
9.8804,-12.327
-12.986,-2.1993
-8.9795,16.369
-1.4155,22.833
-16.163,6.5688
-6.7352,14.172
-1.1695,22.058
0.03873,7.9049
18.661,-4.2378
16.487,-7.2868
6.5437,-19.851
4.7603,-15.142
0.0029956,-32.046
0.23765,-4.0131
-0.81958,-12.454
0.87454,-3.6777
-3.9878,10.037
10.317,-6.3584
-0.94387,17.672
-2.9132,26.311
0.24136,-15.691
-0.13042,8.1278
-0.12075,8.0655
10.477,-11.006
-0.051632,-31.911
-2.4971,11.01
0.56603,-5.9601
-20.182,7.476
-0.010501,-32.003
13.065,7.7129
22.021,-1.6552
9.1619,-11.775
22.961,-2.6942
15.723,-8.4343
0.38893,13.249
-3.6723,-7.6683
0.27299,-15.756
-4.4356,-8.5684
-0.02965,-31.981
20.53,-5.1991
-11.502,-18.814
-5.7788,-5.1702
-8.7803,8.6364
3.3495,-9.1197
1.9192,-11.379
-10.228,-4.1894
14.197,-9.1479
-13.205,-13.666
-3.9676,11.035
-11.05,-19.416
0.32259,-15.741
-7.1152,-8.1089
-6.3291,-8.119
-6.8498,-7.9049
12.781,7.8403
-6.3419,-17.57
-4.182,25.166
-4.2401,25.015
5.2429,-15.671
10.322,0.016212
-0.031645,-31.93
-0.014719,-31.983
-8.3726,-5.8106
-3.6521,-1.1481
-13.217,6.8459
-11.61,-19.194
1.7387,0.86907
-5.5874,-12.936
-8.3945,-17.752
-12.224,-21.315
-7.8419,0.10897
2.507,-0.63828
1.6835,-11.137
-8.5564,-15.713
0.57998,-15.861
-10.502,-11.993
-8.6344,-17.516
-12.233,-13.648
-3.6283,26.294
-12.72,-15.934
0.12084,-15.699
1.8674,-11.346
0.17215,-15.629
11.609,-12.143
-0.04829,-15.802
-0.00074007,-32.111
-0.030344,-31.933
6.3138,16.204
9.0469,-6.2585
-12.889,-18.889
2.405,9.1304
-3.4103,-16.78
11.619,0.26919
23.743,-1.2974
3.3909,-12.199
-7.1444,4.0358
0.077128,-15.79
-12.409,0.49793
1.4996,10.327
0.055233,-0.015261
0.08506,-15.742
-0.01016,-31.982
10.49,0.19045
-3.3133,-8.2529
-12.208,-21.285
6.7791,6.8454
16.207,-9.3963
5.5025,-15.434
-5.9418,-18.303
-5.9455,-16.177
4.1035,-15.074
1.4609,-10.264
0.0010498,-32.077
1.0148e-05,-32.059
-0.0067229,-32.044
-0.0030213,-32.071
-0.02941,-31.955
-4.5112,15.397
6.6078,-19.933
8.646,20.852
0.17752,0.01765
-0.049656,-31.914
-0.0036009,-32.04
-0.0071304,-15.82
-0.0471,-31.919
3.8179,20.211
1.4351,-10.313
4.2414,-15.338
0.007786,-32.004
5.7729,-7.7476
-0.018375,-31.941
0.27496,-15.682
13.492,4.1363
-16.697,8.019
-0.036471,-31.914
7.9817,4.4807
0.0015772,-32.057
14.258,-13.182
-20.602,-1.8014
5.8423,9.3726
-0.53109,2.6347
-1.0769,14.871
-11.903,-16.29
-2.7748,26.637
-9.597,-22.489
22.509,-5.8946
-2.1048,-2.8
2.5477,-17.204
-7.5285,-14.781
-8.2469,-16.472
-16.546,-7.8484
-12.628,-16.465
3.7702,7.6526
-3.3849,12.163
5.2767,2.0118
-3.3404,-3.7809
-5.6,-13.586
-0.17017,-15.865
1.4016,12.117
0.14868,-15.685
-12.272,-16.916
-3.417,20.033
-8.8531,-9.6157
-0.021881,-31.943
-18.96,-6.0151
-0.49794,-15.317
-3.9393,-16.582
4.5857,-15.488
6.0429,-8.4017
-9.2381,-16.909
-7.1763,-18.351
-1.8405,-10.539
-4.6236,-12.972
-1.8594,-14.742
3.3195,-9.1106
-9.373,-19.275
-13.55,-7.1491
-15.216,-5.8388
-3.4185,-8.4965
-12.194,-8.1659
10.076,7.4187
-6.957,-7.8812
-6.0113,-10.294
5.81,-7.679
-7.9645,-19.302
-0.89893,-12.468
-2.1981,-11.255
-0.01015,-0.037728
-5.1283,20.677
-12.884,-14.172
-5.7897,2.9111
-8.1589,-17.411
-0.011048,-31.96
0.00022144,-32.098
-0.0007192,-32.11
-3.4006,-16.788
-10.326,-18.508
-4.65,6.6239
-2.8863,-14.727
8.3685,-7.2522
-13.19,-14.342
3.5153,-9.5466
-15.436,-0.53035
1.9276,4.0187
-10.404,-16.062
-0.0005445,-32.091
-13.363,-14.355
-0.017554,-31.969
-10.816,-2.9386
-0.026473,0.0053496
0.045139,-15.744
3.1855,-9.0789
-0.031357,-31.929
0.18117,7.2665
3.4387,-12.243
-16.388,-0.33968
-5.0506,-16.151
-13.909,-0.90869
-18.516,1.6505
4.7387,-19.643
-3.7468,-12.467
-0.00020865,-32.096
0.00036106,-32.089
-0.048147,-15.399
-5.5077,-13.409
10.841,-6.1341
-0.022948,-31.956
0.065219,-0.023009
-4.7745,-7.8354
-0.20941,-15.676
-9.8407,-16.439
-5.8814,-6.0227
-3.2569,12.075
-4.7173,-15.963
-0.03128,-31.945
-0.00071285,-32.111
3.7063,-8.3074
-0.43008,-8.8632
-3.4545,-8.027
-9.9248,-18.484
22.691,-1.3426
-3.0444,-14.23
1.9131,-11.47
-8.0933,-18.755
-21.879,0.80321
13.094,-10.985
-5.478,-18.002
-6.9723,-8.1143
3.2247,-0.11125
-9.6808,8.3791
0.39974,0.12341
-6.5444,-3.4622
-0.00068561,-32.108
1.8675,8.554
-3.2885,-16.565
2.7641,-0.68289
-13.964,-9.705
-2.2387,3.7661
3.9365,4.9909
-16.492,-7.6868
-7.535,23.925
-10.082,-4.474
-0.89575,-10.647
-0.19812,-15.678
-22.221,-0.58576
-9.1656,-12.368
10.322,-10.256
-0.005827,-32.037
-6.1052,-17.59
-10.908,-20.303
-7.1873,-8.2209
3.237,-8.7539
-0.00088703,-32.11
-4.9724,-16.608
10.306,-11.228
-8.9988,-15.574
-1.4803,-9.9497
13.058,0.44989
-9.1751,-17.982
-0.024325,-31.933
3.0849,-12.27
1.7734,-16.566
-14.748,-4.6757
-4.009,-11.875
4.29,-9.3122
-2.3111,-6.9205
-7.1654,-17.162
-0.00073803,-32.109
-10.01,-11.93
-2.6335,-13.586
5.8999,-8.3197
-10.5,-5.241
-2.121,-20.442
-3.162,-16.447
-0.075143,-31.899
-7.9408,-17.635
-4.083,-14.383
-8.2181,-18.195
2.8565,-12.174
-1.1296,-2.1528
1.5701,-10.079
-4.5772,-18.401
-18.449,1.6669
-0.00091499,-32.111
-0.0011698,-32.108
-10.012,-18.054
14.578,-13.056
-11.526,-17.413
-0.028222,-31.932
-8.1096,-17.989
-3.836,-14.376
-6.8442,-8.0537
-7.3534,-5.3037
-8.5901,-14.878
5.9042,-10.987
-6.9353,-15.982
10.367,0.46954
3.1133,0.28858
8.2362,-1.9393
-4.0831,4.6516
-4.5504,-2.9125
-9.984,-12.028
-10.222,-14.784
-9.0828,-16.504
4.1277,2.1542
-6.8568,-18.205
-6.7436,-19.589
-0.0011488,-32.108
-8.8156,-9.646
-6.8793,-8.0387
0.20178,-15.757
-11.752,-16.257
-0.11003,-15.554
-21.57,-0.124
-4.5738,26.693
23.111,-0.38041
3.2348,-9.1668
-0.035231,-15.809
-0.0027391,-32.024
-17.051,8.0825
20.816,-6.5285
-20.538,-3.9258
0.0017202,-15.564
-11.724,-18.567
-6.7405,-4.2959
-13.623,-7.0737
2.0621,-16.922
-8.7296,-9.6981
3.2256,0.31352
-7.1,-17.237
-6.5869,-17.188
-8.6117,-16.539
-9.8857,-17.473
-12.732,-15.839
-0.41994,-15.843
-9.3443,-17.917
-8.4585,-17.594
-9.8699,-18.97
-16.527,-5.182
0.074279,-0.10822
0.0013,-32.065
-9.7961,-15.403
-9.0699,-18.487
-6.4206,-16.566
-0.027021,-31.929
-13.504,-14.351
-6.0638,-15.901
0.0020318,-32.041
-3.2878,-12.083
-0.85592,-12.53
-3.3857,-16.104
-3.4021,-13.221
-8.8768,-19.245
-6.7788,-16.149
0.00043195,-32.049
-3.4052,-13.222
-3.2974,-12.308
-5.5484,-6.2987
-5.4681,16.854
-0.00083755,-32.11
-0.92522,-11.709
0.6899,0.28445
-0.00023814,-32.094
-0.00010081,-32.062
10.483,-10.855
-8.7027,-14.832
-0.00061547,-32.094
-1.613,-2.8869
-0.00087718,-32.094
4.3572,5.7212
-11.44,-16.287
-21.66,-3.4153
0.19725,3.7063
-13.884,-6.7688
12.911,0.44213
-6.254,4.4204
-14.458,-6.4667
8.7477,13.811
9.3496,8.4406
9.9991,-12.31
7.4961,8.5097
-6.5493,-19.959
0.38896,13.249
