-18.893,-11.676
0.1508,13.144
-18.658,0.80138
12.201,-10.119
-12.356,-2.6548
-18.575,-5.484
10.985,12.784
11.079,12.702
11.021,12.76
9.8464,-0.45364
-1.6405,5.8008
-22.047,-8.5694
-1.6009,-0.33295
9.0362,-0.021881
-20.857,-2.6086
3.1116,8.8528
-19.357,-6.8009
-15.693,0.83763
5.0486,25.02
-19.05,0.030151
-15.782,0.30413
-15.816,10.149
-10.211,12.778
-16.619,8.618
-14.694,19.029
-22.886,-2.1438
-23.657,-3.1721
-9.0172,2.1435
-6.4343,0.72465
-18.599,0.59248
-24.737,-6.5079
-21.91,-1.6977
22.352,5.3899
14.716,-5.151
2.9308,-19.626
5.8362,13.532
1.8577,4.2848
10.297,-5.4981
2.8874,-3.1523
-18.309,-9.5231
-9.1622,-6.7715
-15.658,0.29597
-12.548,10.518
-12.004,13.236
-18.929,6.6441
-16.535,8.4752
-7.0738,-14.998
-14.321,0.018228
-15.914,8.1391
-16.513,14.606
-14.898,15.935
-23.483,-2.9241
-19.978,-3.3911
6.993,-9.7058
4.4744,10.827
-5.4054,12.922
-24.805,-6.6641
3.1441,-2.8119
-23.558,-3.0438
-5.9846,10.546
-25.098,-8.5277
-14.332,17.725
0.030969,-25.487
-0.48803,1.3228
0.55064,20.397
-18.839,1.432
-17.725,-1.6789
-19.074,6.6184
23.472,5.2839
-15.709,3.5933
6.3016,-16.228
14.351,7.1561
-8.2044,-0.56904
22.279,6.2808
4.2533,5.7182
10.999,3.852
9.06,10.992
11.876,10.736
-14.722,4.8775
3.2595,24.435
-17.082,-5.4515
-16.032,-9.9857
-12.699,14.822
3.3168,24.384
-6.1165,-6.4049
-15.059,0.48924
-12.926,7.1926
-6.4396,2.8295
-21.491,0.045994
-18.611,-5.1249
5.5213,24.925
-12.216,15.757
-14.963,18.422
-23.787,-3.5544
-5.3574,21.753
0.72501,13.502
-21.049,0.41819
-2.0594,18.534
12.651,5.7347
8.9629,10.494
9.0405,9.9323
8.9109,10.552
-7.2127,-2.376
-17.331,-5.9769
-19.224,4.219
3.1364,16.44
-15.135,15.566
15.342,5.9994
-16.666,14.519
6.4825,18.263
-18.925,-6.0052
-19.102,0.11763
1.117,20.898
-17.72,-1.6425
-18.827,6.5528
-15.438,3.5658
-6.0693,7.7603
-19.825,-2.3729
-16.677,8.6348
-18.966,6.4918
-23.694,-8.0785
-22.756,-1.6483
-14.926,7.6957
-0.65825,3.7757
21.796,-1.5485
21.862,-1.6629
8.9799,-0.044248
15.189,-5.5037
18.162,3.7501
10.598,2.7625
0.75599,23.105
-18.895,-8.1762
0.12208,13.155
-0.27411,-13.032
11.045,12.761
10.978,12.773
0.71579,12.661
-15.01,19.279
-15.128,19.489
-14.325,17.818
-17.986,14.302
-18.956,1.8762
-14.682,18.806
10.96,19.606
-18.808,1.6757
-18.839,1.432
-18.978,0.43629
6.3699,24.699
12.397,-3.3555
-18.737,0.67223
3.0889,-9.1376
12.538,17.448
13.304,-3.3232
1.0171,20.85
1.0384,20.847
0.25589,13.076
4.9214,21.302
5.7532,20.542
-18.703,1.2305
-18.454,-0.16799
-0.066438,14.005
-9.8373,13.324
-16.934,13.003
-18.981,6.3111
4.8002,-1.6147
-13.123,-6.7324
-16.84,13.151
13.024,-6.4491
-5.6937,21.479
22.991,4.2145
3.9729,-2.6729
-16.497,7.3611
-9.1717,-6.824
-19.129,-0.82534
-9.3053,-5.7743
-4.829,1.8893
-11.927,-4.0883
1.3189,5.3709
-1.6922,10.883
8.988,-12.197
13.231,11.332
16.485,-10.247
12.074,-14.071
6.1071,6.5154
-5.8765,16.718
10.728,4.0483
10.692,3.0385
12.641,5.7078
-2.9917,9.8333
4.172,10.582
-3.5311,13.11
9.0228,10.868
-6.5469,13.057
4.9347,11.186
9.7506,0.038299
2.994,11.896
2.8238,24.241
3.2507,24.398
-0.3338,13.995
0.087454,13.155
4.7769,0.87926
-10.905,7.5669
-12.038,-3.4932
6.2584,6.5085
-6.657,13.047
5.672,25.017
3.2671,9.3676
3.0544,9.5412
0.42021,12.696
-7.0322,4.4047
-6.4185,16.951
-18.969,6.472
-18.82,-5.3477
-10.826,16.59
-19.193,4.3204
-12.791,10.113
11.602,13.373
-2.0597,8.8092
-18.692,0.68314
12.66,-3.4365
-10.238,13.211
-13.318,14.912
16.208,-9.5971
0.3271,19.584
0.33014,19.583
2.9348,24.275
15.331,-10.823
2.7868,24.23
-0.23061,21.093
3.6787,24.448
-10.525,7.7778
-1.6878,8.3145
-9.9435,-0.043867
-0.59082,11.766
-15.476,7.5715
-4.8334,9.9507
-18.752,6.667
-6.3874,21.525
-18.398,4.6396
-8.0477,-0.45422
-16.769,5.9828
-15.479,3.466
-9.6588,12.472
-10.367,10.699
-16.633,6.1005
-16.381,6.4762
-8.3931,-1.3073
-22.882,-2.3816
-6.3313,13.624
-19.33,-5.1381
-9.188,-6.4899
1.3421,18.951
0.92119,7.8849
3.7974,10.371
-1.0549,6.3673
-9.0391,14.682
-11.248,15.738
0.95924,19.348
-21.115,-0.43153
-23.514,-2.9934
-10.423,7.6532
-16.355,0.47986
-16.649,14.349
-2.5053,-4.7634
-12.533,15.9
-21.592,-0.76222
12.029,-4.0384
3.9701,10.069
-12.409,15.063
1.571,9.6886
6.9259,25.338
4.2678,24.812
-23.535,-2.9437
-19.506,0.15451
-15.798,0.344
-15.91,7.5563
-10.802,15.386
-2.6483,-4.6339
-18.685,6.8756
-15.026,18.245
-17.906,14.306
-16.25,10.501
-17.768,14.326
-12.734,12.639
-14.262,17.683
19.651,-0.0075554
14.517,5.8404
0.21221,19.395
10.634,11.262
11.451,10.463
-5.5618,-8.7588
-12.881,14.602
-16.227,-0.54194
-12.878,15.186
3.5093,-11.026
-18.701,1.229
9.9058,-0.3762
-18.75,6.6613
2.9518,-2.5032
-6.1461,-6.3292
6.0661,6.4983
4.2462,24.522
-10.423,7.6533
4.7976,12.748
-17.99,6.019
-18.548,-0.22806
-2.7999,-4.7204
-6.3258,21.689
-5.3053,10.082
-22.746,-1.4841
-7.0455,22.122
-16.599,14.364
-5.9629,10.522
-14.834,19.206
15.628,6.5675
15.847,6.9221
-6.5758,2.8755
-18.818,0.96422
-18.744,1.2456
-3.1963,0.085342
6.3699,24.699
-17.969,7.2175
11.825,13.093
11.825,13.093
-12.674,12.555
3.0899,-1.914
-17.427,6.6545
-20.33,4.8646
-25.078,-8.4803
-14.838,19.242
18.674,-0.13296
-18.907,6.5805
15.216,0.64388
-9.6517,16.924
1.0304,21.149
4.9469,11.175
6.3087,-0.80244
-15.618,4.8721
3.2507,24.398
3.1662,24.398
2.5532,6.0584
-12.65,7.5279
-2.3867,20.286
-18.864,-5.6425
-0.12462,-2.4224
1.0258,20.842
-13.258,-6.5537
-11.06,11.8
0.69991,-0.72147
-5.473,10.042
-5.4094,10.058
-9.0502,-6.5866
16.148,-6.6263
-18.832,-5.0607
5.5444,21.508
-24.012,-4.0509
-6.6667,9.0576
15.564,6.4375
12.357,-3.3831
-14.254,-0.091893
17.306,3.8869
5.3945,-1.5772
10.837,10.724
-19.318,-11.081
16.426,-10.034
8.2121,4.8723
-5.4794,15.963
0.48274,19.622
-6.1405,0.38217
-10.04,7.7161
-18.683,7.3964
-14.809,19.199
11.858,13.165
15.305,1.2753
20.071,2.8126
-0.21138,3.5808
-11.748,-2.484
12.495,-6.5267
-12.186,6.4651
-18.694,-5.61
-14.069,10.639
9.7634,-9.7183
-16.847,13.547
-3.3362,21.026
4.9791,25.042
11.999,-13.884
-15.324,10.384
0.18606,19.752
-24.129,-6.5831
-9.2015,14.665
-21.454,-0.92651
-6.3065,21.743
8.0408,-14.572
-9.0493,2.0567
20.188,-0.17815
11.084,12.705
11.055,12.727
10.809,12.948
-8.7552,13.446
-11.046,14.675
-14.941,15.887
10.111,-14.128
20.222,12.439
21.867,-1.7729
11.616,9.6389
10.617,-18.589
0.18376,19.493
-19.773,-10.195
-5.487,12.992
-2.0031,8.5821
-14.659,18.803
13.902,0.2847
-15.964,-3.3154
-5.2157,-0.9963
-17.425,-10.728
-12.074,8.5641
6.2386,-9.9331
11.078,-6.2495
-17.227,6.7478
9.0723,9.8541
-6.1309,-9.2769
-11.262,8.1195
-14.886,-0.67233
-11.663,-2.7952
3.9792,10.003
-16.927,12.832
20.343,1.1953
20.343,1.1953
5.2502,-15.555
-8.3699,12.467
0.070026,-0.95483
-21.301,-12.563
-18.252,-4.6674
-14.78,18.682
18.171,1.792
15.576,6.747
1.7944,19.075
22.65,3.2565
15.238,1.1799
20.402,1.4779
-6.3599,21.629
6.1886,6.4829
9.2685,-0.077129
15.983,-8.56
22.749,3.4747
11.029,12.785
6.3765,6.534
2.9215,11.871
15.322,-7.3435
-9.8881,-0.001742
17.865,-9.8019
-20.586,-1.2268
-21.107,-3.2439
-1.4974,4.6668
-4.3086,20.752
-6.5375,21.385
-7.2932,20.83
-21.142,-7.6639
-23.753,-3.369
-6.4088,21.595
18.262,0.28951
22.18,6.7964
15.024,5.3354
-16.75,13.174
6.35,24.717
15.482,6.2654
15.434,6.221
9.3876,-9.8288
-6.111,0.28321
-18.444,-0.1388
9.986,-0.35129
13.899,-10.9
6.1119,24.768
18.719,-0.16326
3.2563,21.547
0.41723,18.707
-8.3193,11.75
2.7064,24.197
0.84762,20.678
0.67217,17.633
15.258,-7.7978
12.573,-2.7557
5.6589,19.276
-6.7711,-6.7461
16.935,10.22
9.3025,9.4444
-13.814,-5.748
9.4584,9.4732
12.537,-12.555
-3.0911,-16.306
-2.2106,7.2772
8.4804,10.776
-18.99,-7.7257
6.5728,6.3363
16.336,-9.9069
2.8526,24.272
5.8766,13.798
-0.54596,13.869
-14.862,-0.85525
-17.31,-1.546
-9.2817,-4.2633
-11.448,7.4503
-6.617,13.068
-15.742,10.172
-0.55057,13.832
3.0497,-1.6035
7.4801,24.327
0.75687,20.545
16.263,-10.153
0.42522,22.886
5.2209,25.107
14.472,-10.845
-10.25,12.323
-2.4652,-4.8596
4.4483,-3.3619
-10.905,7.567
-8.1122,-0.60862
4.1275,0.62044
-22.766,2.233
-11.52,14.904
-24.795,-7.0899
-6.7922,10.851
15.387,5.9491
7.6899,24.098
7.214,24.962
1.0363,20.853
-6.2736,0.83974
10.24,-5.9737
-0.97764,-0.59618
6.289,24.42
-20.341,4.8941
-15.968,15.01
21.883,6.1482
12.248,-12.763
-8.1775,-0.46867
4.317,14.756
8.2054,11.63
-15.217,9.6506
-2.3781,10.314
22.177,6.4221
18.956,7.394
9.5536,11.796
-5.9961,-8.7653
15.011,5.234
13.468,10.953
1.9633,12.064
3.2709,24.31
-12.786,10.12
-6.1414,0.42754
-18.763,6.578
-5.9652,-19.505
-15.213,-0.25717
1.8184,10.074
1.7575,21.067
-2.0528,19.812
-9.176,-5.6204
-15.788,0.3291
-16.006,-0.25961
-2.9159,-4.7942
-8.2555,-0.93378
-22.782,2.2414
-6.3921,21.521
-5.5024,9.9742
-13.463,15.179
-13.626,15.184
-6.8514,10.239
-2.9544,19.128
6.6313,24.05
14.743,-6.1616
0.22919,-7.0148
10.066,-6.1026
12.23,-12.532
12.642,-16.265
-16.954,2.2998
8.2717,-6.8778
-20.854,-0.35594
6.5998,24.748
3.8196,10.63
-9.1408,19.188
-10.314,7.8101
-9.223,19.228
-14.558,19.074
16.032,6.4992
15.367,-8.0963
0.95035,20.772
-18.775,1.5436
-18.489,1.3705
14.697,-6.1994
-7.5875,-3.0146
12.504,-12.515
1.5508,-8.1606
12.065,-13.933
4.7977,-3.2503
-20.63,-11.629
-6.016,-6.4192
-16.284,6.8089
-16.476,-2.1022
0.50253,12.807
6.4014,-10.297
-11.527,15.316
-9.0349,16.148
-10.734,16.273
-15.072,3.4755
-15.519,-0.24695
4.9303,21.302
3.5062,13.43
1.9475,9.9261
-23.634,-3.1336
-3.1492,-16.256
5.4848,2.7988
5.921,-10.659
3.506,4.3005
-19.534,-11.117
-16.296,-10.182
-10.761,11.786
-16.234,0.26183
-19.087,4.2557
6.22,6.5739
19.616,-0.06041
-4.7823,1.6888
-2.1504,20.431
-1.4027,15.68
-9.3977,14.977
1.2849,-13.915
-16.885,2.2094
-14.199,-5.6655
3.3686,9.9077
-12.479,13.593
-19.4,-5.3043
10.693,2.8975
-0.23723,14.266
-21.051,-7.0111
-2.5737,4.4178
-13.311,7.1425
-17.408,-4.874
-17.734,-4.9878
-14.684,18.805
-20.898,-6.9065
-21.081,0.48705
-18.674,6.5545
-14.914,0.39558
-1.8617,17.15
-0.39351,14.588
-11.408,11.538
-9.4216,14.465
-10.685,10.823
11.033,12.77
-6.1556,-6.5373
-8.9862,6.6538
9.9894,-6.1021
14.581,-5.2422
-20.775,-11.87
4.0801,10.134
3.0717,22.083
9.5093,11.951
22.89,4.2956
17.744,8.9611
-14.921,19.232
-24.861,-6.9092
-13.112,13.448
-16.993,5.6193
-14.95,7.6596
0.83948,12.616
-1.125,6.2437
3.5115,4.1101
6.0021,6.384
20.37,5.5845
20.175,4.8867
5.7063,20.354
5.9279,-9.2782
5.756,-3.1838
0.035055,-25.486
0.02584,-25.496
-17.784,5.821
2.9845,10.582
0.71606,12.516
0.061749,2.1697
22.656,3.3823
3.162,0.31848
-20.177,-3.3465
-18.417,4.6151
6.1547,6.5169
0.26261,19.633
-16.092,-3.4743
-9.1117,-5.2003
3.6106,5.6877
22.687,3.3628
19.946,5.7021
-4.9188,-0.097857
19.376,3.5957
15.776,-5.6871
20.655,1.6857
21.839,-1.5192
18.206,1.2971
-22.804,-11.908
-5.6595,-19.619
-1.1462,6.3634
-5.1544,0.87031
-4.9976,14.204
-2.1023,4.647
-1.9414,4.6812
0.3081,-0.59267
14.59,-4.9221
10.276,-7.1654
2.9429,16.111
2.9303,16.287
-15.447,7.3859
-10.054,0.10246
-15.435,-4.6094
-4.3368,14.593
6.1289,6.4781
21.996,5.9276
-8.8674,12.473
22.101,5.4576
22.271,5.5225
13.242,11.391
-6.0354,10.593
-14.569,10.43
-15.411,8.8209
6.2305,6.5144
6.2044,6.5144
-3.3603,2.8082
-2.6845,5.0292
5.7229,24.378
10.662,10.979
10.958,19.598
18.655,0.017466
4.2551,-11.674
16.085,6.4056
-21.223,-0.41273
-21.613,-0.1298
-19.406,-6.7517
0.037132,22.656
-14.154,7.4035
-15.896,3.2492
-6.8018,-2.1201
2.2215,5.9754
-10.814,9.6936
-2.6674,5.0649
20.315,2.7831
22.961,4.3533
15.745,2.25
20.402,1.4779
14.157,-11.06
19.551,-0.013664
21.546,-1.2645
-9.9649,16.863
10.705,3.0155
-8.1324,12.817
20.394,1.3058
-25.109,-8.5349
-14.452,0.077628
6.2307,6.5143
7.2487,24.842
13.894,-10.815
-1.1185,9.924
0.79668,16.967
-6.1625,-0.1373
-11.826,9.7922
-15.715,10.159
11.768,13.254
-1.1155,19.345
-23.55,-3.0752
14.308,-6.3675
-6.0908,-6.5672
7.7364,23.493
-6.0362,-6.4142
13.47,-10.443
22.096,6.4643
-1.7133,15.691
10.964,12.482
1.5876,2.0587
7.1986,24.901
-19.448,-1.6243
-18.61,4.568
5.5306,2.8731
-4.7655,20.982
2.2907,13.186
-6.5102,-6.5187
-18.917,-5.0915
4.26,5.8237
-6.058,-6.5646
-7.717,-6.5295
-15.404,5.0481
9.6476,-17.368
1.0342,8.0335
-17.833,2.1127
-5.7961,-19.478
12.49,-3.2337
-15.508,-4.3885
-2.0997,15.937
-17.134,12.859
22.476,2.9953
13.947,9.8272
-2.8921,0.28776
9.8008,0.16402
12.661,5.7116
0.329,-0.81479
-20.694,-9.8553
-20.524,-3.2555
-11.728,-3.0402
-7.0604,-14.956
8.1009,4.735
14.469,9.7951
9.9039,-17.515
9.7495,-6.1645
-10.244,16.827
-12.896,6.7611
-0.73664,5.2966
-20.775,-11.87
12.218,11.524
-7.1451,2.956
12.554,11.576
15.381,-10.306
-13.876,-0.39475
9.9707,3.2444
-19.237,4.1482
15.049,5.195
-12.538,7.1463
13.771,0.60328
0.055001,22.662
12.542,17.468
15.791,-0.51668
-2.0383,16.991
-16.987,13.017
0.32665,12.981
0.4593,19.293
-12.611,12.435
-13.086,10.751
3.0943,8.8116
15.848,3.9092
-6.6249,10.591
1.0907,7.923
22.301,6.8998
12.778,-2.9791
-21.844,-0.51454
6.7959,4.8671
-11.632,-3.4993
-16.705,13.175
-18.701,1.2291
-20.585,-3.4405
-8.2108,9.3814
-17.613,7.9477
15.258,1.3356
-11.721,9.9389
-17.964,-5.0122
-24.797,-6.6037
21.909,-1.7626
-20.981,-8.517
1.4905,21.416
15.414,0.084528
9.6146,0.031042
-16.052,-3.3192
-15.686,-0.11053
-12.182,6.4657
2.8455,9.5905
18.788,3.9515
-13.72,-4.486
11.248,10.716
12.543,3.8736
11.033,3.8769
10.956,10.604
-17.348,5.3285
12.402,-12.361
-18.95,-5.3625
0.6294,9.7481
18.876,3.2929
9.5635,-9.7567
11.273,3.9789
6.555,-6.5182
0.3028,-0.44256
-2.1066,18.691
3.6331,17.234
6.2736,6.4888
6.5388,6.5877
6.3352,6.4323
-11.369,11.437
11.1,-11.384
-12.305,16.184
19.831,-0.031691
21.88,-1.7459
-18.701,-2.7849
4.251,13.206
18.165,1.066
-16.884,12.952
-0.47449,5.7233
-16.467,-9.8867
-12.46,9.4287
-9.9767,13.333
0.47671,-0.56616
-24.523,-10.574
21.183,5.1781
19.04,2.1704
-6.1181,10.573
5.2666,-2.5051
-6.0391,-17.128
-16.057,7.1843
9.4556,-0.089446
-0.054656,-25.477
22.177,6.422
12.872,12.336
9.7756,3.2032
-15.494,-1.0024
10.342,12.117
-16.087,14.967
-8.0407,-0.37661
4.1554,10.053
0.47216,3.0473
-0.8955,-13.077
-14.866,0.39495
20.814,1.4721
-12.618,12.892
9.0975,9.7715
9.2463,-9.8568
-14.48,10.078
6.2271,19.884
6.3242,6.3578
-12.716,4.8826
2.9606,21.986
-0.42484,20.791
0.26721,22.794
5.2008,24.478
-6.0542,-0.17753
-8.2281,8.9107
-6.5333,-6.5202
-8.0399,-6.3279
-17.887,14.283
19.881,-0.74624
2.3151,19.895
4.2168,24.443
12.317,13.283
3.1541,22.323
0.97075,1.1384
-7.2956,7.4536
6.4622,22.292
9.7215,-13.91
6.2722,6.5273
5.5081,19.386
0.17665,-25.298
18.863,3.3629
4.0839,21.297
3.1365,12.997
-12.083,8.1197
7.2099,24.75
17.764,9.0011
8.5191,10.243
6.4708,6.5721
-6.181,7.6987
14.798,-5.9348
-4.8905,0.082296
15.05,-10.69
-13.128,6.5005
-16.107,10.352
-19.494,-6.8772
-12.551,11.945
1.5846,21.45
10.443,14.141
-14.535,19.306
0.34908,-0.56054
5.2955,-1.971
6.2747,6.4541
2.9386,22.925
-12.676,13.176
9.349,-0.015934
13.004,-3.3439
9.4367,-6.0916
12.689,-15.886
15.521,-0.01721
-11.5,11.862
4.6506,21.453
-3.2597,-12.138
-9.7496,7.4054
0.040038,-6.4916
10.579,2.7114
13.444,8.7038
3.0139,0.44384
-1.9553,17.069
6.4074,6.5226
14.465,-0.20641
-1.0657,-13.163
13.717,10.479
-19.452,-5.4303
-0.036771,5.9934
-12.656,-2.7569
11.414,-6.5359
4.6844,24.302
-12.243,6.5117
21.395,-2.9838
-24.025,-11.648
-16.739,13.181
21.506,-4.257
-9.385,19.044
-0.95908,17.424
-0.99488,17.431
-21.245,-7.4302
-16.961,12.992
-18.646,7.2693
-3.9212,0.58773
-6.8656,-6.5512
-12.584,12.032
9.104,9.7146
-10.198,5.511
9.2071,-9.7517
11.951,11.113
-19.522,-2.8759
0.26062,-6.9199
14.972,-6.9079
1.3672,9.5323
1.3595,9.511
6.0987,-19.495
12.548,2.4992
-25.092,-8.6962
22.02,6.6629
-21.108,0.44676
-25.129,-8.6605
-11.935,11.662
11.799,-7.1236
9.3233,11.957
-11.812,-3.271
-0.44815,8.7869
14.254,-0.20209
-6.6915,-0.14158
-7.5849,13.835
-16.568,13.046
11.105,19.788
10.838,12.92
10.873,12.937
10.286,10.248
3.3702,9.3759
0.042104,19.182
16.428,8.1041
9.8682,-12.765
12.116,-8.173
-24.857,-7.1087
16.47,-10.167
20.242,-0.15007
15.337,-10.386
19.158,2.1494
-22.706,2.3013
-6.1736,0.44574
-17.911,1.8673
1.5353,15.131
-22.673,2.3216
3.489,16.532
11.079,12.706
11.037,12.75
8.727,0.057683
19.92,2.8045
22.151,2.4959
-13.054,15.191
11.973,17.624
-0.29253,-13.013
21.921,5.2488
10.62,12.374
9.3372,-5.6392
-20.64,-3.2062
16.503,-10.35
3.6312,-20.145
-12.875,-1.083
-12.23,-1.5117
-11.759,-3.874
-5.7582,12.402
9.7312,-16.356
5.0813,14.618
11.165,12.694
-6.1098,9.0058
3.036,12.909
-16.327,6.4396
3.7821,13.939
-5.5168,16.404
-18.386,-3.3554
-19.828,-0.75273
-16.092,-3.4334
-9.1186,18.879
11.801,17.383
-0.94541,0.30346
1.4811,14.898
-21.292,-12.51
11.906,4.0356
-21.275,-12.526
-7.2804,-6.5626
-8.1453,9.7754
-16.513,4.9294
-0.39222,14.121
11.171,3.9991
-4.8063,1.8191
20.672,1.5519
5.0325,12.598
-3.9068,3.7029
-14.951,5.1448
14.48,-10.84
-9.7303,11.144
-8.2557,9.5565
17.649,-10.027
22.705,4.9185
5.6279,22.073
-18.684,8.3781
11.11,19.44
-7.0672,-14.959
-13.127,13.545
-17.762,-1.7416
23.827,7.2365
0.40131,13.752
9.9103,0.13601
21.288,3.7254
21.885,-2.264
-16.261,4.1589
0.84092,12.654
-12.632,8.5865
-0.42267,-0.75069
14.614,6.0576
14.414,9.7201
10.693,19.506
-25.032,-8.7151
6.2338,-19.3
19.75,-0.80139
3.1532,12.979
11.898,13.18
12.236,-8.4235
0.51966,12.823
-20.649,-0.27212
-20.625,-8.5667
-7.9646,9.2697
-12.686,12.954
-3.0726,3.3344
10.215,14.261
-6.7648,-1.1053
20.652,0.3153
20.213,0.87266
-12.433,-1.1024
-6.1117,0.349
-18.336,6.6836
-9.6992,-8.4414
-12.746,4.9149
20.244,12.424
-19.341,-6.783
-12.483,6.4265
19.019,1.8814
-18.937,6.7325
6.2528,6.5
0.022649,18.973
21.438,5.3942
-6.3353,7.6599
11.822,11.173
19.253,3.6775
18.823,3.9797
16.505,8.4601
-15.643,7.5343
-12.485,12.023
-21.332,0.29081
21.632,-1.3557
-23.775,-3.4201
2.8611,-19.533
14.92,12.325
6.0765,18.062
15.061,-10.939
17.346,-10.296
12.278,-3.15
6.2009,6.5699
13.489,-5.0613
-13.181,-6.6816
15.715,2.1576
6.1882,6.5423
15.02,4.6349
15.718,2.1711
4.52,21.168
11.094,19.428
-5.3875,-2.9833
-1.9362,8.7015
-1.574,7.7029
11.032,-7.3703
0.00070084,-25.517
4.8828,25
0.61127,23.012
-0.33251,20.512
13.609,-7.8434
0.33167,-0.0037972
18.814,4.0181
11.638,17.943
-17.054,1.2739
3.2942,16.511
-12.19,10.519
21.847,-1.5655
-9.0832,11.711
-20.446,4.6876
13.685,12.027
-24.06,-11.38
20.4,1.5061
-0.78086,-1.274
-5.8908,-19.978
2.1033,-20.592
22.174,5.7489
3.0153,12.897
-18.701,-4.5565
0.31558,22.847
-15.635,-0.061789
-4.0839,16.246
2.0869,13.255
-15.308,-1.0216
-16.995,5.1167
-9.2828,12.801
-12.328,-1.2897
-6.0224,-6.487
-8.2195,-0.56341
-21.211,-12.427
-2.0956,19.703
-0.66991,11.96
20.93,-6.5529
-25.085,-7.7232
22.113,-2.9589
12.59,-12.304
19.382,3.4068
20.335,1.1271
-0.86086,9.3761
10.027,3.2183
2.4012,-12.744
11.204,12.818
8.4849,-15.864
8.4594,10.329
22.08,-3.004
-15.829,0.028082
7.8643,4.8818
15.501,-10.289
6.2206,6.5426
-6.4077,21.595
13.797,-10.962
-2.076,8.8336
10.982,-1.0099
7.7806,-16.407
20.429,5.6072
14.66,-4.9924
14.073,-5.8162
18.59,-0.80206
4.2778,13.411
-6.0586,-6.3971
-16.791,6.7218
-16.346,14.603
21.45,3.2712
12.565,2.526
19.838,-0.73297
-1.6343,-7.2211
-15.171,15.548
4.4346,24.856
-2.5355,-3.8515
-4.642,22.173
9.7872,-2.8954
-4.2235,3.4188
-12.447,-0.97764
-24.206,-4.6859
14.29,10.053
8.769,10.183
-5.8551,0.35993
13.702,-4.3303
-13.532,8.906
21.334,5.5114
21.746,5.8157
-15.599,-2.0324
-10.746,10.756
11.841,16.972
11.931,-2.5671
-10.567,-8.4328
-5.6772,0.76119
-13.79,8.718
-3.042,9.5634
-16.556,-4.6612
-14.646,18.826
15.197,-10.046
5.311,20.742
21.932,-1.9421
-15.929,-3.4621
-16.719,6.7469
-11.113,11.673
-10.396,14.003
-14.911,7.5273
-17.132,6.7592
-12.921,7.1811
-6.0875,-6.5937
-16.493,7.3609
-3.229,-13.238
3.4357,-11.105
21.78,-4.1803
21.415,-4.1556
14.337,9.5696
-10.126,12.344
-0.36721,14.137
8.4561,23.408
15.248,1.2827
0.9048,-17.052
-0.47797,-12.965
-12.515,-0.82332
-9.3103,14.859
6.5831,19.476
5.1907,-2.558
3.274,9.1406
1.0122,14.634
13.939,-0.034128
13.552,-7.8092
20.131,0.72732
-10.872,11.218
6.4499,-0.73363
13.465,-6.2626
-12.327,-1.2171
12.643,-12.339
12.47,5.6437
10.796,3.8311
9.4102,-13.768
-7.6483,8.734
-15.742,10.172
-9.7349,13.475
-19.08,6.0525
6.1693,-0.80593
6.2244,6.5488
-17.037,7.211
1.0621,5.1592
0.034034,-25.486
4.3283,14.197
1.5214,15.08
9.0058,-17.7
-8.9776,14.671
9.8359,0.16019
-3.1415,20.994
-6.5237,12.974
6.3386,24.61
13.087,11.447
6.1239,6.4931
12.583,-16.136
2.4192,20.23
0.20642,13.201
-11.864,15.087
10.13,2.9237
0.53018,-0.55596
-12.074,14.652
19.929,5.7914
3.2957,16.8
5.8686,-10.031
12.148,-3.3542
6.2945,-0.89923
-4.7616,14.588
3.6948,24.591
-9.8462,13.123
-9.9715,13.305
3.9054,20.145
-1.3525,1.1802
3.7645,-2.5841
-2.9102,-2.9668
-9.9439,12.098
-8.6631,19.528
18.634,-0.071519
15.541,-10.129
11.009,19.557
-11.558,14.535
12.163,17.53
3.2352,9.368
3.2585,9.3293
0.33643,16.138
3.493,9.4168
-13.978,-8.6058
0.49916,13.893
15.195,-6.0262
0.39907,20.551
13.829,-11.054
9.2146,-11.034
2.4976,-4.9678
-5.4257,10.009
-9.7204,8.8305
12.635,-12.351
-9.9024,12.792
-10.425,14.573
-12.172,-4.2814
12.702,-12.36
11.899,-6.0555
0.36471,-0.72204
-13.079,-6.7693
-0.14257,-12.357
-2.769,-16.145
5.8697,-9.6552
9.8406,18.756
-12.453,-0.85974
20.361,1.2609
11.044,19.647
0.15173,-0.68252
13.211,11.319
18.343,3.6229
10.994,19.606
12.078,-8.2103
-6.1991,13.352
-11.942,11.249
-1.5197,6.0486
12.171,-12.715
14.656,4.7333
-18.208,-5.573
-19.724,-0.55621
6.4943,6.3682
-16.371,14.945
-16.539,1.7571
22.695,3.3601
22.686,3.3619
6.4796,-0.72822
22.362,5.4616
-7.2502,11.124
6.6313,24.049
6.6274,24.05
-6.3463,13.244
-6.0062,1.4667
-18.555,0.70491
-10.189,11.262
-7.091,20.963
0.80152,12.624
3.7978,-2.7502
-13.834,8.8171
-12.593,4.9461
-19.675,-7.6214
-6.4592,21.185
3.1397,8.7237
10.522,14.219
-16.704,1.5761
3.3321,12.943
-20.363,4.8629
11.063,-7.118
6.073,6.6173
0.23886,19.082
11.005,19.632
9.2715,11.924
14.444,-10.878
-11.153,11.455
5.3721,25.129
-5.6911,1.8513
0.49329,19.089
1.4287,9.3712
14.484,9.7991
-8.7105,1.5906
-6.0983,0.21992
-5.9401,0.34167
5.3536,-9.4086
-8.6327,12.01
-0.6807,6.7268
-20.134,-11.223
6.2833,6.5426
6.3669,6.5233
-12.038,-3.3364
4.3642,-8.0166
4.7697,-2.7219
-15.136,-0.38654
-8.1651,-0.44651
-24.208,-5.0409
0.61509,17.06
-24.698,-6.5115
-15.715,10.159
7.8881,22.738
-15.46,-0.10696
-0.41523,-1.9968
9.6392,19.344
6.9645,23.308
2.9826,-9.6141
0.45499,19.292
19.4,2.3306
-3.5489,3.4239
-6.3516,8.9221
-18.669,-2.877
10.174,-2.5965
5.7847,-7.4447
4.6214,-2.2809
-8.7995,13.83
10.162,-2.553
12.008,10.24
-6.3024,-0.12912
7.681,-2.2256
13.978,-0.072366
-13.899,-0.40736
1.8497,4.1641
0.38869,5.6292
14.744,9.6009
-6.0611,-6.4811
9.836,0.051192
0.93021,20.861
-18.727,6.4292
-6.0254,-6.4241
-0.35682,-12.986
5.8581,21.286
-12.451,-1.0174
1.1284,13.592
-4.3126,3.3584
5.7646,19.721
-0.16394,4.8958
-0.56485,5.7253
23.098,4.4419
10.34,-0.95433
14.148,10.188
5.7274,-9.2473
21.848,-1.5405
7.0702,23.151
-13.081,14.878
-15.431,9.7466
-5.4999,16.37
3.0019,8.8085
10.569,19.68
10.099,0.24517
-18.583,-5.1291
3.1578,2.6035
0.65909,-0.13784
10.69,-6.0858
11.101,-6.1789
12.227,-3.2376
-17.829,-5.0753
6.5513,6.4871
11.022,12.984
-13.565,-0.72488
16.261,-9.7426
12.477,-14.995
9.7309,0.045638
-0.96441,2.4327
6.5937,6.5796
3.6226,-4.754
0.19274,11.302
-11.316,12.939
10.782,20.25
11.24,19.22
15.703,2.2109
19.209,0.13177
12.555,-12.375
19.334,0.09233
-18.871,6.248
21.927,-1.8606
14.839,7.1025
0.25342,13.127
18.231,2.2533
6.2543,6.4994
1.878,-18.464
8.1782,4.8503
6.3407,6.461
1.6226,11.247
-1.3939,15.556
-15.567,7.5345
-14.388,-1.4182
3.4006,-10.864
-17.197,5.4553
6.3815,20.119
12.198,-12.866
-10.824,7.7415
-18.87,-4.3279
-15.905,0.00047089
0.71824,9.7699
6.5145,6.4617
0.14481,13.086
-0.96947,-13.086
12.503,-12.497
-14.974,0.40137
-6.135,-1.1266
-15.337,-0.26532
22.158,-4.9592
0.44733,12.682
-9.436,16.773
6.5812,6.4535
12.506,-15.992
19.735,0.22901
12.372,-3.3231
-3.2818,-16.489
3.342,9.1611
-6.8383,-1.6239
-22.133,-1.0832
15.719,-6.178
12.618,-2.8221
-3.4709,-2.8785
9.7366,-13.933
6.7309,18.339
4.3585,-17.636
14.353,9.1261
-12.726,7.9557
-3.5222,13.007
-15.606,-5.4513
11.904,-13.431
7.2232,25.126
16.312,-1.0405
-13.55,-5.7578
9.7595,-13.583
-20.521,2.3809
0.048101,-6.498
11.052,0.85387
19.162,2.021
6.0891,19.179
-4.509,20.915
-18.682,2.6348
2.3842,3.702
-12.203,7.4081
-22.7,2.3202
15.001,10.072
2.1873,7.2625
-3.0863,-0.17291
-12.554,4.9044
-10.641,8.0106
-18.754,2.4891
1.3335,19.008
17.347,-2.6011
12.539,-6.5001
2.5875,-12.735
0.0098084,-12.455
3.2462,16.326
9.3342,-6.8533
-15.42,-9.8801
5.244,21.112
14.614,-6.0513
9.3599,11.739
12.655,-15.97
15.06,10.394
0.049997,-12.441
15.311,0.72567
18.455,2.2346
4.7559,-1.6207
-0.68227,6.7071
2.6662,0.1318
4.0225,21.623
1.446,14.803
-3.6806,3.6317
-16.064,-3.3658
6.5503,6.4854
3.1662,24.398
8.3815,12.677
1.6018,4.2145
1.8193,4.2647
-9.6484,14.362
7.3782,25.341
9.708,-0.056684
11.075,-11.459
0.15361,-12.142
13.358,10.923
-6.0103,-6.3679
0.1468,11.38
3.3704,0.18318
-10.447,6.9548
9.7358,14.861
3.8324,5.8223
-6.3222,-0.15998
-12.943,7.4303
-12.134,-3.3289
-5.7873,13.979
-2.9244,6.498
10.616,10.828
0.23482,22.58
-14.652,18.819
-8.5637,13.393
-6.3622,-6.5473
9.5848,-5.9162
18.366,1.3807
12.654,-15.705
-0.15552,2.0264
-23.511,-2.9518
0.16309,2.3756
14.904,9.6365
12.64,-6.4384
12.926,-3.0638
6.0995,6.4335
1.3533,19.25
12.501,-12.431
16.112,10.481
-15.451,-5.9048
-12.355,13.621
0.36127,19.325
12.538,-3.1604
10.956,12.828
11.114,12.677
8.8083,-16.76
3.767,-13.335
-12.196,10.463
-8.6444,-7.1356
-12.355,9.69
10.232,-2.6065
6.9601,0.05039
2.7741,2.6321
-23.175,-2.6138
-6.0121,-19.489
6.6386,4.9742
7.6572,-7.4784
6.104,-19.454
-1.058,17.342
9.7201,0.11806
-16.562,1.3407
15.35,-7.7132
-24.214,-4.697
-5.9962,-6.4264
-14.646,18.828
9.1682,-7.026
7.6962,5.1649
6.6474,19.489
-2.6772,9.0584
-0.16903,5.7607
7.2989,-16.039
13.041,4.6324
1.4941,3.1545
16.058,10.54
-0.66262,11.886
2.9854,-19.538
-0.050008,-12.49
-22.647,2.305
6.2575,6.5439
2.1518,3.7238
12.738,5.8688
0.13014,13.144
-22.461,-10.221
0.076276,16.909
0.82905,5.032
4.8572,4.2051
11.36,11.052
5.4736,-3.5585
8.0951,4.7503
-1.1639,-13.281
-5.5075,-19.492
-19.171,-12.822
-0.83253,15.453
4.6003,-6.698
-20.111,-11.171
20.101,12.524
-24.012,-8.2089
10.17,9.9327
4.7664,-14.705
-6.3211,-9.2024
3.7781,-13.526
2.6562,-13.016
-6.1782,-1.2455
0.0073227,1.063
2.1245,0.62585
-0.052187,-25.473
-20.634,-0.6859
12.129,-10.176
0.055943,19.148
10.583,7.9042
-2.1986,20.425
-0.047095,18.917
21.536,5.4976
4.5133,11.898
-0.30944,15.067
16.489,-10.407
8.4959,23.894
-6.7149,2.2057
-6.0503,-6.3859
-0.070951,2.3659
-6.1602,0.39861
-18.603,-4.1516
9.3458,-9.981
2.2175,0.4433
-15.526,-8.2685
13.331,11.057
9.7791,0.096795
-5.5533,-19.675
1.8772,13.15
15.022,-6.8999
14.991,10.081
4.6618,11.449
3.9865,13.275
-14.365,0.0012469
6.8402,-18.424
10.334,14.268
0.9826,1.5551
4.2473,24.319
5.9276,24.949
0.0082618,-0.29267
15.295,-6.0507
1.5142,-12.539
2.8841,12.214
6.5653,-6.5205
-13.89,-8.5493
-6.3717,7.8471
-6.1086,0.00012573
8.2,0.16892
13.673,-8.9855
0.020171,19.025
2.9754,-13.297
0.8621,-16.879
10.495,2.5078
10.159,3.1163
10.084,-11.296
-2.3718,10.118
11.516,12.882
-20.263,-3.52
6.2244,6.4481
11.426,-10.827
-7.9798,7.9915
-1.2243,-13.292
-21.954,-0.78029
-12.633,-1.0674
-9.657,-7.5401
13.174,12.022
11.142,-6.2792
20.673,1.4344
0.85915,-0.66917
-0.085826,-0.88207
-12.98,-5.4542
-9.8592,-7.8638
5.7489,13.411
15.93,10.674
1.6931,11.168
12.539,-3.035
11.04,11.27
-4.0763,-1.7755
14.826,-5.7114
-0.14054,-25.737
-15.801,-2.1912
6.0902,6.5594
-10.474,13.02
-13.08,7.1282
-12.182,6.487
16.694,8.4034
18.276,3.7033
13.947,0.13359
11.944,5.7079
20.576,0.30741
11.648,-6.1845
2.6032,-12.863
4.0944,-9.2137
6.1556,6.5172
-0.13913,-1.2913
3.0043,16.402
-12.503,12.218
2.9611,-2.9672
4.3185,13.768
2.2,4.2403
4.4863,-4.9661
0.81099,12.587
14.963,-10.831
-8.281,7.3561
-16.067,3.0262
-5.9837,-6.4264
-6.0287,0.33778
-0.076427,-3.1722
-15.485,9.6668
7.6972,4.9332
11.119,12.699
-13.219,-1.0817
12.178,-12.878
7.0318,5.8493
5.875,20.195
0.50664,-0.81235
-5.9177,-6.4561
11.819,13.096
-9.797,-7.9444
0.1167,11.324
-3.4374,12.997
-5.8842,-20.007
22.348,-2.844
6.2432,6.48
-1.2938,8.5236
-6.1124,10.566
8.6038,-4.6311
-12.619,-1.6879
-0.59794,16.828
2.2672,13.306
-9.3141,11.82
14.042,0.10772
7.0855,-10.041
-20.081,-10.35
-4.3505,14.69
-1.675,10.962
2.6464,-13.343
0.11744,-16.548
-2.0922,-3.5355
-8.7105,1.5906
-4.6637,1.506
7.2093,-6.6831
-12.841,6.2048
-3.9004,13.567
8.932,-9.7169
2.0636,13.291
6.5686,6.474
14.686,6.3104
-15.515,-8.2764
-13.728,-4.3863
-6.0508,-6.3575
-0.51595,-3.5425
13.692,9.448
8.6209,10.726
14.68,-5.2347
7.464,16.075
4.3069,13.263
-19.954,-9.6752
12.339,13.258
-0.51633,15.045
0.011164,1.3444
-15.384,-0.66098
9.6913,19.65
-0.37767,8.7697
-2.6741,10.065
9.5836,9.3318
-11.699,7.4316
20.725,0.38032
-8.7006,-5.2341
-19.523,-12.854
13.509,-6.494
-12.217,6.4463
-4.3284,-0.70088
12.331,-12.531
-1.3987,5.588
9.5718,0.002478
-6.0731,-6.3927
-10.035,5.7663
21.311,-0.85702
-24.218,-4.7824
-0.93736,1.0167
-17.978,-9.5013
-9.3432,-6.0686
10.54,14.078
5.3934,-10.561
1.6563,0.24231
-25.144,-9.7425
6.5428,6.4386
-14.06,-0.23752
10.432,14.155
6.2656,6.4156
0.80555,2.4656
0.14223,13.146
0.067586,13.127
-18.935,0.16878
-12.123,-3.2606
-6.2062,13.377
-1.696,-1.7888
2.2897,7.5515
-0.36962,20.75
-0.13901,-12.381
-1.2467,8.4907
3.8816,-2.5624
-4.7945,-14.761
22.042,-3.654
-11.359,11.838
-15.48,10.207
-14.67,-2.1181
10.596,-2.1487
-18.813,-6.1104
16.744,-0.66603
1.2412,0.93267
0.14879,13.107
2.1347,-9.4545
7.0235,12.976
6.9206,-5.0034
-18.389,-2.8502
14.223,9.2646
18.431,0.14113
-13.076,-3.6686
10.816,13.399
8.9484,12.628
6.0781,-9.8782
-14.887,-1.2384
-15.932,-3.3489
7.4511,-8.501
2.3813,0.30945
2.2375,12.33
-2.9127,-2.9645
3.308,4.0802
-4.1303,15.653
-0.008193,2.3101
-17.247,-1.731
-5.3578,15.573
-13.047,7.0342
-0.0011301,19.543
-0.46315,1.2612
-10.693,10.785
16.479,-10.039
10.703,12.402
11.226,12.817
10.905,12.829
13.729,12.03
22.198,-5.0203
9.6719,-13.802
6.2959,18.811
12.259,-8.4789
6.8814,-18.618
-11.351,12.222
18.603,3.1389
-4.808,15.058
6.2027,6.3654
12.278,-12.215
9.429,-13.018
2.557,23.424
-12.714,9.6523
9.0159,-9.7589
0.44307,-0.71952
0.48833,16.944
2.6459,23.476
23.873,7.3462
13.845,0.50951
20.354,-0.063321
9.1462,-16.725
20.353,-0.012462
6.9455,4.2453
-1.5338,5.5967
6.1614,6.552
-6.0401,0.079719
-18.255,-2.4222
-12.574,5.1175
-21.926,-0.61561
18.809,-0.0083283
2.1002,-10.57
-25.117,-9.8164
20.766,-3.0094
9.5964,-17.529
-12.231,-1.5677
-6.0347,-1.1476
-6.2009,-0.3497
2.8059,12.936
-0.71197,-12.818
9.7613,0.10416
-8.0363,7.8922
2.1315,3.9051
-12.489,-1.1552
-12.74,12.319
-10.61,-0.21285
-5.5831,-6.6437
12.47,-6.4307
-5.8906,-19.508
15.77,-12.982
0.61958,12.809
13.794,-8.8258
22.22,5.6128
-3.1317,-0.029288
2.8056,20.294
18.704,-0.011437
-9.7122,6.8251
11.242,-13.821
-1.7685,-8.8266
1.7979,-12.615
-1.2887,-12.935
6.5479,6.4893
-21.211,-12.391
-2.3959,10.233
12.626,-6.4748
12.525,-12.439
3.6053,23.981
12.068,11.078
11.822,17.206
-12.801,-5.3564
0.84644,2.3496
-16.108,10.23
-10.898,12.241
9.6104,-13.79
0.30177,19.451
-11,-7.8642
15.934,-7.2458
0.14979,1.2374
-9.5488,6.9033
9.0532,23.158
2.081,5.9788
0.82874,3.5847
3.1067,23.905
9.0311,-16.7
8.9895,-16.293
10.068,-17.592
9.9965,20.164
10.595,7.8627
-16.159,6.5826
-14.94,10.507
2.1169,13.327
-0.61166,-1.2996
8.6217,-12.397
12.806,-16.044
0.028008,-25.466
-16.227,6.7704
-16.941,12.948
5.744,19.29
10.648,19.667
4.5137,21.485
-2.0524,9.2043
21.587,-4.1147
9.1837,14.539
5.9605,-9.8513
-6.1705,-9.4834
-22.388,-10.035
-12.989,-3.4857
-1.0796,0.49574
-14.244,-4.6993
7.0609,3.4029
-19.188,6.1661
-9.2788,14.968
0.035513,-25.487
22.633,3.285
-12.628,-1.9022
-9.1493,12.433
-14.86,0.32655
14.622,-6.6607
5.6078,19.782
0.41318,-0.69129
13.067,-5.3474
18.366,3.6336
0.024115,-25.529
-6.1029,8.8687
-11.33,11.766
15.41,-7.0125
3.179,-2.5161
13.3,-4.2663
13.815,-4.7914
22.249,2.656
11.666,17.819
-6.9091,1.791
5.7062,19.306
-12.676,-1.8279
0.8398,-0.72475
-2.9437,-3.1187
-15.456,15.691
4.0059,-13.925
12.758,-12.304
12.823,-15.946
5.6638,19.292
-0.11295,18.668
-3.123,19.076
14.527,7.1709
-15.716,-0.30061
1.7089,19.059
-0.45445,8.7835
13.018,-5.9416
-12.177,10.416
-6.0235,-8.9811
-1.7588,5.24
21.378,-4.1226
22.37,-3.5809
-5.1761,4.3849
-3.0599,3.5096
2.4564,2.8379
-12.968,-3.4836
-10.019,10.719
-10.136,10.745
-19.777,-8.5252
10.849,2.2711
-3.2427,9.533
-2.8708,3.0672
-10.212,-8.0637
3.9411,24.107
-7.5535,-10.666
-12.452,-1.0674
10.031,-6.123
-9.0598,6.6081
-5.8533,-8.9312
-1.3868,1.6304
11.772,-12.462
-0.52171,-3.5708
17.231,3.9511
2.8669,6.237
-7.8389,-0.34629
15.125,10.416
1.5378,0.99872
7.0023,4.2467
-12.152,10.512
12.177,-17.017
16.221,-6.3211
-6.7224,-1.0903
-2.7262,9.9942
1.2784,18.011
-0.82599,-13.047
16.551,-1.1481
15.879,-0.6303
-2.7262,9.9941
2.9753,16.111
3.3285,-4.5172
2.9659,-3.3667
-1.7619,2.7246
12.582,-3.1772
7.0158,21.659
0.4784,-0.21061
-9.959,14.485
3.5071,20.225
0.86689,20.54
21.371,-4.1426
8.8259,-13.832
13.701,-5.7113
-6.4542,-9.4031
4.405,-4.6778
4.1464,13.727
-19.389,-13.057
11.839,-10.088
8.4719,-15.832
9.2464,-9.8645
-22.702,2.3091
5.6614,13.746
-9.3338,-5.9684
2.0451,-12.891
4.9448,-2.5341
12.645,-3.2159
-7.826,-6.0286
-0.87211,4.0527
-5.4276,2.1052
12.658,-12.276
-6.41,11.328
3.8695,5.2456
-12.788,6.2391
-0.11736,-25.793
1.5261,14.937
2.9232,16.262
-3.282,-16.489
4.8809,13.055
9.205,10.905
-4.4499,4.7911
2.4711,19.844
1.325,0.88567
-0.63177,-12.541
-6.3994,13.645
-14.497,18.525
16.257,-6.7285
-7.9563,8.9312
-12.432,-2.1234
0.29793,4.8742
3.1253,24.383
-8.1878,1.3586
-12.838,4.9415
-0.19841,-0.23549
1.2264,5.2763
-10.14,14.411
8.8986,-6.2949
0.071346,-25.472
-4.7358,14.841
12.499,-6.6271
13.112,12.071
-8.4094,-1.2954
4.1638,6.014
0.18781,-3.2376
-3.0091,-3.0021
1.403,0.84782
9.6023,9.492
-0.041688,-25.476
-0.073326,2.1102
6.8969,-9.8166
6.984,-11.118
-6.3617,2.8381
11.629,9.5805
22.267,2.6171
15.897,6.2389
9.6798,-14.061
-9.3321,-6.8319
8.9273,9.1753
15.888,-0.82152
-5.9291,1.9357
12.184,-12.884
8.5557,-7.445
11.374,-11.079
16.484,-10.452
-3.0304,-0.28086
-1.8137,10.665
9.4361,-9.7762
-16.849,-5.0471
-5.0754,9.574
0.075395,-0.98557
18.131,1.2235
-1.6014,-8.5704
12.225,12.384
-12.156,6.5578
-18.184,-2.1297
-10.734,15.407
22.509,-4.883
-12.769,7.398
18.148,3.8012
-0.83769,3.9278
-8.7326,19.44
0.48749,3.0986
8.1036,-12.192
17.747,3.954
-10.594,-8.2427
-11.205,9.5422
12.482,-3.7909
-3.2242,-16.349
-18.803,-7.4825
3.8931,4.9797
-11.96,6.6045
-7.9836,7.68
0.13211,-0.902
-18.974,-8.1843
6.679,6.5031
-3.0826,0.070873
13.318,-3.9966
10.807,19.533
-6.1159,-0.062769
9.7432,-15.923
12.957,-12.247
6.2111,6.6241
-9.7665,-7.5495
12.397,-16.075
10.124,-6.1376
8.6635,-7.1143
16.055,-9.8438
10.147,0.055079
-15.191,3.4449
9.4719,0.038136
11.526,1.7288
9.1282,11.509
-20.156,-10.424
13.529,10.921
-20.736,3.9917
8.5397,0.17944
-6.4484,7.7595
22.648,4.5227
-1.8474,7.5399
10.817,12.909
6.5663,-10.28
9.8962,-17.287
-12.341,10.41
11.859,-13.376
11.921,-13.444
-5.7607,0.82875
11.176,19.409
12.478,-12.548
6.3729,-13.497
-16.18,6.6373
-8.5592,0.84388
0.50344,-0.91198
11.63,13.24
-23.231,-2.6924
-12.501,12.105
6.381,6.6158
6.8252,-9.0232
12.464,-12.482
13.156,4.2348
13.645,-4.5055
13.299,-10.431
9.4726,0.018819
-16.441,4.8373
-18.307,-0.40363
9.7339,18.424
-15.138,-1.6927
-12.398,-1.0964
14.56,-6.2705
-7.1785,22.095
15.551,6.5215
-18.727,8.3305
5.2016,13.442
-19.345,-11.488
10.394,-17.759
-5.9198,-19.892
6.2082,6.3904
9.4639,-0.039977
10.149,0.29036
20.223,12.416
9.6853,0.044144
0.70869,3.9471
-5.6045,4.2485
5.3984,-10.674
-2.0541,19.488
-9.4763,-5.9145
11.596,-10.057
0.71064,17.574
-6.032,-1.324
9.9672,-6.0588
1.6356,17.749
-3.2141,-16.393
9.8352,-17.49
5.7758,19.322
3.024,16.416
12.459,-12.474
-15.436,7.4749
3.9982,0.59603
-16.111,-0.4591
2.3893,-11.695
-6.1032,3.8762
-15.743,-9.6518
-4.7128,1.4529
-0.0095537,19.238
12.468,-12.522
5.9701,6.5376
-6.8827,10.536
-9.0284,-3.09
-18.738,2.7007
-3.3988,2.7098
13.226,-12.135
-3.3016,-16.462
-7.8813,7.7691
-0.79769,17.455
4.4821,10.857
3.0668,-9.2453
12.818,-17.164
3.2972,-0.12402
-13.024,-5.5319
-21.868,-1.6219
-11.065,12.355
-8.7692,-4.0506
5.6217,19.243
3.1654,21.785
-5.8693,-16.927
12.468,-12.549
-3.0587,-13.159
3.079,16.462
-0.13176,-0.0034909
-3.3214,-13.382
0.019479,-25.486
9.3966,8.7661
-5.9254,-17.433
9.0728,-18.253
2.141,3.6577
7.3079,22.628
12.456,11.645
13.409,12.012
15.585,12.547
20.915,-4.1438
6.6755,6.3706
0.76509,-0.8896
6.3741,-0.75967
0.78606,-0.81968
-19.081,-3.5964
-12.385,6.6341
12.552,-3.2009
-19.773,-10.195
-1.023,17.514
2.4756,0.29953
12.359,-12.151
17.608,3.8611
-10.46,-0.41942
0.25893,-0.92112
-2.633,-16.663
-0.31534,-1.7941
12.29,-3.3359
5.5441,13.895
14.958,-4.9512
3.6677,20.1
9.6621,-0.024097
9.4718,-9.7537
9.0362,-0.00054989
13.537,0.69486
-19.252,-6.8707
-2.2993,-8.75
-10.353,8.5889
-0.11979,-1.1835
16.58,-1.1874
1.5823,-17.666
12.501,-12.431
-22.697,2.3306
16.688,-0.55738
0.23976,5.6906
-4.9456,-19.465
-0.22499,-12.394
0.40529,-0.22626
-5.6176,-1.6834
-24.739,-6.4398
14.058,-5.158
-4.3334,15.624
5.5346,13.563
-12.86,7.6119
2.1443,19.798
13.728,-7.7014
0.031431,-25.496
2.6237,6.0492
0.58667,-0.7472
8.8328,-18.252
0.039235,-25.481
-6.947,10.165
-0.15687,-25.949
12.13,-10.223
-16.063,-4.9739
-6.1477,-6.415
10.613,19.636
-6.9246,-6.5292
-5.5247,-9.8315
-0.69126,11.893
-12.718,9.1577
-2.8079,-2.9579
0.041061,-1.0317
13.904,-4.8402
17.137,-2.2265
-2.744,-2.8918
6.336,4.8917
7.3984,24.974
-20.882,-8.8495
-7.0786,-14.964
3.9443,-13.837
-10.548,-8.3789
-16.212,-10.191
13.243,11.267
-6.2768,10.311
-12.989,-3.4075
-15.805,-9.9823
12.685,-12.336
6.4465,-0.80025
-3.5018,9.3967
4.783,11.191
0.41403,-3.4013
10.859,12.459
3.5773,-0.92388
3.5688,-0.49757
20.968,-6.5373
-7.9474,7.7893
-9.0843,16.123
-12.538,-5.6157
0.018563,-25.485
18.238,-9.6015
15.185,6.7015
0.4854,-0.4479
-6.1834,7.6638
-8.1469,7.2844
0.67788,-0.091676
2.4512,2.8229
10.37,-17.7
2.9518,16.033
-7.4818,8.4701
6.7386,24.486
5.8511,-9.6209
1.5824,-12.284
3.4511,21.954
2.3867,-9.7514
12.539,-12.47
-1.1752,6.1019
7.6344,25.517
-2.0824,20.493
12.629,-3.147
3.6945,-4.3623
9.2803,11.465
0.29654,19.51
11.243,8.8145
-16.279,7.4521
11.966,12.94
-3.2603,-16.315
-2.7514,-2.9306
0.014089,-1.0894
3.1052,22.095
-17.978,1.8608
10.338,-13.316
10.496,-13.323
2.9161,20.213
-5.4267,-1.5825
-5.9443,-6.5011
-5.9444,-6.5012
-18.45,-3.7466
-13.724,-0.55551
-7.1245,1.252
-20.127,-8.5876
0.03155,13.892
11.019,-1.5025
9.6983,-13.801
9.899,0.13711
12.606,-15.599
0.34105,5.6766
-1.6272,11.643
10.321,14.258
10.316,20.224
-5.8889,-6.4817
10.077,-2.3338
7.7916,-4.5366
-1.4046,6.0425
-19.222,-6.7677
-16.598,13.418
-6.6133,11.247
2.9065,-19.548
-2.1639,-2.4243
-13.904,8.906
12.287,-9.698
5.8582,-7.429
15.93,-0.71639
9.4967,-9.748
3.8939,-16.401
3.0652,-9.211
3.6069,-0.93865
19.367,2.3992
12.502,-12.491
0.078761,-25.461
8.9527,9.2823
-5.5138,-0.21527
11.247,8.8283
-9.9076,-7.504
14.733,4.3885
5.3514,-8.0733
-20.72,4.1217
9.5174,-9.7495
12.551,11.66
5.8406,-15.343
9.6133,0.022475
12.622,-9.5541
-6.6949,3.0273
8.5666,-7.447
9.7457,-6.1523
14.478,7.1376
10.791,19.597
-20.032,-11.215
0.47921,-0.811
14.657,-4.5343
-3.0229,-11.481
-0.18759,-1.4005
-0.37561,2.7477
9.5028,-0.052916
12.478,5.7983
5.2454,13.409
0.38075,-0.75145
6.3199,6.5964
-11.106,-2.3605
10.198,-11.8
0.412,-0.75335
-0.43294,18.338
-1.5029,10.125
9.0055,9.9856
-14.456,4.7376
-5.5096,15.47
2.865,16.154
-6.137,0.37308
-6.052,0.48693
11.847,12.846
-12.63,8.5829
12.389,-10.328
-2.9201,9.5512
-8.2591,7.5009
18.69,-0.09466
-0.017872,-25.571
9.7199,-9.777
-7.2093,10.999
21.983,-4.839
-14.988,10.274
18.081,-9.7258
5.6084,-17.469
0.71579,12.661
-15.203,9.9697
6.2901,-12.635
13.677,-4.3355
13.222,-6.3154
-5.3937,0.45498
-3.0615,0.087163
-6.5365,0.35296
13.555,-3.0074
5.682,-10.094
13.152,3.7952
-5.3761,1.2598
-12.757,-5.3956
7.3795,23.289
-6.9039,1.3839
0.2286,18.763
0.19909,-6.4067
-9.4544,-7.1122
9.5313,14.484
8.1311,22.414
-0.084588,-12.407
-1.5699,10.238
0.22919,2.9107
5.3912,2.6202
10.42,19.641
1.9259,21.374
12.234,4.9648
22.205,-2.6495
-8.1207,7.5206
-0.1545,-25.842
7.961,-8.821
7.3877,-8.5673
-5.6953,4.1323
-4.6174,22.201
12.018,16.616
0.5373,-0.72425
3.7895,-0.7975
8.007,22.451
7.7332,-6.5795
14.404,9.935
9.4061,22.707
22.43,-2.9974
11.986,-13.079
5.4667,13.378
3.0881,19.843
-4.8289,13.986
9.6089,-6.5076
15.977,-9.0059
14.421,-5.679
15.594,1.7204
16.509,-0.94699
16.624,-1.0282
-9.2829,-7.0008
-9.2416,-7.0256
3.2611,-0.1069
7.7704,23.759
-6.6605,-1.0317
11.587,-6.4024
0.59762,-0.22699
6.0885,-19.521
-21.807,-9.4745
13.099,3.8272
0.27603,2.662
-8.0782,7.5426
6.2012,6.7029
-0.087917,-25.553
13.024,4.9537
-0.20756,-3.0595
-23.275,-2.7496
-12.522,-5.1316
1.0361,-0.73746
12.756,-10.177
0.015924,-25.529
8.1044,-11.614
-11.486,6.6453
-2.1424,-2.7115
9.7889,-6.2757
-2.8529,-3.0641
-11.527,11.865
11.354,-11.224
9.8282,3.174
-6.4049,-0.59681
7.9267,-6.4768
-19.499,-8.7475
-12.892,-3.1889
8.4568,4.7205
-2.9671,3.0812
-7.7706,-10.666
-5.6438,-0.97013
3.4798,24.014
-12.514,-2.127
12.292,5.9921
0.63805,-0.82485
0.49196,16.669
9.4265,-15.645
-1.8605,-2.7426
-6.1969,7.6717
13.77,-7.7517
13.836,-7.8196
8.6718,-5.5466
-8.4089,-1.2971
2.636,20.318
0.9609,-0.7875
-1.5059,-1.5214
2.0375,5.9349
13.451,9.037
9.453,-15.731
1.566,17.805
-7.4869,1.1349
-2.9588,0.4349
21.861,-2.3876
-16.176,-4.1896
-7.2739,0.83978
-19.231,-4.3281
6.6655,-9.8881
10.475,-7.2069
8.5186,-11.465
-10.258,-8.107
-12.213,6.5331
4.686,-4.2391
-0.73142,-2.3916
-6.2806,3.7375
4.4629,-17.942
8.2863,-15.721
-17.455,-5.6302
-15.544,-4.5135
-12.093,7.9612
9.6042,14.577
-23.508,-2.8949
10.04,20.083
0.0087068,-25.55
-1.9407,10.532
7.6151,4.8625
12.348,-4.8688
0.5524,-3.321
-19.461,-8.6905
0.46153,-0.95906
-3.0768,0.35329
16.12,-0.87825
8.7926,-4.5342
9.1958,-6.2091
9.3987,-6.8645
6.7405,18.317
-12.58,-0.9866
12.645,-12.374
-2.0956,-3.657
6.5527,6.5894
9.7368,-6.3182
12.344,-6.6131
3.1801,-11.662
15.279,-7.0472
1.9243,5.9071
0.028039,-6.6141
7.4385,-12.139
-15.543,-2.2253
9.8268,-0.46928
-8.1096,-18.52
12.372,-3.1544
12.542,17.448
-16.788,1.1075
10.015,-2.6636
9.7853,11.636
-12.916,-6.0108
-8.2768,5.415
-4.8986,1.7449
1.5744,-17.711
-13.849,-4.4843
-8.0145,7.4934
11.788,13.016
0.90506,-3.6282
4.1916,16.828
1.2528,11.018
-13.614,-4.2806
12.658,-16.336
14.47,7.1676
-1.5906,-6.8022
-0.77566,3.6585
-5.9734,-6.5538
-6.1358,-19.474
18.584,-9.4212
-9.3045,6.4946
8.213,-14.341
-5.9592,-6.4491
-12.828,8.9271
-8.8605,6.139
-3.5793,0.55238
8.153,-15.852
9.9396,-16.517
4.8585,0.82249
22.109,-4.9713
5.4462,25.166
-20.843,-11.079
5.362,14.181
-5.5903,-0.72347
-12.712,5.0391
-4.0869,-1.6497
-23.456,-2.8021
10.149,-13.211
11.048,19.416
0.080264,19.488
-2.5429,-3.7776
-2.1776,-3.4748
10.448,-12.881
2.0069,-12.719
7.1493,12.994
-0.0085566,-0.17441
10.102,3.3497
-7.6413,0.66479
-3.3857,2.8401
5.1647,-14.14
11.068,-4.2274
9.7148,-18.021
2.2787,-9.4329
12.83,-3.8159
-9.17,5.9715
7.5746,-6.4985
12.664,-12.377
14.656,-6.5342
9.0888,-12.223
-0.28198,-3.0169
14.235,9.3259
20.66,-3.6002
9.3496,8.8118
13.156,3.9715
-0.064074,-25.552
-10.221,7.6087
13.322,12.006
-0.073476,-25.711
5.3997,3.5791
-14.252,-9.7434
0.17887,4.2488
-9.5018,-5.9603
12.605,-12.442
-7.3681,7.4774
0.14412,-0.37229
8.4614,-11.337
15.131,10.446
9.0279,-6.5534
0.0096621,13.398
-4.9225,4.6617
15.253,0.54785
10.604,-0.38144
4.333,14.76
1.3085,-13.864
10.505,3.9495
0.23883,19.082
1.4189,21.459
-0.036259,2.3858
12.219,-12.815
3.833,4.3816
-6.1955,3.5003
-13.086,-5.2782
3.0778,11.986
-14.289,-1.5619
-12.989,-1.4629
4.6232,-9.3458
5.321,-9.8719
0.47764,12.8
9.1923,-6.9636
-22.768,-11.597
6.1095,-19.46
7.0972,3.6943
0.19674,-6.3637
-12.396,5.7289
3.1553,-0.1894
0.50886,19.978
0.56859,-0.80762
6.7679,-10.1
9.7541,-6.1076
10.28,-11.724
16.233,-6.3434
13.077,-10.312
7.8862,-7.0743
-5.5874,-16.935
9.3545,15.095
10.232,-7.1486
0.045154,-25.51
8.8097,-16.245
-7.5998,6.8741
-5.8321,-19.659
11.585,1.611
12.891,5.0915
7.4041,-5.1774
6.2274,-19.58
5.0603,-8.6693
4.9254,13.896
-25.002,-8.5638
-15.455,15.692
-16.353,5.0835
-0.4616,14.037
-6.0059,9.2425
-22.992,-2.4126
-18.327,6.2723
11.797,13.243
-15.982,0.11646
-14.914,0.40033
0.28509,19.418
-4.1949,14.115
-14.837,16.056
-4.4323,4.7746
-12.457,-1.9437
-11.166,16.874
-17.828,-9.3855
-10.424,7.6539
-12.896,6.7611
-6.122,10.784
11.042,3.8976
-6.7078,10.975
-0.13753,-25.813
4.4216,13.612
18.538,3.3275
3.7456,20.182
9.7171,18.643
-0.1538,-0.023807
-0.13591,-25.808
-19.333,-8.5691
-14.675,18.817
-6.0065,-20.049
-6.3009,7.9278
-15.751,-9.8415
12.043,12.875
-20.041,-9.6132
-18.557,-5.7638
-25.147,-9.7599
16.62,-0.64727
-2.7119,9.1555
15.637,6.1415
-16.389,-10.31
7.1545,-14.016
0.35376,-0.7934
1.0629,10.488
-5.1148,-17.276
-6.4739,-2.1925
6.3608,-19.992
9.1401,9.2708
-25.045,-9.926
-5.9827,-19.511
0.81862,4.9401
12.289,3.7826
6.6033,6.3962
12.308,-3.4521
18.01,2.4375
-15.848,3.581
13.631,-3.1253
2.5038,-4.9427
-6.208,10.825
12.702,5.0092
0.38985,-0.79824
-1.5559,10.127
3.2473,16.644
-2.6938,9.6413
15.884,3.8558
0.13736,-0.93308
9.6378,18.762
15.495,6.81
-12.791,4.9528
9.9746,3.3259
8.8841,-17.592
-11.984,10.641
5.5838,20.125
11.335,-10.661
5.7515,19.329
12.374,-3.3789
-9.3168,-5.6327
-16.974,-9.9673
-6.7088,-1.0941
-17.847,-12.489
7.4243,-6.381
13.171,3.9914
9.4789,22.604
-2.3905,-16.831
7.7258,-6.7047
9.9379,-6.1053
-15.084,-2.3425
-2.0643,-7.4008
-8.2059,-0.7223
12.78,-3.2525
12.594,-3.0801
14.426,8.5962
11.148,1.0622
12.515,11.672
0.19063,-25.201
-11.885,6.2879
4.302,5.8439
4.6292,-9.4449
0.03882,2.2737
0.83987,-0.78268
-12.954,-3.4297
7.4893,4.0792
9.5406,0.046394
6.3659,-12.588
-14.983,-1.7645
2.9399,16.203
16.862,-1.6952
-0.30213,5.8975
-0.42315,5.8385
-5.9806,-19.5
9.6804,-14.372
12.608,5.8567
4.8956,-14.632
-9.5799,5.746
8.182,3.2465
6.3005,-19.552
0.73448,3.5212
3.9153,-18.349
-6.4689,3.7784
8.0331,-15.891
-0.14332,3.506
-20.28,-8.3166
-6.3252,3.5456
8.324,3.2215
-0.1924,2.6459
-6.3423,3.4572
0.26599,12.99
-10.815,12.263
-0.052981,-25.489
0.1895,-25.212
11.873,-18.681
6.4382,-12.62
-0.023315,-25.477
4.3158,-7.1296
16.505,8.4397
13.257,-4.1262
9.6183,-11.28
-8.2185,-0.5302
-18.272,-3.3041
-8.5807,-0.59284
0.014124,-25.5
-12.948,-0.46205
15.622,-10.521
2.1539,13.269
-5.9182,-6.529
8.8873,-13.679
6.2057,-13.757
-15.277,7.2178
-2.8382,5.4676
0.026036,16.257
-12.889,-3.2351
-6.0441,-6.6175
-10.796,10.23
0.32227,2.7995
-3.2491,0.074826
-8.8289,7.1619
-20.713,-0.67985
-3.684,-3.071
4.6721,-14.443
8.2571,23.461
-19.2,-4.3013
2.8951,-1.2798
15.156,-6.9595
-8.5075,-4.2895
3.0906,0.0023928
13.853,-8.6446
2.8592,19.474
0.73516,-3.4304
-2.1591,19.849
-21.04,-0.40269
-19.496,-11.016
-13.039,13.709
12.518,5.7327
-8.4921,12.708
-11.732,15.912
6.3048,6.6294
-0.16302,-25.842
6.1728,19.825
-23.533,-2.9962
-25.11,-9.3811
-18.851,-11.138
-6.1356,10.648
6.1625,22.047
-18.949,-0.097336
-23.833,-3.6146
-25.001,-8.6456
-8.4164,0.90808
-6.5735,10.984
-6.741,-9.9158
-25.047,-8.249
12.731,-12.071
-5.8777,-1.3768
-20.802,-0.24968
15.606,-0.081471
-8.4447,0.94615
-5.9753,-19.915
-17.529,-5.7224
-1.8176,7.1593
22.823,4.1087
-6.1685,3.8048
-0.085815,-0.88212
-15.927,-10.048
18.579,3.4351
-6.9033,-19.056
-16.784,-10.5
-0.38939,14.92
5.6605,-9.5847
0.022661,-25.509
-0.094754,-0.13573
-19.548,-12.903
-5.8166,-1.0092
12.166,-12.601
12.061,-12.908
3.6474,-12.602
0.70191,4.0153
0.46346,19.846
-5.6308,-16.823
6.5354,4.6937
-7.5938,8.1722
14.991,5.119
0.19271,13.025
-5.6037,-16.812
11.048,19.416
-10.583,7.5282
3.5829,-13.746
12.249,-8.3929
-3.5545,13.095
3.1989,-12.719
6.1095,-19.382
0.01384,2.2461
3.8871,4.906
12.337,4.9156
5.9451,-17.91
16.612,-1.1956
2.262,2.0808
0.42241,-0.92789
-5.9662,-2.8883
16.761,3.7946
7.6007,-12.294
15.849,-5.6841
0.030934,-2.43
0.80463,13.334
6.2411,-18.169
6.1142,-19.45
-19.351,-5.2528
12.065,-4.2089
11.846,-12.463
-0.01176,-0.19654
8.6692,-6.3517
5.1769,-15.32
-0.043171,-25.625
-3.669,-20.085
12.661,-15.548
5.625,-17.286
-6.0783,0.21382
-0.2031,-17.01
3.3229,6.2397
11.877,-13.41
15.745,-13.012
12.479,11.75
15.739,-5.6776
0.1064,-25.437
6.1095,-19.46
-6.2127,-6.3467
8.4579,-14.584
12.477,-6.6606
6.1886,6.5413
12.316,13.263
0.64318,-0.67664
0.018976,-25.515
-9.2667,6.5758
-5.7677,-9.8212
10.592,-7.2251
6.1886,-9.5084
-18.389,-12.967
6.9213,23.648
3.7161,-16.459
9.38,8.7514
-0.024789,-25.289
6.9693,-14.047
11.653,13.221
2.8021,23.564
7.6657,4.091
6.6814,6.5035
10.047,-7.0899
4.1517,5.3098
0.029947,-25.507
-3.236,2.9245
6.125,-9.7138
3.4772,-1.1043
-0.14586,-25.917
15.425,-10.993
-7.7214,-2.9485
3.1182,-9.7765
-19.461,-12.752
9.6248,-0.018611
13.168,4.2413
-6.8453,-10.007
7.9518,0.21853
8.0307,-5.4218
6.1244,18.997
-9.1037,7.1055
6.3004,-13.28
1.9551,17.777
-16.78,-8.8749
12.033,-10.109
9.8471,-6.0976
14.126,-11.821
-7.7215,-2.9488
3.0804,8.6889
-6.3065,21.743
15.535,-0.41779
-22.726,-1.5263
11.797,13.243
11.825,13.093
11.797,13.243
12.62,5.2721
-5.8681,-19.678
-12.532,12.293
-6.3065,21.743
-25.116,-9.1878
8.3755,23.384
-25.053,-8.2939
-16.234,0.26187
-25.13,-9.2939
-0.66646,-0.3028
-18.523,-7.3932
-16.261,4.1589
8.3755,23.384
-24.869,-7.1351
-7.2931,20.83
-9.7482,-7.6929
-3.5257,13.07
-17.408,14.237
-7.4897,-10.496
1.5353,15.131
1.5353,15.131
-3.8621,13.521
2.1546,10.135
-25.101,-9.6302
7.69,24.098
7.69,24.098
-25.065,-8.4915
-24.909,-7.1203
-20.396,-0.65034
1.6704,-12.591
-7.3762,-10.372
-7.2932,20.83
-17.683,5.7717
-10.746,-8.1603
-12.412,-2.3195
-22.446,-10.622
16.77,-1.1068
-6.0038,-6.3899
-1.8034,2.6623
-0.79142,-12.86
-5.5315,-0.73456
-1.6777,2.127
0.0056465,2.2938
-0.2119,2.8157
-0.047338,18.917
-0.046998,18.917
-1.822,2.5581
-15.694,0.83145
-0.0021488,-25.336
-14.672,7.6449
-24.022,-4.0422
-19.516,-12.869
-15.085,19.303
-18.81,1.1265
-12.243,16.061
-10.434,8.2272
-9.9388,13.21
4.9474,-5.1095
-18.195,5.8935
6.0713,18.073
-9.0595,11.259
-1.1861,2.5237
-8.2813,9.417
-11.206,16.018
3.7824,-9.4049
-12.5,-5.1829
6.2328,6.674
-0.01372,1.1491
-6.4012,-4.5947
-4.2642,-13.307
-14.391,-9.7947
7.0972,3.6944
0.22029,-16.278
15.832,12.671
0.22118,-0.95413
6.0843,-19.363
12.65,-12.513
-6.1018,-16.839
-19.496,-3.0816
-10.678,-5.3609
12.742,-16.92
10.57,20.522
11.767,-6.0994
-8.7961,6.0061
6.3358,-16.507
-6.1805,-6.355
-6.0616,-6.4218
-0.030877,-25.331
3.5489,-13.464
-2.019,-0.21862
-6.8027,-3.7381
15.008,4.5637
-0.086507,-25.551
-4.1564,-19.665
-0.14195,-0.068571
-10.032,0.0071479
-24.386,-8.4948
-11.596,-2.5494
8.7871,-11.392
2.4159,-17.603
3.0867,-0.024878
8.3305,-14.485
15.596,2.2335
23.569,5.5459
5.1522,17.187
22.049,-2.7976
2.8521,-19.522
-0.16386,-25.855
-16.212,-9.9195
20.544,1.2911
22.695,3.3601
20.247,5.7233
22.019,6.7086
22.138,6.4286
21.834,6.2757
-15.95,-10.028
16.496,6.9416
15.323,5.8643
9.3974,14.298
20.569,2.2054
20.352,1.1495
1.8872,-20.575
22.138,5.8278
21.856,-1.7098
21.882,6.1485
-19.606,-11.036
-18.422,-9.7117
-5.9913,-19.528
-19.38,-7.1415
14.579,5.7477
21.862,-2.2416
22.702,4.989
22.482,5.206
-15.963,-9.9611
18.406,2.0116
-0.049437,-25.468
22.597,3.3655
15.066,5.2462
15.708,2.1672
16.025,-0.27308
-17.283,-1.6215
-5.2336,-14.956
13.826,0.71622
2.8947,-19.575
-20.591,-11.553
-24.849,-6.8558
16.102,7.5069
12.697,5.457
-1.0575,9.9669
17.466,9.9274
2.8378,-19.498
-7.9598,7.3418
-17.353,-11.005
-1.5568,-17.908
22.332,5.6915
-12.074,8.5641
21.859,-1.6592
-24.82,-6.7129
19.778,0.41269
18.2,2.0478
4.9052,-5.1464
20.119,-0.2323
16.574,6.9588
15.236,0.95042
22.797,4.6605
15.759,2.1882
0.54607,-16.703
15.114,5.3746
17.669,-2.4946
20.008,5.7863
8.9447,9.8183
12.562,2.6043
-0.031607,-25.584
-3.9686,-19.586
18.372,3.6249
23.347,6.6406
22.072,6.5602
12.414,5.3283
20.102,12.524
-19.326,-7.1178
18.263,2.0776
-24.763,-7.16
-3.4732,-19.288
13.987,0.067772
-22.018,-1.1395
-4.6553,22.125
22.267,5.5425
-9.1858,-5.6577
20.296,0.055817
-12.074,8.5641
-0.034624,-25.483
-1.5735,-17.655
22.219,6.3888
22.362,5.4615
15.866,6.3061
14.864,-0.24195
10.965,12.482
-19.545,-12.912
-19.808,-11.092
2.8526,24.272
-21.962,-8.5749
10.742,-9.2343
9.1449,9.7699
-0.073329,-25.64
-4.0967,-19.75
0.32364,-6.8022
20.449,2.3496
-17.31,-1.546
21.292,3.7544
12.53,2.5007
12.586,2.5872
-15.904,-9.8839
15.754,-13.024
-13.434,-1.925
12.258,-12.813
-0.076728,-25.574
-0.081494,-25.569
-0.093703,-25.655
-20.193,-9.0175
-0.066778,-25.461
-3.1971,-16.374
3.9842,24.108
6.0732,18.047
-15.399,-2.0523
14.907,10.024
2.8885,-19.553
-10.9,16.268
17.566,-0.31095
-18.627,-11.568
17.706,9.6494
-20.338,-10.435
-18.868,-5.2771
0.5247,-17.109
15.8,-0.72986
23.553,5.3498
1.0937,4.8869
-1.6056,-7.0384
-21.914,-1.8559
14.383,-0.13013
12.456,2.4092
2.8406,16.228
14.461,4.4769
-19.363,-12.947
-19.464,2.6898
21.742,8.4642
-0.69805,11.884
-2.4692,-16.808
3.652,0.60166
-22.802,-11.547
-19.465,-3.7109
7.9609,-8.8209
-0.11985,-1.1836
-22.073,-8.485
8.4418,-4.87
12.833,5.254
6.1998,18.002
-24.996,-7.5527
-11.987,-7.0973
-5.9866,-20.237
-3.9351,-19.579
-21.668,-0.29406
-0.16122,-25.869
-22.129,-8.5544
-24.691,-10.509
-14.844,19.424
-10.4,16.826
17.301,10.027
-20.511,0.95081
4.4815,21.528
-21.168,-0.28109
-6.1171,-6.4486
-18.779,1.751
-16.609,2.0582
-0.15995,-25.87
-2.1397,18.461
9.4615,-9.7533
16.732,-1.267
9.3232,-9.9112
-6.448,-19.059
-6.0177,-6.4437
-12.701,12.103
-0.155,-25.906
-0.1717,-25.841
-0.17977,-25.84
-6.8951,10.102
-0.16216,-25.835
-24.856,-6.9051
-0.151,-25.896
20.104,12.53
-0.15182,-25.917
-0.15157,-25.9
-1.5303,10.193
-25.116,-9.9425
0.018434,-25.489
6.2829,6.5285
-17.052,-10.365
-16.55,-4.7959
12.214,-8.3607
-11.471,-7.1924
5.8419,-8.9427
0.056023,-25.496
16.163,-6.7058
-22.168,-9.8872
-2.3961,-16.773
-0.91609,-13.041
-22.414,-9.8748
-16.045,-6.4692
-6.0707,0.215
11.478,-6.8659
5.1062,-15.111
5.3207,3.9028
8.8714,-16.387
-8.4508,7.0761
0.63074,11.631
-22.431,-9.6218
-0.82926,-12.795
5.2013,3.9393
1.9299,4.229
5.2677,3.9378
-5.9807,-6.598
0.016041,-25.498
-9.682,5.8721
10.137,-15.094
10.205,-7.1282
4.0623,11.75
-16.517,4.5632
5.1048,1.2169
18.415,-1.044
-0.15579,-25.812
12.834,-3.3262
6.746,-15.931
-0.61487,-13.137
6.1769,-12.9
6.6622,-18.299
7.5729,-11.996
5.9103,13.864
0.055993,-25.427
0.060046,-25.416
12.561,-3.1803
7.4564,-12.113
-3.1862,-2.941
4.4428,-9.1359
-12.564,12.098
6.531,6.4814
-6.4034,0.21473
12.295,-11.727
1.2971,0.76895
1.2971,0.76895
11.033,3.9257
4.4766,-7.9028
12.661,-6.5899
6.5942,-16.468
12.525,2.671
16.809,-0.60925
14.41,-0.17276
-0.31795,8.9878
-16.365,-2.0775
-6.0159,-19.523
-24.065,-11.777
0.022565,-12.359
10.885,3.8069
-1.2533,-13.074
0.033331,-25.403
6.2643,-0.79696
-15.018,-1.0921
9.9145,-17.28
3.8725,13.143
-18.683,7.3967
-0.15478,-25.951
-3.3472,-13.555
-23.585,-10.839
-3.2599,0.073656
4.3856,16.906
-14.844,19.225
-4.56,-19.581
-18.851,-12.932
6.5351,-15.634
7.9182,-8.2733
3.1504,16.539
-6.2237,22.099
-12.307,-1.5327
7.6578,3.3731
-2.0509,-7.7079
-6.3454,-0.0073268
12.501,-6.4901
9.343,-15.705
-5.5119,1.0367
-0.55558,-12.781
-6.0761,13.442
12.697,5.4569
-0.10052,20.59
2.9796,0.027775
-0.021406,-25.519
4.8274,-19.369
0.71429,-13.6
-20.849,-0.067523
-14.895,-1.0903
3.8622,-4.8308
6.2813,-0.94839
14.075,-3.5859
-5.6095,-19.922
2.652,-4.9035
10.08,-17.421
0.6236,12.237
-0.15975,-25.729
4.7161,0.9081
-11.166,16.874
0.00088908,3.4175
-15.246,9.9076
8.9213,-17.69
0.54632,12.725
0.34261,-0.56574
-12.281,-0.93551
7.0059,22.587
-11.688,-2.8367
-0.6895,-13.078
-15.524,-4.2327
-1.9833,19.662
12.275,5.1303
-0.57572,-13.026
-0.66982,-3.929
7.1084,12.795
-6.0111,-6.3767
-3.6678,-13.313
-22.874,-11.509
-12.152,6.6166
4.4066,-11.6
-0.53665,-19.107
5.6551,-2.7341
5.4293,4.129
-4.218,-4.4483
-4.0218,-4.436
4.0978,-9.678
-0.15069,-25.992
-3.1442,-13.197
2.6839,-4.7963
6.3571,-20.255
2.0441,-18.796
4.4662,4.266
7.7806,5.0841
-15.833,6.6991
-18.468,-0.12491
5.9162,21.963
2.8138,-9.0074
13.777,0.56708
6.2893,-16.64
-0.15486,-25.954
-6.0606,-6.4087
12.297,-12.011
2.3088,12.052
-13.096,-3.6421
-18.705,-7.6729
6.3113,-0.80552
-11.949,-8.1622
3.1507,-1.3758
-0.19958,0.013531
-6.162,7.9559
-20.943,0.52897
-20.603,-0.046657
-14.311,17.869
-24.721,-6.4522
-18.874,6.7581
-20.022,6.3586
-6.2971,16.943
-18.882,-0.11491
-23.566,-8.7343
-20.421,-8.4919
-23.833,-3.6146
-24.927,-10.205
-12.407,16.279
-18.058,-5.8802
-11.883,-3.4451
-18.988,6.4281
-11.8,-3.6635
-12.596,13.292
-18.828,-0.015354
-11.804,-3.2848
-14.714,-5.7492
-24.711,-6.2269
-23.455,-2.915
-13.219,13.437
-24.248,-10.732
-11.149,16.216
-4.6949,5.5105
-18.924,0.14261
-12.821,4.9273
-18.345,-9.7358
-18.235,-9.508
-18.268,-9.5438
-18.92,0.0056137
-14.914,7.6408
-16.6,1.7375
-16.651,1.7546
-22.013,-9.4308
-22.321,-9.3667
-5.5481,16.431
-10.926,-2.632
-7.576,-2.9887
-12.246,-1.3517
-15.576,-4.1904
-18.654,1.3866
-10.312,16.866
-10.277,16.862
-19.326,-7.1178
-18.07,-10.672
-15.274,3.4633
-18.741,0.76712
-22.668,-11.636
-3.1381,-0.11379
-18.812,1.1315
-13.957,17.475
-2.6275,19.264
-16.476,-2.1023
-9.0229,15.444
-14.647,4.8553
-2.922,0.30169
-19.237,-11.085
-19.538,-11.158
-6.6364,0.57723
-12.7,-1.9222
-16.417,5.141
-22.026,-9.5286
-12.697,-1.767
-3.0398,9.2829
-12.615,-5.1847
-8.5702,-4.0814
-0.27825,14.064
-18.546,-0.2103
-15.811,3.77
-6.6024,0.50298
-10.372,13.889
-10.19,14.053
9.1411,14.859
-1.2178,19.402
-13.599,9.7452
-4.2914,20.779
7.3748,16.108
-2.0154,19.713
-22.119,-9.5579
-16.369,6.9679
-12.692,9.177
-18.935,1.699
-23.278,-11.494
-19.468,-13.008
4.0369,9.9677
6.1981,6.5733
-12.806,12.971
-6.1204,0.42969
-0.67342,11.828
-6.395,0.32055
-11.999,-8.2159
-12.961,-5.4977
-15.54,-2.9798
-15.089,3.4362
-18.457,1.6624
-12.074,8.5642
0.19839,18.759
-18.374,2.6681
9.4966,14.917
-4.8282,18.257
-13.185,6.5559
-16.211,6.7257
-16.243,5.8387
-19.807,-9.5685
1.6252,10.92
-11.552,-7.9604
1.6654,10.987
-6.3663,-4.788
-4.2519,3.5938
-3.7271,13.367
1.699,13.044
-5.4569,4.2859
2.8319,12.266
-5.3353,13.093
-2.8019,5.3698
-8.6166,13.333
-12.933,-3.2636
-7.0652,4.4399
-11.939,8.5895
-13.239,-5.1054
-19.457,-12.987
-6.0323,-6.376
6.2914,6.4899
6.3382,6.533
1.6306,11.092
-1.5916,2.5673
1.4078,11.085
2.1,12.186
3.5916,13.41
2.6941,12.968
-4.0968,15.629
-14.54,4.8886
5.1334,25.102
3.1724,16.52
3.1061,16.5
-24.058,-11.798
-10.869,0.018737
-22.115,-9.5959
-13.27,9.5256
-13.855,-0.44385
-4.7585,15.005
-12.016,7.0246
-8.5593,17.29
-8.4169,17.408
-8.9242,16.613
-8.9242,16.613
-9.0954,16.577
3.3394,5.7774
-1.6986,2.7183
-5.4726,-1.1101
-6.0524,-6.3965
12.572,-9.9538
-1.4,11.062
-6.1649,-19.467
-9.8078,-8.1584
3.3557,24.448
3.3557,24.447
7.1473,12.65
-17.701,-12.125
-0.029,19.269
-8.7224,13.335
-18.408,2.8436
-5.9424,-6.7672
-8.8977,13.487
-9.2116,12.59
-8.6452,13.314
-11.354,7.6613
19.905,5.8747
4.1959,-8.0974
9.5897,11.565
4.4486,13.092
15.718,6.5349
0.37323,-0.60304
15.74,2.4082
-2.8478,6.5319
5.4983,17.433
-5.7567,12.388
-6.0494,-17.677
21.589,6.4253
4.1932,21.467
4.6037,21.402
-11.581,6.3655
-4.6792,14.805
-0.2329,3.0717
1.7692,4.5395
16.636,10.393
-5.8734,-6.4958
14.304,10.033
12.381,-9.8226
14.296,10.073
13.054,4.1849
14.204,9.9031
14.803,-10.753
10.683,11.228
9.3487,10.159
16.894,4.6994
21.19,5.8335
22.101,5.4576
6.0121,24.901
-8.009,-18.578
5.2852,21.127
22.138,6.4286
-8.5857,11.218
23.314,6.6688
-8.2002,13.335
3.6424,-8.5631
15.962,10.479
-5.9212,-19.492
16.097,6.5578
13.77,11.91
-5.9399,-19.507
14.331,10.134
11.11,3.5471
14.151,-10.792
-0.2843,8.5462
13.358,10.98
12.581,5.773
19.656,3.1457
16.074,6.9271
12.453,-3.082
12.532,5.3183
-0.62752,-3.8123
10.321,-0.075969
-5.9366,-15.137
23.039,4.2302
22.174,5.7489
-0.80737,0.79384
-1.6936,-1.5857
-5.7327,9.5998
-6.4485,7.7827
-0.13558,-12.312
0.65961,1.1578
5.764,2.9664
15.555,-8.8887
15.284,12.41
12.58,-3.383
-3.1789,-11.671
10.918,3.2556
13.894,12.024
16.007,6.4813
14.087,10.211
9.4936,9.5159
18.844,3.1412
7.225,24.732
0.97078,-0.55241
18.931,3.5766
20.794,0.53122
20.45,1.4401
21.466,2.9652
20.456,1.8422
20.423,1.3666
21.404,3.5501
-8.9422,6.0521
13.607,0.844
23.796,7.1805
-5.858,-19.944
11.859,-13.494
12.223,-12.748
1.4619,-9.1641
-5.8926,-19.485
10.596,7.7621
15.317,-7.9044
10.119,-5.5966
11.808,-7.2664
0.53001,-0.58409
10.442,3.4573
14.696,-6.1732
15.457,-0.032563
-5.6583,-15.066
16.29,7.6705
13.819,0.4458
0.34135,-0.97523
-7.3721,7.418
-6.5111,10.877
20.327,1.1533
-5.8271,-15.109
17.42,10.024
15.952,6.3036
19.524,0.12027
18.199,2.0118
10.769,2.6765
-5.1049,-19.425
18.31,2.0073
18.46,2.2545
15.378,0.1481
-5.8918,-19.98
17.634,8.6954
-3.7173,-13.298
18.089,1.888
8.2522,-7.7208
17.986,1.855
-1.4018,-8.6875
-5.8703,-19.488
17.731,0.20881
0.71869,-3.7252
-5.8348,-19.629
5.1165,-2.5291
7.2608,3.2527
-5.6929,-19.57
-0.80231,-8.4379
-5.5116,-15.173
19.746,0.0098336
12.605,2.5835
3.8101,-11.727
11.914,-12.974
9.4048,-15.649
3.14,-1.6296
21.911,-2.0255
-1.2957,-8.7013
-2.6853,-12.949
-1.2596,-8.7228
18.246,1.0142
19.814,-0.062729
5.5318,-18.741
-4.0067,-19.545
9.412,-15.576
13.189,-6.3167
20.257,-0.11753
11.252,1.0796
5.6126,-2.8371
-5.8707,-20.004
-5.6281,-19.538
-0.84804,-13.059
-4.1537,-19.612
20.292,-0.15076
-1.0231,-8.7833
-3.0815,-13.018
-6.1823,7.6451
3.4957,-16.301
-4.1951,-19.45
0.24501,-16.63
0.24474,-16.63
-0.17961,-16.646
-0.53734,-16.662
-0.32543,-16.633
-0.30598,-16.65
4.0883,-4.4613
4.8058,-3.055
20.47,0.081208
5.2687,-3.0237
-3.2231,-16.155
-0.059559,-16.868
17.544,-3.0595
0.63219,-16.766
0.57823,-16.753
0.4086,-16.667
-1.09,-13.333
0.92088,-17.133
0.62445,-16.799
3.9224,-4.6412
5.5642,-3.1544
1.5664,-17.709
9.4884,-9.7623
0.93368,-16.918
3.2062,-4.7573
5.1222,-3.462
1.892,-18.477
-2.2426,-18.953
-2.254,-19.017
1.8858,-20.602
-2.1586,-18.933
-2.0958,-18.923
-2.0471,-18.956
3.1481,-19.621
2.8941,-19.583
-0.10136,-17.669
-1.2365,-17.663
0.67252,-18.766
-0.49758,-19.154
-0.02734,-25.467
0.14775,-25.302
-1.6061,-17.904
3.0685,-4.819
-4.2905,-19.979
-0.10187,-25.55
-0.099968,-25.55
-0.025446,-25.475
-0.051557,-25.483
-0.68313,-19.156
-0.004388,-25.451
-0.013572,-25.522
6.1049,-19.748
0.00057396,-25.471
-0.00050655,-25.511
-0.070195,-25.562
-0.077035,-25.575
-0.082968,-25.585
-0.1591,-25.942
-0.072824,-25.578
-0.16262,-25.92
4.9389,-5.1293
-0.14492,-25.829
-0.15583,-25.924
-0.15549,-25.955
-0.15282,-25.965
-16.716,-4.8433
-19.98,-10.122
-16.103,-9.9388
-5.5857,2.2842
-7.0108,0.80059
0.1819,13.086
-2.3549,10.571
-5.8855,-6.5175
-18.263,-12.116
16.606,3.9893
10.438,13.726
4.6385,11.044
0.4225,-0.47548
-5.928,-19.483
-5.4747,-19.494
12.264,-11.889
2.7341,-10.089
15.873,-8.3582
18.305,2.2758
-7.0947,8.2142
3.6924,-16.393
-0.84803,-13.059
-2.4196,-16.961
-0.50368,-19.179
6.3749,-20.052
0.003364,-25.48
-24.513,-6.844
-5.9638,-19.473
-0.11472,-25.791
-24.987,-8.309
4.7313,12.395
3.0756,20.519
0.020862,2.2505
12.717,-4.0569
-18.004,6.0373
-13.031,-3.8693
-9.3168,12.951
11.972,12.613
1.0727,10.558
0.61734,3.4627
6.3173,6.5349
-5.957,-6.3431
4.7677,13.535
3.6315,10.929
3.3885,16.748
3.4429,24.478
-7.1594,10.629
4.5331,11.817
-3.536,-2.8892
12.196,12.431
12.19,-9.8595
6.4755,6.4198
-0.1398,3.17
-10.599,-8.0588
9.2981,9.6623
-0.16551,-25.916
-15.873,-0.070617
21.524,8.6872
-6.5178,0.5825
-4.7615,-14.428
0.0061674,-25.457
3.2559,21.548
0.87777,20.716
6.7229,6.4615
21.955,8.2958
11.043,-1.1133
0.87777,20.716
8.6828,-7.694
-0.1577,-25.944
-9.2118,6.5565
15.216,0.64375
21.725,5.0249
-21.895,-1.9776
-14.802,19.179
15.892,-8.4812
-1.061,-13.042
-0.14597,2.9442
-1.2328,-12.956
-0.16068,-25.882
6.9264,-15.951
-16.102,-3.2297
4.1432,-3.5849
23.488,5.2953
-4.5281,-3.1486
-10.946,-0.035563
-0.14645,-25.918
-0.15084,-25.992
0.037829,-25.462
-16.857,-10.027
-0.14077,-25.839
-0.14957,-25.997
-4.0218,-4.436
-18.59,-11.204
-2.2033,20.274
-16.103,-9.9387
-4.1618,-13.305
-0.1497,-25.997
-0.1504,-25.995
-5.9815,-20.187
17.777,9.3041
0.21315,19.395
0.07264,13.067
-16.8,5.1263
-18.773,6.6585
-5.9638,-19.473
22.007,8.2357
-9.0018,19.368
9.3374,11.307
1.3188,5.371
-0.21136,3.5808
-0.21136,3.5808
21.5,-4.17
19.033,7.3208
-12.177,10.416
-12.177,10.417
-3.0579,-16.372
-6.1735,-6.4143
-24.214,-4.6968
-20.738,-2.9914
-0.15746,-25.95
-19.464,2.6899
-19.464,2.6898
-15.48,10.207
-0.071047,-25.657
-2.0524,9.2043
0.23961,5.6906
0.23951,5.6904
-16.779,-8.8746
1.7089,19.059
1.7091,19.066
20.968,-6.5372
20.968,-6.5373
-0.14864,-25.938
1.0936,12.197
11.11,19.44
-10.872,11.218
-10.872,11.218
-9.2346,19.275
0.266,12.99
19.818,5.7566
5.2441,-12.622
5.2441,-12.621
5.244,-12.622
5.2441,-12.623
9.7693,-17.424
9.7689,-17.424
-10.353,8.5891
-10.353,8.5896
17.769,6.8849
22.007,8.2357
-15.635,-0.06148
-15.519,-0.24695
-15.337,-0.26531
-15.337,-0.26531
-0.75964,-2.1322
1.8478,4.4999
1.8478,4.4997
4.0623,11.75
4.0622,11.75
-6.0571,-19.555
-5.405,2.1475
10.604,-0.38144
1.3533,19.25
6.1883,6.4831
6.1886,6.4829
-18.616,-11.136
-8.7817,7.1695
0.022587,2.2725
0.022578,2.2725
9.2005,-1.6464
9.2005,-1.6464
-18.481,-0.14406
5.9979,6.5287
5.998,6.5287
0.021992,18.97
0.18784,-3.2376
0.25096,-1.1514
15.507,-5.4784
-2.3139,-3.7367
16.237,0.79219
11.841,16.972
11.841,16.972
-4.204,-4.4345
-0.010831,-25.513
12.591,-3.2149
-24.78,-6.6392
-0.14835,-25.992
-0.15441,-25.965
-3.865,-19.847
0.094123,-12.658
6.2072,-18.888
4.1133,-17.018
3.0393,-10.082
-0.087068,-25.577
8.6486,-17.448
-12.299,-9.0451
3.8037,24.664
-22.371,-9.1567
-1.717,-1.6218
12.576,-16.711
7.5549,-6.7613
-6.1369,-0.22146
6.1468,-11.51
12.357,-6.4102
3.4526,-9.9702
12.591,-8.9099
-0.45585,-19.205
-1.3642,-1.5041
-17.474,-12.386
-5.3336,-19.256
11.802,-13.003
-17.58,-9.6469
-0.8063,-12.767
-0.033877,-25.55
3.5319,-10.581
2.5682,-9.2729
7.5205,11.788
20.927,-3.4627
6.2167,-13.537
-0.14687,-25.931
5.953,-19.425
0.34403,-6.8151
-19.378,-12.804
5.3631,-3.4877
0.00044731,-25.552
20.345,4.9264
-0.15043,-25.995
-6.7382,-9.6309
0.37126,-6.8609
-6.0093,-6.4654
-0.93681,-12.755
2.8032,2.6587
5.8887,-19.101
-5.9067,-6.5436
-8.9064,6.0003
-0.15419,-25.891
-4.5861,-19.88
13.078,4.223
9.1763,-6.9802
-12.812,15.817
2.6362,-10.964
-3.0211,-8.1236
12.413,-14.811
3.1122,-10.193
-0.57716,-12.706
-16.212,-9.9195
0.99341,0.87647
0.040733,-25.466
6.2559,-4.8536
-18.347,-12.899
9.1314,15.272
9.2586,-12.056
-5.9415,-6.6288
1.6435,-4.757
0.15205,19.092
-8.6198,1.0367
6.9156,22.387
9.8157,0.09376
0.14856,19.099
-0.070078,-25.505
-19.333,-8.5694
0.00052752,-25.489
-0.63722,-12.727
-0.6253,-12.902
-5.9961,-6.4527
5.2053,-19.409
-2.912,-11.537
-0.4622,1.2758
0.76742,2.3433
0.0068734,-6.7153
-4.5329,-13.477
-18.401,-12.985
-6.1463,-19.516
7.106,-5.9641
-4.722,14.519
-4.6263,-13.512
-15.946,-8.7629
2.9569,-10.018
13.74,-7.7673
-0.15041,-25.992
-0.50679,-8.5543
-5.6047,-0.65164
-0.15365,-25.953
-0.22444,-12.837
-0.69992,-4.0102
-5.8747,-19.553
0.012833,-25.484
-0.3709,-12.608
12.58,-16.804
-0.63708,-12.985
0.048871,-25.502
-21.901,-1.6854
3.6775,5.8238
8.1782,4.8504
8.3712,-18.667
-6.0912,-6.4335
-7.2722,7.9546
13.692,-7.0506
-5.9667,-19.52
0.078207,-0.63353
8.5866,12.765
-0.34709,-12.973
-0.097254,-12.499
2.51,-11.661
-0.16815,-25.945
-14.655,-9.9738
3.3906,-0.97945
-1.3698,4.7362
-0.15327,-25.948
-0.00080504,-25.54
-7.8999,-3.286
-1.0998,-18.508
-3.9412,-13.301
-5.8491,-19.601
2.1312,-17.627
-9.9618,0.025269
6.1606,-19.692
-8.9611,5.9989
6.2193,-16.875
3.2996,-11.249
2.5647,-13.251
15.772,6.2059
7.3862,-14.243
-0.010842,-25.491
4.0111,-13.549
2.2562,-10.989
-4.0324,13.709
8.3589,-7.4302
6.4595,-17.626
-4.0381,-18.839
-0.013819,-25.565
-0.17333,-12.363
-0.326,-3.1159
6.1887,-19.719
3.6074,9.9343
16.873,0.49457
2.678,-4.2467
15.01,5.0393
0.10129,-6.2265
-0.0095486,-25.515
0.12111,-6.1665
-0.42289,-12.985
2.6239,-3.1605
-6.457,7.7715
-24.905,-7.1425
-3.0058,3.0308
-18.448,-12.855
12.44,-6.4313
-19.133,2.7413
3.0754,20.518
15.407,6.0586
-20.235,-8.8917
9.9071,-6.9348
-18.272,6.8373
15.757,-13.017
-4.3006,-19.909
5.8476,17.227
11.622,9.6205
-10.663,-0.35801
-3.2057,-13.292
-0.14996,-25.85
-0.15992,-25.922
3.3598,-0.88254
12.405,13.202
-8.7846,6.1418
-0.14731,-25.852
-19.247,-0.035722
-19.539,-12.927
7.1931,21.537
8.9422,14.438
15.387,9.1088
-10.909,-2.7872
3.1634,16.417
7.6896,24.098
-0.13597,-25.808
20.574,0.18284
-0.1596,-25.874
-0.067709,-25.633
-0.46849,-19.044
-18.739,-8.2414
9.5764,19.817
-0.15663,-25.963
-0.99646,-13.071
15.273,1.3032
-0.97256,-18.851
-0.21676,-12.84
3.0076,-11.087
12.696,-15.844
6.1638,-19.564
4.3981,-7.7945
12.491,-16.817
21.837,-2.149
-7.3729,-3.812
12.055,-14.087
9.9777,18.607
12.067,-8.126
20.157,0.81671
-11.637,12.092
2.8522,-19.523
-19.552,-11.201
10.747,2.4828
9.1449,9.7699
19.735,0.039964
21.5,-4.17
14.946,6.48
20.03,0.78052
15.7,6.2808
-14.87,-5.5791
-11.843,-7.2132
-5.8889,-19.961
-2.3768,-17.337
-0.17358,-25.838
-9.2526,-6.6794
-7.55,-10.611
-9.4259,-6.3344
-0.68719,6.7111
-18.299,-5.1363
21.493,3.199
5.6221,-3.4494
-4.6507,-18.284
12.572,2.5571
12.568,2.5539
-17.929,-10.206
0.038527,-25.476
-3.0567,-7.9571
-6.7362,-9.6308
10.551,19.644
-0.062593,-25.659
9.2255,15.138
-23.368,-2.8193
-17.275,-10.713
-23.747,-3.3625
-14.391,-9.7947
-8.3232,5.4841
0.5083,-0.74011
-4.1508,-19.755
-1.9868,-9.1283
-0.0063285,-25.566
-23.81,-8.1222
4.8217,-18.716
-0.24109,3.527
0.03362,2.2241
6.9054,-5.2519
-2.5695,-13.093
3.6411,0.38901
-16.78,-8.8711
12.219,-12.815
17.821,6.807
6.0173,-19.397
-5.828,-19.642
3.5221,0.21966
-5.6409,-6.6191
0.02926,2.2714
9.4321,15.21
6.3625,-17.5
3.8573,-4.8016
3.3193,-4.793
-0.78095,-18.988
-13.303,-1.0142
0.0028513,-25.492
-0.099188,-25.773
-5.6546,12.467
-8.911,-5.2574
6.5861,6.5192
5.6679,-18.89
7.7668,-2.1614
0.18255,-6.477
1.5205,-11.893
6.2415,-19.567
-0.6413,4.5073
-1.5774,-7.2307
-2.687,-12.982
2.9613,-10.226
-5.249,-19.505
6.8964,-10.131
6.3298,-17.15
4.0193,-12.674
5.2803,-3.752
12.568,-15.186
-5.7573,-19.579
-2.545,-13.064
-4.5394,-17.233
-20.049,-10.093
-0.01569,-25.339
-0.15016,-25.997
0.001001,-25.495
10.927,18.122
-17.208,-5.8758
2.4339,-13.168
16.191,-6.0192
7.5015,-14.226
-12.35,6.2955
-17.111,12.839
0.038372,-25.403
1.2999,12.607
1.5595,-18.205
4.2362,-8.1451
-1.642,-6.9539
15.749,-13.019
-2.5484,-16.792
-0.057843,-25.639
-13.101,6.3583
0.32819,-0.8771
6.2223,-19.592
-3.2122,4.2265
-16.959,-11.406
-2.05,-19.033
5.1064,-15.111
6.4483,-12.678
-0.66702,-17.519
-4.5271,-14.622
-0.15969,-25.916
-0.16348,-25.884
-0.14043,-25.845
-0.14811,-25.924
-0.0054517,-25.556
16.297,-0.67109
-5.8918,-19.98
-0.7841,11.918
1.3157,-4.5616
0.042865,-25.476
-0.15138,-25.845
-2.5163,-16.236
0.039338,-25.484
23.647,5.9057
-4.4818,-14.593
0.31602,-18.029
-0.15296,-25.777
-6.1952,-6.4969
0.0024952,-25.492
-3.2825,-16.439
-12.391,9.4387
18.667,-0.065676
0.020225,-25.444
-3.1283,0.42489
-0.16234,-25.874
-24.017,-11.751
10.172,-14.439
3.3677,2.7982
-12.688,5.7056
21.731,8.4532
10.21,-17.908
5.7183,-3.6132
0.050052,-25.452
-24.907,-7.162
-6.012,-6.3785
-5.5957,-19.518
6.1087,-9.6373
3.9821,-12.842
-0.32996,-12.893
12.838,-16.052
-8.0134,6.5975
15.872,6.1579
-18.265,-0.38912
-6.1116,-5.9288
0.84214,-11.401
0.0022495,-25.374
16.222,-6.8586
-5.8764,-19.635
6.2275,-19.049
6.3311,-0.82699
-0.62018,-12.436
0.010045,-25.522
8.4444,-7.524
-1.6136,-9.0174
6.191,-13.627
0.45138,-18.286
-6.2352,-9.4314
6.3863,-16.123
6.1956,-17.526
-2.1128,-8.7804
-0.85639,-12.826
-0.61482,-12.867
7.1814,-5.5415
-0.034725,-13.003
2.4177,-12.819
3.2374,-9.6081
-0.1859,-3.1611
0.11831,-6.2779
2.7208,16.117
2.4689,2.1756
0.059211,-12.376
-11.716,-8.2724
1.2268,-13.817
-6.3608,-9.7489
0.021132,-12.2
13.714,-7.2937
-6.2617,11.654
12.162,-12.893
1.4536,12.442
2.9681,-10.807
-0.012752,-25.542
-0.15857,-25.962
-0.1503,-25.996
7.4976,-14.249
-0.062135,-13.135
-0.91281,15.813
-0.16529,-12.578
-16.687,-5.5454
11.935,-13.025
7.1122,-5.9807
7.6937,-11.979
7.8685,-6.4308
10.524,-14.657
-0.15447,-25.953
11.959,-13.027
-0.014023,-25.568
0.1215,-6.3016
13.713,-4.4501
-2.4946,-16.627
7.3251,-5.6457
0.0027022,-25.482
12.291,4.9882
-0.45818,-19.18
15.655,-7.0069
6.3647,-13.812
13.81,-5.7927
12.36,-10.469
-5.6442,-19.938
-0.37467,-12.417
-0.15536,-25.963
-0.15722,-25.95
-0.99747,-13.088
-0.41167,-12.478
-18.783,-5.2705
-0.0095177,-25.557
13.619,-6.93
0.78463,0.93663
-0.61599,-12.907
5.5744,-17.473
0.67053,3.5129
13.806,0.4021
9.0908,-7.6088
-0.01241,-25.535
-0.15024,-25.997
-3.0462,-0.057568
-4.1349,-13.345
-0.80412,-2.6705
-0.22795,-13.047
-23.614,-3.1677
-0.39981,-12.767
-2.5282,-13.103
-0.46891,-12.576
12.14,-14.357
-20.041,-9.6132
8.6113,-18.299
0.068354,-6.4831
-0.56707,-3.5683
1.574,1.1053
0.67415,-4.0057
-1.2397,6.1438
-0.1508,-25.991
4.611,4.1045
3.6117,-16.017
-1.6692,-6.9396
7.6714,3.2484
-2.2485,10.224
-0.082783,-0.21501
-0.57788,-12.786
3.9753,-3.6653
2.5593,0.12337
-1.5602,-8.1162
-0.89687,-13.033
9.6142,-9.7218
-0.42586,-12.663
-15.323,-9.8787
-0.14076,-25.887
7.8612,-17.852
6.0896,-19.496
0.08226,-6.4499
7.6873,-4.6414
-0.14956,-25.997
-0.034618,-13.149
-17.296,-10.596
1.5393,-9.241
-1.3084,-8.0426
-3.4166,2.7707
-0.18701,-12.791
-0.017819,-25.476
-0.014033,-25.282
-4.9232,-18.461
11.039,-4.2441
1.5816,-8.2996
-6.2399,-9.4124
-2.2158,-2.4953
3.9733,-13.863
-0.15023,-25.994
7.5302,-7.092
-3.0873,-11.708
-5.809,-8.9069
3.0838,3.6518
2.9091,-4.6568
7.5532,-8.3084
6.331,-20.308
2.857,-11.357
-0.0095031,-12.36
5.2164,-17.49
2.6081,-4.9647
-6.0878,-6.4399
-3.4793,-13.753
6.2543,-19.43
17.647,-10.167
-0.14902,-25.995
-0.14817,-25.992
4.4907,-17.743
-22.839,-11.021
9.117,-17.689
-0.0038056,-25.47
0.27503,-12.761
-6.982,-10.225
-5.8209,-6.527
-0.96065,-7.7438
4.1478,-11.053
-1.7541,-1.6901
5.9881,-13.347
-13.269,-1.272
0.38187,-0.66407
-18.821,-2.4432
5.2679,17.162
-1.5133,1.8685
0.34102,-6.8449
6.7469,-12.348
2.4141,-11.743
-6.1556,3.7245
0.12226,-12.693
6.097,-19.2
-0.14824,-25.992
-0.54703,-12.473
0.075518,-6.2634
-3.7679,-19.777
12.369,-8.6643
-0.8741,-13.057
9.5729,-9.8119
9.3215,-9.7743
-23.611,-3.0617
7.2533,-5.7271
-0.10607,-25.529
-0.16063,-25.825
18.636,-0.1066
-24.712,-6.4219
9.5338,-6.3085
-0.88988,-13.014
11.836,-18.596
-0.015257,1.1338
4.3132,-10.62
-5.5846,-19.473
-0.63644,-12.54
0.25684,-0.93003
4.1762,-14.139
-0.14192,-13.015
3.1638,-10.208
3.8967,-16.552
12.044,-14.466
-0.20496,-13.173
4.7421,-17.576
3.1391,-10.941
-0.6695,-13.029
9.6527,-6.3206
2.9857,-4.3475
-0.15573,-25.916
9.7699,-6.8916
9.0013,-7.7532
0.0087509,-12.909
0.0019247,-25.496
11.908,-13.001
0.13134,-12.663
-0.16303,-25.851
7.2321,-5.7287
-0.85705,-12.829
7.7995,-8.0965
-0.9177,-12.937
-0.37527,-12.937
11.946,-12.989
-0.1574,-25.863
7.9482,-6.8622
6.705,-5.3553
-5.9896,-6.4397
17.629,-2.9138
-0.14992,-25.998
-0.77735,-12.792
-4.456,-14.551
-0.15772,-25.95
-0.15676,-25.894
-18.424,-11.872
3.6197,-11.933
-0.15489,-25.954
-6.0832,-6.3835
-0.15294,-25.957
-6.3626,-0.22821
7.005,-16.16
8.4761,-15.803
-12.382,-1.1082
3.322,-13.345
5.6882,17.095
3.5774,10.708
3.0993,-13.338
3.253,16.729
2.8436,16.099
-18.487,-10.885
1.5241,13.418
3.9864,-13.944
-8.3233,5.4842
